,XK
2013-01-01 00:00:00,992.0
2013-01-01 01:00:00,940.088888888889
2013-01-01 02:00:00,882.3111111111111
2013-01-01 03:00:00,830.7555555555556
2013-01-01 04:00:00,802.6666666666667
2013-01-01 05:00:00,793.0666666666667
2013-01-01 06:00:00,781.6888888888889
2013-01-01 07:00:00,816.5333333333334
2013-01-01 08:00:00,873.9555555555556
2013-01-01 09:00:00,903.6444444444444
2013-01-01 10:00:00,929.2444444444444
2013-01-01 11:00:00,937.7777777777778
2013-01-01 12:00:00,932.9777777777778
2013-01-01 13:00:00,908.2666666666668
2013-01-01 14:00:00,920.0
2013-01-01 15:00:00,1000.0
2013-01-01 16:00:00,1040.5333333333333
2013-01-01 17:00:00,1045.5111111111112
2013-01-01 18:00:00,1040.888888888889
2013-01-01 19:00:00,1027.3777777777775
2013-01-01 20:00:00,1016.7111111111112
2013-01-01 21:00:00,1005.5111111111112
2013-01-01 22:00:00,977.4222222222222
2013-01-01 23:00:00,972.4444444444443
2013-01-02 00:00:00,913.2444444444444
2013-01-02 01:00:00,848.8888888888889
2013-01-02 02:00:00,813.3333333333334
2013-01-02 03:00:00,785.7777777777778
2013-01-02 04:00:00,779.5555555555555
2013-01-02 05:00:00,809.7777777777778
2013-01-02 06:00:00,842.3111111111111
2013-01-02 07:00:00,899.0222222222222
2013-01-02 08:00:00,954.8444444444444
2013-01-02 09:00:00,974.5777777777778
2013-01-02 10:00:00,986.1333333333332
2013-01-02 11:00:00,974.0444444444444
2013-01-02 12:00:00,960.3555555555556
2013-01-02 13:00:00,947.2
2013-01-02 14:00:00,950.7555555555556
2013-01-02 15:00:00,1046.4
2013-01-02 16:00:00,1082.8444444444444
2013-01-02 17:00:00,1076.088888888889
2013-01-02 18:00:00,1073.9555555555555
2013-01-02 19:00:00,1055.111111111111
2013-01-02 20:00:00,1049.7777777777778
2013-01-02 21:00:00,1036.4444444444446
2013-01-02 22:00:00,1021.3333333333334
2013-01-02 23:00:00,992.7111111111112
2013-01-03 00:00:00,921.7777777777778
2013-01-03 01:00:00,846.9333333333334
2013-01-03 02:00:00,806.7555555555556
2013-01-03 03:00:00,783.1111111111111
2013-01-03 04:00:00,796.9777777777778
2013-01-03 05:00:00,854.9333333333334
2013-01-03 06:00:00,916.9777777777778
2013-01-03 07:00:00,974.5777777777778
2013-01-03 08:00:00,1016.7111111111112
2013-01-03 09:00:00,1016.1777777777778
2013-01-03 10:00:00,1021.3333333333334
2013-01-03 11:00:00,1007.1111111111112
2013-01-03 12:00:00,987.2
2013-01-03 13:00:00,965.8666666666668
2013-01-03 14:00:00,979.2
2013-01-03 15:00:00,1072.7111111111112
2013-01-03 16:00:00,1126.4
2013-01-03 17:00:00,1127.6444444444444
2013-01-03 18:00:00,1121.7777777777778
2013-01-03 19:00:00,1093.3333333333337
2013-01-03 20:00:00,1075.5555555555557
2013-01-03 21:00:00,1056.5333333333333
2013-01-03 22:00:00,1026.4888888888888
2013-01-03 23:00:00,986.6666666666669
2013-01-04 00:00:00,916.088888888889
2013-01-04 01:00:00,843.5555555555555
2013-01-04 02:00:00,797.6888888888889
2013-01-04 03:00:00,775.6444444444445
2013-01-04 04:00:00,794.4888888888889
2013-01-04 05:00:00,846.5777777777778
2013-01-04 06:00:00,913.4222222222222
2013-01-04 07:00:00,979.2
2013-01-04 08:00:00,1003.2
2013-01-04 09:00:00,1012.088888888889
2013-01-04 10:00:00,1009.4222222222222
2013-01-04 11:00:00,993.0666666666668
2013-01-04 12:00:00,988.8
2013-01-04 13:00:00,979.7333333333332
2013-01-04 14:00:00,994.8444444444444
2013-01-04 15:00:00,1063.4666666666667
2013-01-04 16:00:00,1104.3555555555556
2013-01-04 17:00:00,1103.6444444444444
2013-01-04 18:00:00,1097.4222222222222
2013-01-04 19:00:00,1062.0444444444445
2013-01-04 20:00:00,1033.0666666666666
2013-01-04 21:00:00,1035.2
2013-01-04 22:00:00,994.4888888888888
2013-01-04 23:00:00,965.5111111111112
2013-01-05 00:00:00,888.7111111111111
2013-01-05 01:00:00,819.9111111111112
2013-01-05 02:00:00,774.0444444444445
2013-01-05 03:00:00,754.3111111111111
2013-01-05 04:00:00,756.8000000000001
2013-01-05 05:00:00,794.6666666666667
2013-01-05 06:00:00,844.9777777777778
2013-01-05 07:00:00,915.2
2013-01-05 08:00:00,967.2888888888888
2013-01-05 09:00:00,990.7555555555556
2013-01-05 10:00:00,1002.1333333333332
2013-01-05 11:00:00,1015.4666666666668
2013-01-05 12:00:00,1015.1111111111112
2013-01-05 13:00:00,1007.6444444444444
2013-01-05 14:00:00,1014.2222222222224
2013-01-05 15:00:00,1081.6
2013-01-05 16:00:00,1111.4666666666667
2013-01-05 17:00:00,1122.4888888888888
2013-01-05 18:00:00,1119.288888888889
2013-01-05 19:00:00,1088.177777777778
2013-01-05 20:00:00,1065.7777777777778
2013-01-05 21:00:00,1030.0444444444445
2013-01-05 22:00:00,999.2888888888888
2013-01-05 23:00:00,966.0444444444444
2013-01-06 00:00:00,894.2222222222223
2013-01-06 01:00:00,816.3555555555556
2013-01-06 02:00:00,769.2444444444445
2013-01-06 03:00:00,739.5555555555555
2013-01-06 04:00:00,741.1555555555556
2013-01-06 05:00:00,777.0666666666667
2013-01-06 06:00:00,808.8888888888889
2013-01-06 07:00:00,874.3111111111111
2013-01-06 08:00:00,938.3111111111112
2013-01-06 09:00:00,976.0
2013-01-06 10:00:00,1013.5111111111112
2013-01-06 11:00:00,1025.2444444444443
2013-01-06 12:00:00,1027.911111111111
2013-01-06 13:00:00,1014.2222222222224
2013-01-06 14:00:00,1021.5111111111112
2013-01-06 15:00:00,1085.3333333333337
2013-01-06 16:00:00,1111.288888888889
2013-01-06 17:00:00,1093.1555555555556
2013-01-06 18:00:00,1076.977777777778
2013-01-06 19:00:00,1064.177777777778
2013-01-06 20:00:00,1038.9333333333334
2013-01-06 21:00:00,1039.6444444444444
2013-01-06 22:00:00,997.5111111111112
2013-01-06 23:00:00,970.8444444444444
2013-01-07 00:00:00,895.4666666666667
2013-01-07 01:00:00,825.4222222222222
2013-01-07 02:00:00,781.6888888888889
2013-01-07 03:00:00,764.6222222222223
2013-01-07 04:00:00,768.8888888888889
2013-01-07 05:00:00,819.2
2013-01-07 06:00:00,862.5777777777778
2013-01-07 07:00:00,932.8
2013-01-07 08:00:00,977.7777777777778
2013-01-07 09:00:00,978.1333333333332
2013-01-07 10:00:00,971.377777777778
2013-01-07 11:00:00,942.7555555555556
2013-01-07 12:00:00,905.7777777777778
2013-01-07 13:00:00,881.2444444444445
2013-01-07 14:00:00,873.4222222222222
2013-01-07 15:00:00,954.1333333333332
2013-01-07 16:00:00,1012.2666666666668
2013-01-07 17:00:00,1038.0444444444445
2013-01-07 18:00:00,1047.8222222222223
2013-01-07 19:00:00,1042.1333333333334
2013-01-07 20:00:00,1035.911111111111
2013-01-07 21:00:00,1026.3111111111111
2013-01-07 22:00:00,1001.7777777777778
2013-01-07 23:00:00,966.4
2013-01-08 00:00:00,897.7777777777778
2013-01-08 01:00:00,840.1777777777778
2013-01-08 02:00:00,800.0
2013-01-08 03:00:00,782.9333333333334
2013-01-08 04:00:00,803.2
2013-01-08 05:00:00,878.4
2013-01-08 06:00:00,975.8222222222224
2013-01-08 07:00:00,1037.3333333333337
2013-01-08 08:00:00,1063.288888888889
2013-01-08 09:00:00,1059.5555555555557
2013-01-08 10:00:00,1048.177777777778
2013-01-08 11:00:00,1037.6888888888889
2013-01-08 12:00:00,1020.088888888889
2013-01-08 13:00:00,1013.8666666666668
2013-01-08 14:00:00,1025.7777777777778
2013-01-08 15:00:00,1105.7777777777778
2013-01-08 16:00:00,1166.7555555555557
2013-01-08 17:00:00,1167.111111111111
2013-01-08 18:00:00,1163.5555555555557
2013-01-08 19:00:00,1145.2444444444443
2013-01-08 20:00:00,1115.3777777777775
2013-01-08 21:00:00,1111.8222222222223
2013-01-08 22:00:00,1072.888888888889
2013-01-08 23:00:00,1037.3333333333337
2013-01-09 00:00:00,967.8222222222224
2013-01-09 01:00:00,900.6222222222223
2013-01-09 02:00:00,864.8888888888889
2013-01-09 03:00:00,847.1111111111112
2013-01-09 04:00:00,861.1555555555556
2013-01-09 05:00:00,935.4666666666668
2013-01-09 06:00:00,1028.088888888889
2013-01-09 07:00:00,1083.3777777777775
2013-01-09 08:00:00,1119.8222222222223
2013-01-09 09:00:00,1120.888888888889
2013-01-09 10:00:00,1118.2222222222222
2013-01-09 11:00:00,1109.5111111111112
2013-01-09 12:00:00,1101.5111111111112
2013-01-09 13:00:00,1085.3333333333337
2013-01-09 14:00:00,1091.7333333333331
2013-01-09 15:00:00,1146.3111111111111
2013-01-09 16:00:00,1180.977777777778
2013-01-09 17:00:00,1187.3777777777775
2013-01-09 18:00:00,1165.5111111111112
2013-01-09 19:00:00,1141.1555555555556
2013-01-09 20:00:00,1136.5333333333333
2013-01-09 21:00:00,1121.0666666666666
2013-01-09 22:00:00,1093.6888888888889
2013-01-09 23:00:00,1057.0666666666666
2013-01-10 00:00:00,988.8
2013-01-10 01:00:00,915.2
2013-01-10 02:00:00,870.7555555555556
2013-01-10 03:00:00,858.8444444444444
2013-01-10 04:00:00,872.5333333333334
2013-01-10 05:00:00,958.7555555555556
2013-01-10 06:00:00,1039.8222222222223
2013-01-10 07:00:00,1089.2444444444443
2013-01-10 08:00:00,1125.3333333333337
2013-01-10 09:00:00,1120.7111111111112
2013-01-10 10:00:00,1118.9333333333334
2013-01-10 11:00:00,1104.888888888889
2013-01-10 12:00:00,1096.0
2013-01-10 13:00:00,1083.0222222222224
2013-01-10 14:00:00,1094.0444444444445
2013-01-10 15:00:00,1157.6888888888889
2013-01-10 16:00:00,1168.3555555555556
2013-01-10 17:00:00,1172.8
2013-01-10 18:00:00,1170.4888888888888
2013-01-10 19:00:00,1150.0444444444445
2013-01-10 20:00:00,1117.5111111111112
2013-01-10 21:00:00,1100.4444444444446
2013-01-10 22:00:00,1071.111111111111
2013-01-10 23:00:00,1038.5777777777778
2013-01-11 00:00:00,960.0
2013-01-11 01:00:00,889.9555555555556
2013-01-11 02:00:00,842.8444444444444
2013-01-11 03:00:00,826.4888888888889
2013-01-11 04:00:00,844.8000000000001
2013-01-11 05:00:00,917.8666666666668
2013-01-11 06:00:00,1002.6666666666669
2013-01-11 07:00:00,1063.111111111111
2013-01-11 08:00:00,1084.2666666666669
2013-01-11 09:00:00,1077.8666666666668
2013-01-11 10:00:00,1061.6888888888889
2013-01-11 11:00:00,1046.4
2013-01-11 12:00:00,1037.8666666666668
2013-01-11 13:00:00,1018.3111111111112
2013-01-11 14:00:00,1025.6
2013-01-11 15:00:00,1102.0444444444445
2013-01-11 16:00:00,1137.9555555555555
2013-01-11 17:00:00,1146.8444444444444
2013-01-11 18:00:00,1137.6
2013-01-11 19:00:00,1119.6444444444444
2013-01-11 20:00:00,1097.0666666666666
2013-01-11 21:00:00,1074.1333333333334
2013-01-11 22:00:00,1044.8
2013-01-11 23:00:00,1007.8222222222224
2013-01-12 00:00:00,937.9555555555556
2013-01-12 01:00:00,873.4222222222222
2013-01-12 02:00:00,832.1777777777778
2013-01-12 03:00:00,808.5333333333334
2013-01-12 04:00:00,814.9333333333334
2013-01-12 05:00:00,854.0444444444445
2013-01-12 06:00:00,908.8
2013-01-12 07:00:00,988.8
2013-01-12 08:00:00,1037.3333333333337
2013-01-12 09:00:00,1053.1555555555556
2013-01-12 10:00:00,1048.5333333333333
2013-01-12 11:00:00,1049.0666666666666
2013-01-12 12:00:00,1011.9111111111112
2013-01-12 13:00:00,1007.6444444444444
2013-01-12 14:00:00,1005.3333333333334
2013-01-12 15:00:00,1074.8444444444444
2013-01-12 16:00:00,1123.911111111111
2013-01-12 17:00:00,1123.5555555555557
2013-01-12 18:00:00,1127.4666666666667
2013-01-12 19:00:00,1117.6888888888889
2013-01-12 20:00:00,1094.9333333333334
2013-01-12 21:00:00,1075.5555555555557
2013-01-12 22:00:00,1047.111111111111
2013-01-12 23:00:00,1044.4444444444446
2013-01-13 00:00:00,969.7777777777778
2013-01-13 01:00:00,900.088888888889
2013-01-13 02:00:00,846.2222222222223
2013-01-13 03:00:00,821.8666666666667
2013-01-13 04:00:00,816.1777777777778
2013-01-13 05:00:00,832.1777777777778
2013-01-13 06:00:00,880.1777777777778
2013-01-13 07:00:00,941.3333333333334
2013-01-13 08:00:00,994.3111111111112
2013-01-13 09:00:00,1027.911111111111
2013-01-13 10:00:00,1031.288888888889
2013-01-13 11:00:00,1029.5111111111112
2013-01-13 12:00:00,1030.9333333333334
2013-01-13 13:00:00,1031.111111111111
2013-01-13 14:00:00,1037.1555555555556
2013-01-13 15:00:00,1100.8
2013-01-13 16:00:00,1133.1555555555556
2013-01-13 17:00:00,1140.977777777778
2013-01-13 18:00:00,1146.6666666666667
2013-01-13 19:00:00,1127.4666666666667
2013-01-13 20:00:00,1101.8666666666668
2013-01-13 21:00:00,1079.288888888889
2013-01-13 22:00:00,1009.7777777777778
2013-01-13 23:00:00,1004.8
2013-01-14 00:00:00,960.1777777777778
2013-01-14 01:00:00,901.1555555555556
2013-01-14 02:00:00,856.5333333333334
2013-01-14 03:00:00,828.8000000000001
2013-01-14 04:00:00,829.5111111111112
2013-01-14 05:00:00,883.5555555555555
2013-01-14 06:00:00,949.6888888888888
2013-01-14 07:00:00,1006.5777777777778
2013-01-14 08:00:00,1034.3111111111111
2013-01-14 09:00:00,1044.977777777778
2013-01-14 10:00:00,1056.177777777778
2013-01-14 11:00:00,1070.0444444444445
2013-01-14 12:00:00,1051.7333333333331
2013-01-14 13:00:00,1027.3777777777775
2013-01-14 14:00:00,1033.2444444444443
2013-01-14 15:00:00,1093.3333333333337
2013-01-14 16:00:00,1134.7555555555557
2013-01-14 17:00:00,1140.088888888889
2013-01-14 18:00:00,1136.0
2013-01-14 19:00:00,1127.6444444444444
2013-01-14 20:00:00,1101.1555555555556
2013-01-14 21:00:00,1082.1333333333334
2013-01-14 22:00:00,1027.2
2013-01-14 23:00:00,1002.4888888888888
2013-01-15 00:00:00,925.1555555555556
2013-01-15 01:00:00,852.8000000000001
2013-01-15 02:00:00,814.4
2013-01-15 03:00:00,799.6444444444445
2013-01-15 04:00:00,821.6888888888889
2013-01-15 05:00:00,910.2222222222224
2013-01-15 06:00:00,995.7333333333332
2013-01-15 07:00:00,1046.7555555555557
2013-01-15 08:00:00,1059.7333333333331
2013-01-15 09:00:00,1069.3333333333337
2013-01-15 10:00:00,1061.6888888888889
2013-01-15 11:00:00,1047.288888888889
2013-01-15 12:00:00,1030.7555555555557
2013-01-15 13:00:00,1024.888888888889
2013-01-15 14:00:00,1019.5555555555557
2013-01-15 15:00:00,1091.7333333333331
2013-01-15 16:00:00,1126.9333333333334
2013-01-15 17:00:00,1133.6888888888889
2013-01-15 18:00:00,1126.4
2013-01-15 19:00:00,1113.0666666666666
2013-01-15 20:00:00,1095.111111111111
2013-01-15 21:00:00,1054.5777777777778
2013-01-15 22:00:00,1016.8888888888888
2013-01-15 23:00:00,971.2
2013-01-16 00:00:00,902.4
2013-01-16 01:00:00,835.9111111111112
2013-01-16 02:00:00,792.0
2013-01-16 03:00:00,772.4444444444445
2013-01-16 04:00:00,806.7555555555556
2013-01-16 05:00:00,882.8444444444444
2013-01-16 06:00:00,977.4222222222222
2013-01-16 07:00:00,1014.2222222222224
2013-01-16 08:00:00,1024.7111111111112
2013-01-16 09:00:00,1022.5777777777778
2013-01-16 10:00:00,1012.8
2013-01-16 11:00:00,997.1555555555556
2013-01-16 12:00:00,981.1555555555556
2013-01-16 13:00:00,969.2444444444444
2013-01-16 14:00:00,988.6222222222224
2013-01-16 15:00:00,1052.977777777778
2013-01-16 16:00:00,1123.2
2013-01-16 17:00:00,1119.288888888889
2013-01-16 18:00:00,1107.5555555555557
2013-01-16 19:00:00,1105.0666666666666
2013-01-16 20:00:00,1074.1333333333334
2013-01-16 21:00:00,1053.3333333333337
2013-01-16 22:00:00,994.4888888888888
2013-01-16 23:00:00,964.088888888889
2013-01-17 00:00:00,888.7111111111111
2013-01-17 01:00:00,822.5777777777778
2013-01-17 02:00:00,782.9333333333334
2013-01-17 03:00:00,764.088888888889
2013-01-17 04:00:00,796.9777777777778
2013-01-17 05:00:00,889.2444444444445
2013-01-17 06:00:00,987.0222222222222
2013-01-17 07:00:00,1014.0444444444444
2013-01-17 08:00:00,1033.9555555555555
2013-01-17 09:00:00,1041.7777777777778
2013-01-17 10:00:00,1040.5333333333333
2013-01-17 11:00:00,1028.2666666666669
2013-01-17 12:00:00,1014.7555555555556
2013-01-17 13:00:00,1013.1555555555556
2013-01-17 14:00:00,1026.4888888888888
2013-01-17 15:00:00,1092.4444444444446
2013-01-17 16:00:00,1134.5777777777778
2013-01-17 17:00:00,1139.3777777777775
2013-01-17 18:00:00,1134.5777777777778
2013-01-17 19:00:00,1108.4444444444446
2013-01-17 20:00:00,1082.1333333333334
2013-01-17 21:00:00,1050.4888888888888
2013-01-17 22:00:00,1006.9333333333334
2013-01-17 23:00:00,967.8222222222224
2013-01-18 00:00:00,894.4000000000001
2013-01-18 01:00:00,826.6666666666667
2013-01-18 02:00:00,789.8666666666667
2013-01-18 03:00:00,772.9777777777778
2013-01-18 04:00:00,786.8444444444444
2013-01-18 05:00:00,880.0
2013-01-18 06:00:00,970.8444444444444
2013-01-18 07:00:00,1010.4888888888888
2013-01-18 08:00:00,1034.8444444444444
2013-01-18 09:00:00,1021.3333333333334
2013-01-18 10:00:00,1033.4222222222222
2013-01-18 11:00:00,1051.3777777777775
2013-01-18 12:00:00,1035.2
2013-01-18 13:00:00,1029.1555555555556
2013-01-18 14:00:00,1035.2
2013-01-18 15:00:00,1100.4444444444446
2013-01-18 16:00:00,1124.977777777778
2013-01-18 17:00:00,1142.9333333333334
2013-01-18 18:00:00,1140.2666666666669
2013-01-18 19:00:00,1123.911111111111
2013-01-18 20:00:00,1084.977777777778
2013-01-18 21:00:00,1065.6
2013-01-18 22:00:00,1034.4888888888888
2013-01-18 23:00:00,995.7333333333332
2013-01-19 00:00:00,923.9111111111112
2013-01-19 01:00:00,876.4444444444445
2013-01-19 02:00:00,828.8000000000001
2013-01-19 03:00:00,804.2666666666667
2013-01-19 04:00:00,804.6222222222223
2013-01-19 05:00:00,847.1111111111112
2013-01-19 06:00:00,901.3333333333334
2013-01-19 07:00:00,965.5111111111112
2013-01-19 08:00:00,1009.9555555555556
2013-01-19 09:00:00,1013.3333333333334
2013-01-19 10:00:00,1011.5555555555557
2013-01-19 11:00:00,1006.2222222222224
2013-01-19 12:00:00,983.2888888888888
2013-01-19 13:00:00,966.7555555555556
2013-01-19 14:00:00,964.9777777777778
2013-01-19 15:00:00,1035.0222222222224
2013-01-19 16:00:00,1110.5777777777778
2013-01-19 17:00:00,1120.5333333333333
2013-01-19 18:00:00,1105.4222222222222
2013-01-19 19:00:00,1101.8666666666668
2013-01-19 20:00:00,1066.3111111111111
2013-01-19 21:00:00,1047.288888888889
2013-01-19 22:00:00,1017.9555555555556
2013-01-19 23:00:00,986.1333333333332
2013-01-20 00:00:00,913.7777777777778
2013-01-20 01:00:00,853.8666666666667
2013-01-20 02:00:00,809.7777777777778
2013-01-20 03:00:00,781.1555555555556
2013-01-20 04:00:00,779.0222222222222
2013-01-20 05:00:00,803.5555555555555
2013-01-20 06:00:00,844.6222222222223
2013-01-20 07:00:00,909.1555555555556
2013-01-20 08:00:00,973.688888888889
2013-01-20 09:00:00,997.8666666666668
2013-01-20 10:00:00,1007.6444444444444
2013-01-20 11:00:00,991.6444444444444
2013-01-20 12:00:00,961.2444444444444
2013-01-20 13:00:00,918.5777777777778
2013-01-20 14:00:00,914.8444444444444
2013-01-20 15:00:00,972.2666666666668
2013-01-20 16:00:00,1032.7111111111112
2013-01-20 17:00:00,1038.2222222222222
2013-01-20 18:00:00,1039.6444444444444
2013-01-20 19:00:00,1029.5111111111112
2013-01-20 20:00:00,1009.0666666666668
2013-01-20 21:00:00,978.8444444444444
2013-01-20 22:00:00,930.6666666666669
2013-01-20 23:00:00,940.088888888889
2013-01-21 00:00:00,865.2444444444445
2013-01-21 01:00:00,797.1555555555556
2013-01-21 02:00:00,743.2888888888889
2013-01-21 03:00:00,734.0444444444445
2013-01-21 04:00:00,760.1777777777778
2013-01-21 05:00:00,847.1111111111112
2013-01-21 06:00:00,943.4666666666668
2013-01-21 07:00:00,993.0666666666668
2013-01-21 08:00:00,1026.6666666666667
2013-01-21 09:00:00,1007.4666666666668
2013-01-21 10:00:00,985.7777777777778
2013-01-21 11:00:00,963.7333333333332
2013-01-21 12:00:00,931.377777777778
2013-01-21 13:00:00,910.5777777777778
2013-01-21 14:00:00,910.9333333333334
2013-01-21 15:00:00,983.2888888888888
2013-01-21 16:00:00,1062.2222222222222
2013-01-21 17:00:00,1072.5333333333333
2013-01-21 18:00:00,1057.6
2013-01-21 19:00:00,1035.0222222222224
2013-01-21 20:00:00,1009.7777777777778
2013-01-21 21:00:00,981.1555555555556
2013-01-21 22:00:00,952.7111111111112
2013-01-21 23:00:00,905.0666666666668
2013-01-22 00:00:00,832.8888888888889
2013-01-22 01:00:00,763.7333333333333
2013-01-22 02:00:00,725.8666666666667
2013-01-22 03:00:00,713.0666666666667
2013-01-22 04:00:00,748.2666666666667
2013-01-22 05:00:00,835.3777777777779
2013-01-22 06:00:00,933.3333333333334
2013-01-22 07:00:00,971.7333333333332
2013-01-22 08:00:00,989.1555555555556
2013-01-22 09:00:00,988.2666666666668
2013-01-22 10:00:00,976.1777777777778
2013-01-22 11:00:00,966.0444444444444
2013-01-22 12:00:00,966.0444444444444
2013-01-22 13:00:00,944.1777777777778
2013-01-22 14:00:00,947.377777777778
2013-01-22 15:00:00,1019.2
2013-01-22 16:00:00,1077.8666666666668
2013-01-22 17:00:00,1092.8
2013-01-22 18:00:00,1083.3777777777775
2013-01-22 19:00:00,1066.8444444444444
2013-01-22 20:00:00,1026.8444444444444
2013-01-22 21:00:00,996.8
2013-01-22 22:00:00,971.2
2013-01-22 23:00:00,902.9333333333334
2013-01-23 00:00:00,840.0
2013-01-23 01:00:00,777.7777777777778
2013-01-23 02:00:00,731.7333333333333
2013-01-23 03:00:00,723.2
2013-01-23 04:00:00,746.8444444444444
2013-01-23 05:00:00,845.6888888888889
2013-01-23 06:00:00,935.6444444444444
2013-01-23 07:00:00,995.377777777778
2013-01-23 08:00:00,1018.3111111111112
2013-01-23 09:00:00,1008.3555555555556
2013-01-23 10:00:00,1005.1555555555556
2013-01-23 11:00:00,978.6666666666669
2013-01-23 12:00:00,959.8222222222224
2013-01-23 13:00:00,938.4888888888888
2013-01-23 14:00:00,944.3555555555556
2013-01-23 15:00:00,997.688888888889
2013-01-23 16:00:00,1081.2444444444443
2013-01-23 17:00:00,1108.2666666666669
2013-01-23 18:00:00,1105.4222222222222
2013-01-23 19:00:00,1080.177777777778
2013-01-23 20:00:00,1055.4666666666667
2013-01-23 21:00:00,1036.2666666666669
2013-01-23 22:00:00,989.5111111111112
2013-01-23 23:00:00,943.1111111111112
2013-01-24 00:00:00,867.5555555555555
2013-01-24 01:00:00,814.2222222222223
2013-01-24 02:00:00,770.8444444444444
2013-01-24 03:00:00,758.0444444444445
2013-01-24 04:00:00,784.1777777777778
2013-01-24 05:00:00,876.4444444444445
2013-01-24 06:00:00,988.2666666666668
2013-01-24 07:00:00,1017.4222222222222
2013-01-24 08:00:00,1036.977777777778
2013-01-24 09:00:00,1033.6
2013-01-24 10:00:00,1032.7111111111112
2013-01-24 11:00:00,1020.8
2013-01-24 12:00:00,1017.6
2013-01-24 13:00:00,996.9777777777778
2013-01-24 14:00:00,1000.5333333333334
2013-01-24 15:00:00,1053.6888888888889
2013-01-24 16:00:00,1111.8222222222223
2013-01-24 17:00:00,1126.2222222222222
2013-01-24 18:00:00,1127.4666666666667
2013-01-24 19:00:00,1102.2222222222222
2013-01-24 20:00:00,1076.4444444444446
2013-01-24 21:00:00,1048.5333333333333
2013-01-24 22:00:00,1008.7111111111112
2013-01-24 23:00:00,968.1777777777778
2013-01-25 00:00:00,895.8222222222223
2013-01-25 01:00:00,834.6666666666667
2013-01-25 02:00:00,792.0
2013-01-25 03:00:00,768.1777777777778
2013-01-25 04:00:00,802.3111111111111
2013-01-25 05:00:00,901.1555555555556
2013-01-25 06:00:00,995.5555555555557
2013-01-25 07:00:00,1037.1555555555556
2013-01-25 08:00:00,1064.0
2013-01-25 09:00:00,1065.2444444444443
2013-01-25 10:00:00,1065.9555555555555
2013-01-25 11:00:00,1060.6222222222225
2013-01-25 12:00:00,1052.977777777778
2013-01-25 13:00:00,1041.0666666666666
2013-01-25 14:00:00,1045.8666666666668
2013-01-25 15:00:00,1083.7333333333331
2013-01-25 16:00:00,1135.8222222222223
2013-01-25 17:00:00,1159.288888888889
2013-01-25 18:00:00,1142.0444444444445
2013-01-25 19:00:00,1121.0666666666666
2013-01-25 20:00:00,1077.3333333333337
2013-01-25 21:00:00,1051.5555555555557
2013-01-25 22:00:00,1039.111111111111
2013-01-25 23:00:00,1004.088888888889
2013-01-26 00:00:00,937.0666666666668
2013-01-26 01:00:00,879.8222222222223
2013-01-26 02:00:00,824.0
2013-01-26 03:00:00,807.1111111111111
2013-01-26 04:00:00,815.1111111111111
2013-01-26 05:00:00,842.4888888888889
2013-01-26 06:00:00,911.8222222222224
2013-01-26 07:00:00,980.6222222222224
2013-01-26 08:00:00,1042.8444444444444
2013-01-26 09:00:00,1072.7111111111112
2013-01-26 10:00:00,1080.3555555555556
2013-01-26 11:00:00,1080.7111111111112
2013-01-26 12:00:00,1057.7777777777778
2013-01-26 13:00:00,1043.3777777777775
2013-01-26 14:00:00,1033.0666666666666
2013-01-26 15:00:00,1072.888888888889
2013-01-26 16:00:00,1143.4666666666667
2013-01-26 17:00:00,1142.5777777777778
2013-01-26 18:00:00,1139.2
2013-01-26 19:00:00,1119.8222222222223
2013-01-26 20:00:00,1086.0444444444445
2013-01-26 21:00:00,1069.3333333333337
2013-01-26 22:00:00,1039.6444444444444
2013-01-26 23:00:00,1019.2
2013-01-27 00:00:00,939.9111111111112
2013-01-27 01:00:00,879.8222222222223
2013-01-27 02:00:00,833.7777777777778
2013-01-27 03:00:00,808.8888888888889
2013-01-27 04:00:00,806.5777777777778
2013-01-27 05:00:00,821.1555555555556
2013-01-27 06:00:00,860.9777777777778
2013-01-27 07:00:00,928.1777777777778
2013-01-27 08:00:00,1013.1555555555556
2013-01-27 09:00:00,1028.4444444444446
2013-01-27 10:00:00,1041.9555555555555
2013-01-27 11:00:00,1031.111111111111
2013-01-27 12:00:00,1004.8
2013-01-27 13:00:00,984.7111111111112
2013-01-27 14:00:00,972.8
2013-01-27 15:00:00,1008.5333333333334
2013-01-27 16:00:00,1100.2666666666669
2013-01-27 17:00:00,1121.7777777777778
2013-01-27 18:00:00,1129.7777777777778
2013-01-27 19:00:00,1121.6
2013-01-27 20:00:00,1096.7111111111112
2013-01-27 21:00:00,1090.6666666666667
2013-01-27 22:00:00,1051.7333333333331
2013-01-27 23:00:00,1015.2888888888888
2013-01-28 00:00:00,936.8888888888888
2013-01-28 01:00:00,872.7111111111111
2013-01-28 02:00:00,837.5111111111112
2013-01-28 03:00:00,821.5111111111112
2013-01-28 04:00:00,849.2444444444445
2013-01-28 05:00:00,956.9777777777778
2013-01-28 06:00:00,1047.8222222222223
2013-01-28 07:00:00,1088.888888888889
2013-01-28 08:00:00,1109.8666666666668
2013-01-28 09:00:00,1105.9555555555555
2013-01-28 10:00:00,1088.177777777778
2013-01-28 11:00:00,1066.6666666666667
2013-01-28 12:00:00,1056.7111111111112
2013-01-28 13:00:00,1036.2666666666669
2013-01-28 14:00:00,1039.8222222222223
2013-01-28 15:00:00,1090.4888888888888
2013-01-28 16:00:00,1152.5333333333333
2013-01-28 17:00:00,1169.0666666666666
2013-01-28 18:00:00,1156.977777777778
2013-01-28 19:00:00,1144.0
2013-01-28 20:00:00,1117.8666666666668
2013-01-28 21:00:00,1097.2444444444443
2013-01-28 22:00:00,1054.7555555555557
2013-01-28 23:00:00,1013.5111111111112
2013-01-29 00:00:00,937.4222222222222
2013-01-29 01:00:00,875.0222222222222
2013-01-29 02:00:00,835.3777777777779
2013-01-29 03:00:00,824.8888888888889
2013-01-29 04:00:00,846.9333333333334
2013-01-29 05:00:00,947.5555555555557
2013-01-29 06:00:00,1036.088888888889
2013-01-29 07:00:00,1081.4222222222222
2013-01-29 08:00:00,1099.911111111111
2013-01-29 09:00:00,1088.5333333333333
2013-01-29 10:00:00,1072.3555555555556
2013-01-29 11:00:00,1055.111111111111
2013-01-29 12:00:00,1028.4444444444446
2013-01-29 13:00:00,1008.7111111111112
2013-01-29 14:00:00,1004.8
2013-01-29 15:00:00,1043.911111111111
2013-01-29 16:00:00,1132.8
2013-01-29 17:00:00,1147.0222222222224
2013-01-29 18:00:00,1148.6222222222225
2013-01-29 19:00:00,1138.6666666666667
2013-01-29 20:00:00,1105.0666666666666
2013-01-29 21:00:00,1088.7111111111112
2013-01-29 22:00:00,1054.7555555555557
2013-01-29 23:00:00,1002.4888888888888
2013-01-30 00:00:00,915.5555555555557
2013-01-30 01:00:00,847.2888888888889
2013-01-30 02:00:00,821.6888888888889
2013-01-30 03:00:00,800.0
2013-01-30 04:00:00,827.5555555555555
2013-01-30 05:00:00,923.377777777778
2013-01-30 06:00:00,1012.4444444444443
2013-01-30 07:00:00,1038.4
2013-01-30 08:00:00,1052.088888888889
2013-01-30 09:00:00,1041.4222222222222
2013-01-30 10:00:00,1036.8
2013-01-30 11:00:00,1028.088888888889
2013-01-30 12:00:00,1022.9333333333334
2013-01-30 13:00:00,996.4444444444443
2013-01-30 14:00:00,987.0222222222222
2013-01-30 15:00:00,1042.6666666666667
2013-01-30 16:00:00,1106.8444444444444
2013-01-30 17:00:00,1114.1333333333334
2013-01-30 18:00:00,1106.6666666666667
2013-01-30 19:00:00,1096.177777777778
2013-01-30 20:00:00,1068.977777777778
2013-01-30 21:00:00,1059.7333333333331
2013-01-30 22:00:00,1016.8888888888888
2013-01-30 23:00:00,974.9333333333334
2013-01-31 00:00:00,906.6666666666669
2013-01-31 01:00:00,831.4666666666667
2013-01-31 02:00:00,803.0222222222222
2013-01-31 03:00:00,784.0
2013-01-31 04:00:00,813.3333333333334
2013-01-31 05:00:00,917.5111111111112
2013-01-31 06:00:00,1005.3333333333334
2013-01-31 07:00:00,1047.288888888889
2013-01-31 08:00:00,1060.977777777778
2013-01-31 09:00:00,1044.2666666666669
2013-01-31 10:00:00,1017.2444444444444
2013-01-31 11:00:00,1000.8888888888888
2013-01-31 12:00:00,975.6444444444444
2013-01-31 13:00:00,953.0666666666668
2013-01-31 14:00:00,943.1111111111112
2013-01-31 15:00:00,972.6222222222224
2013-01-31 16:00:00,1073.2444444444443
2013-01-31 17:00:00,1111.4666666666667
2013-01-31 18:00:00,1109.6888888888889
2013-01-31 19:00:00,1086.0444444444445
2013-01-31 20:00:00,1068.088888888889
2013-01-31 21:00:00,1039.6444444444444
2013-01-31 22:00:00,999.6444444444444
2013-01-31 23:00:00,964.9777777777778
2013-02-01 00:00:00,888.7111111111111
2013-02-01 01:00:00,823.2888888888889
2013-02-01 02:00:00,776.7111111111111
2013-02-01 03:00:00,767.2888888888889
2013-02-01 04:00:00,793.4222222222222
2013-02-01 05:00:00,893.5111111111112
2013-02-01 06:00:00,979.0222222222222
2013-02-01 07:00:00,1018.1333333333332
2013-02-01 08:00:00,1029.1555555555556
2013-02-01 09:00:00,1018.8444444444444
2013-02-01 10:00:00,998.9333333333334
2013-02-01 11:00:00,969.0666666666668
2013-02-01 12:00:00,944.3555555555556
2013-02-01 13:00:00,928.1777777777778
2013-02-01 14:00:00,925.1555555555556
2013-02-01 15:00:00,972.4444444444443
2013-02-01 16:00:00,1070.9333333333334
2013-02-01 17:00:00,1097.4222222222222
2013-02-01 18:00:00,1092.088888888889
2013-02-01 19:00:00,1070.7555555555557
2013-02-01 20:00:00,1035.5555555555557
2013-02-01 21:00:00,1005.5111111111112
2013-02-01 22:00:00,971.5555555555557
2013-02-01 23:00:00,932.088888888889
2013-02-02 00:00:00,873.2444444444445
2013-02-02 01:00:00,804.9777777777778
2013-02-02 02:00:00,756.6222222222223
2013-02-02 03:00:00,742.2222222222223
2013-02-02 04:00:00,748.8000000000001
2013-02-02 05:00:00,789.3333333333334
2013-02-02 06:00:00,847.2888888888889
2013-02-02 07:00:00,920.8888888888888
2013-02-02 08:00:00,967.4666666666668
2013-02-02 09:00:00,970.8444444444444
2013-02-02 10:00:00,948.8
2013-02-02 11:00:00,939.5555555555557
2013-02-02 12:00:00,927.8222222222224
2013-02-02 13:00:00,905.4222222222222
2013-02-02 14:00:00,898.4888888888889
2013-02-02 15:00:00,921.4222222222222
2013-02-02 16:00:00,1012.9777777777778
2013-02-02 17:00:00,1021.8666666666668
2013-02-02 18:00:00,1016.7111111111112
2013-02-02 19:00:00,992.1777777777778
2013-02-02 20:00:00,956.8
2013-02-02 21:00:00,949.5111111111112
2013-02-02 22:00:00,936.7111111111112
2013-02-02 23:00:00,899.7333333333333
2013-02-03 00:00:00,839.1111111111112
2013-02-03 01:00:00,769.9555555555556
2013-02-03 02:00:00,727.8222222222222
2013-02-03 03:00:00,703.2888888888889
2013-02-03 04:00:00,704.1777777777778
2013-02-03 05:00:00,724.4444444444445
2013-02-03 06:00:00,764.8000000000001
2013-02-03 07:00:00,838.5777777777778
2013-02-03 08:00:00,929.0666666666668
2013-02-03 09:00:00,976.3555555555556
2013-02-03 10:00:00,1014.5777777777778
2013-02-03 11:00:00,1014.2222222222224
2013-02-03 12:00:00,995.377777777778
2013-02-03 13:00:00,971.9111111111112
2013-02-03 14:00:00,953.9555555555556
2013-02-03 15:00:00,980.088888888889
2013-02-03 16:00:00,1043.2
2013-02-03 17:00:00,1071.8222222222223
2013-02-03 18:00:00,1082.4888888888888
2013-02-03 19:00:00,1075.5555555555557
2013-02-03 20:00:00,1049.9555555555555
2013-02-03 21:00:00,1029.3333333333337
2013-02-03 22:00:00,986.6666666666669
2013-02-03 23:00:00,948.9777777777778
2013-02-04 00:00:00,863.2888888888889
2013-02-04 01:00:00,805.6888888888889
2013-02-04 02:00:00,762.4888888888889
2013-02-04 03:00:00,753.6
2013-02-04 04:00:00,781.1555555555556
2013-02-04 05:00:00,884.088888888889
2013-02-04 06:00:00,986.4888888888888
2013-02-04 07:00:00,1032.3555555555556
2013-02-04 08:00:00,1050.8444444444444
2013-02-04 09:00:00,1049.4222222222222
2013-02-04 10:00:00,1038.0444444444445
2013-02-04 11:00:00,1012.2666666666668
2013-02-04 12:00:00,986.8444444444444
2013-02-04 13:00:00,968.3555555555556
2013-02-04 14:00:00,956.088888888889
2013-02-04 15:00:00,997.8666666666668
2013-02-04 16:00:00,1089.9555555555555
2013-02-04 17:00:00,1128.7111111111112
2013-02-04 18:00:00,1131.2
2013-02-04 19:00:00,1101.5111111111112
2013-02-04 20:00:00,1080.0
2013-02-04 21:00:00,1054.9333333333334
2013-02-04 22:00:00,1014.2222222222224
2013-02-04 23:00:00,971.9111111111112
2013-02-05 00:00:00,895.6444444444445
2013-02-05 01:00:00,831.8222222222223
2013-02-05 02:00:00,788.2666666666667
2013-02-05 03:00:00,776.7111111111111
2013-02-05 04:00:00,815.2888888888889
2013-02-05 05:00:00,897.4222222222222
2013-02-05 06:00:00,1006.0444444444444
2013-02-05 07:00:00,1030.2222222222222
2013-02-05 08:00:00,1044.4444444444446
2013-02-05 09:00:00,1024.177777777778
2013-02-05 10:00:00,1002.4888888888888
2013-02-05 11:00:00,974.9333333333334
2013-02-05 12:00:00,953.0666666666668
2013-02-05 13:00:00,939.377777777778
2013-02-05 14:00:00,930.1333333333332
2013-02-05 15:00:00,985.0666666666668
2013-02-05 16:00:00,1080.5333333333333
2013-02-05 17:00:00,1117.3333333333337
2013-02-05 18:00:00,1116.4444444444446
2013-02-05 19:00:00,1087.8222222222223
2013-02-05 20:00:00,1057.7777777777778
2013-02-05 21:00:00,1040.888888888889
2013-02-05 22:00:00,1001.4222222222222
2013-02-05 23:00:00,953.6
2013-02-06 00:00:00,875.9111111111112
2013-02-06 01:00:00,810.6666666666667
2013-02-06 02:00:00,773.3333333333334
2013-02-06 03:00:00,758.0444444444445
2013-02-06 04:00:00,801.4222222222222
2013-02-06 05:00:00,889.0666666666667
2013-02-06 06:00:00,983.6444444444444
2013-02-06 07:00:00,1014.5777777777778
2013-02-06 08:00:00,1022.5777777777778
2013-02-06 09:00:00,1017.0666666666668
2013-02-06 10:00:00,995.5555555555557
2013-02-06 11:00:00,979.377777777778
2013-02-06 12:00:00,966.0444444444444
2013-02-06 13:00:00,946.4888888888888
2013-02-06 14:00:00,962.6666666666669
2013-02-06 15:00:00,1002.6666666666669
2013-02-06 16:00:00,1083.7333333333331
2013-02-06 17:00:00,1115.911111111111
2013-02-06 18:00:00,1113.9555555555555
2013-02-06 19:00:00,1084.4444444444446
2013-02-06 20:00:00,1055.288888888889
2013-02-06 21:00:00,1047.8222222222223
2013-02-06 22:00:00,1001.4222222222222
2013-02-06 23:00:00,948.2666666666668
2013-02-07 00:00:00,880.0
2013-02-07 01:00:00,811.3777777777779
2013-02-07 02:00:00,776.0
2013-02-07 03:00:00,771.9111111111112
2013-02-07 04:00:00,800.5333333333334
2013-02-07 05:00:00,894.9333333333334
2013-02-07 06:00:00,988.4444444444443
2013-02-07 07:00:00,1024.5333333333333
2013-02-07 08:00:00,1042.1333333333334
2013-02-07 09:00:00,1036.977777777778
2013-02-07 10:00:00,1026.3111111111111
2013-02-07 11:00:00,1008.8888888888888
2013-02-07 12:00:00,993.6
2013-02-07 13:00:00,976.1777777777778
2013-02-07 14:00:00,970.1333333333332
2013-02-07 15:00:00,1019.2
2013-02-07 16:00:00,1097.7777777777778
2013-02-07 17:00:00,1134.7555555555557
2013-02-07 18:00:00,1131.9111111111113
2013-02-07 19:00:00,1096.177777777778
2013-02-07 20:00:00,1083.5555555555557
2013-02-07 21:00:00,1042.6666666666667
2013-02-07 22:00:00,1000.1777777777778
2013-02-07 23:00:00,964.9777777777778
2013-02-08 00:00:00,897.0666666666667
2013-02-08 01:00:00,839.4666666666667
2013-02-08 02:00:00,797.1555555555556
2013-02-08 03:00:00,790.7555555555556
2013-02-08 04:00:00,818.3111111111111
2013-02-08 05:00:00,908.8
2013-02-08 06:00:00,1000.5333333333334
2013-02-08 07:00:00,1045.8666666666668
2013-02-08 08:00:00,1073.0666666666666
2013-02-08 09:00:00,1073.6
2013-02-08 10:00:00,1057.7777777777778
2013-02-08 11:00:00,1062.4
2013-02-08 12:00:00,1046.4
2013-02-08 13:00:00,1025.0666666666666
2013-02-08 14:00:00,1019.5555555555557
2013-02-08 15:00:00,1053.5111111111112
2013-02-08 16:00:00,1115.0222222222224
2013-02-08 17:00:00,1146.1333333333334
2013-02-08 18:00:00,1142.2222222222222
2013-02-08 19:00:00,1109.3333333333337
2013-02-08 20:00:00,1081.9555555555555
2013-02-08 21:00:00,1057.7777777777778
2013-02-08 22:00:00,1027.7333333333331
2013-02-08 23:00:00,990.9333333333334
2013-02-09 00:00:00,923.2
2013-02-09 01:00:00,858.4888888888889
2013-02-09 02:00:00,815.1111111111111
2013-02-09 03:00:00,793.0666666666667
2013-02-09 04:00:00,803.3777777777779
2013-02-09 05:00:00,834.3111111111111
2013-02-09 06:00:00,907.5555555555557
2013-02-09 07:00:00,980.088888888889
2013-02-09 08:00:00,1032.0
2013-02-09 09:00:00,1046.9333333333334
2013-02-09 10:00:00,1041.6
2013-02-09 11:00:00,1038.0444444444445
2013-02-09 12:00:00,1023.2888888888888
2013-02-09 13:00:00,1003.9111111111112
2013-02-09 14:00:00,1002.3111111111112
2013-02-09 15:00:00,1030.5777777777778
2013-02-09 16:00:00,1099.911111111111
2013-02-09 17:00:00,1116.6222222222225
2013-02-09 18:00:00,1110.7555555555557
2013-02-09 19:00:00,1094.5777777777778
2013-02-09 20:00:00,1059.0222222222224
2013-02-09 21:00:00,1053.3333333333337
2013-02-09 22:00:00,1021.8666666666668
2013-02-09 23:00:00,1001.6
2013-02-10 00:00:00,932.2666666666668
2013-02-10 01:00:00,864.7111111111111
2013-02-10 02:00:00,821.3333333333334
2013-02-10 03:00:00,794.8444444444444
2013-02-10 04:00:00,790.0444444444445
2013-02-10 05:00:00,804.2666666666667
2013-02-10 06:00:00,853.1555555555556
2013-02-10 07:00:00,918.7555555555556
2013-02-10 08:00:00,989.3333333333334
2013-02-10 09:00:00,1017.2444444444444
2013-02-10 10:00:00,1034.1333333333334
2013-02-10 11:00:00,1020.6222222222224
2013-02-10 12:00:00,995.377777777778
2013-02-10 13:00:00,967.1111111111112
2013-02-10 14:00:00,951.4666666666668
2013-02-10 15:00:00,976.8888888888888
2013-02-10 16:00:00,1069.1555555555556
2013-02-10 17:00:00,1112.7111111111112
2013-02-10 18:00:00,1121.4222222222222
2013-02-10 19:00:00,1111.4666666666667
2013-02-10 20:00:00,1089.2444444444443
2013-02-10 21:00:00,1069.6888888888889
2013-02-10 22:00:00,1033.9555555555555
2013-02-10 23:00:00,985.9555555555556
2013-02-11 00:00:00,913.7777777777778
2013-02-11 01:00:00,852.6222222222223
2013-02-11 02:00:00,816.3555555555556
2013-02-11 03:00:00,800.1777777777778
2013-02-11 04:00:00,832.3555555555556
2013-02-11 05:00:00,941.6888888888888
2013-02-11 06:00:00,1047.6444444444444
2013-02-11 07:00:00,1083.2
2013-02-11 08:00:00,1099.911111111111
2013-02-11 09:00:00,1084.8
2013-02-11 10:00:00,1066.1333333333334
2013-02-11 11:00:00,1040.3555555555556
2013-02-11 12:00:00,1013.3333333333334
2013-02-11 13:00:00,987.377777777778
2013-02-11 14:00:00,986.6666666666669
2013-02-11 15:00:00,1028.977777777778
2013-02-11 16:00:00,1124.6222222222225
2013-02-11 17:00:00,1169.9555555555555
2013-02-11 18:00:00,1168.5333333333333
2013-02-11 19:00:00,1139.0222222222224
2013-02-11 20:00:00,1118.9333333333334
2013-02-11 21:00:00,1095.8222222222223
2013-02-11 22:00:00,1059.0222222222224
2013-02-11 23:00:00,1005.3333333333334
2013-02-12 00:00:00,939.7333333333332
2013-02-12 01:00:00,869.5111111111112
2013-02-12 02:00:00,830.7555555555556
2013-02-12 03:00:00,814.9333333333334
2013-02-12 04:00:00,849.4222222222222
2013-02-12 05:00:00,943.4666666666668
2013-02-12 06:00:00,1035.0222222222224
2013-02-12 07:00:00,1064.7111111111112
2013-02-12 08:00:00,1078.0444444444445
2013-02-12 09:00:00,1073.6
2013-02-12 10:00:00,1067.3777777777775
2013-02-12 11:00:00,1055.288888888889
2013-02-12 12:00:00,1034.8444444444444
2013-02-12 13:00:00,1003.0222222222222
2013-02-12 14:00:00,1011.7333333333332
2013-02-12 15:00:00,1044.088888888889
2013-02-12 16:00:00,1120.177777777778
2013-02-12 17:00:00,1156.6222222222225
2013-02-12 18:00:00,1157.1555555555556
2013-02-12 19:00:00,1129.7777777777778
2013-02-12 20:00:00,1085.1555555555556
2013-02-12 21:00:00,1073.4222222222222
2013-02-12 22:00:00,1036.4444444444446
2013-02-12 23:00:00,993.4222222222222
2013-02-13 00:00:00,914.3111111111112
2013-02-13 01:00:00,855.1111111111112
2013-02-13 02:00:00,817.2444444444445
2013-02-13 03:00:00,801.2444444444445
2013-02-13 04:00:00,834.1333333333333
2013-02-13 05:00:00,924.6222222222224
2013-02-13 06:00:00,1021.8666666666668
2013-02-13 07:00:00,1053.8666666666668
2013-02-13 08:00:00,1072.888888888889
2013-02-13 09:00:00,1067.5555555555557
2013-02-13 10:00:00,1057.7777777777778
2013-02-13 11:00:00,1052.8
2013-02-13 12:00:00,1033.7777777777778
2013-02-13 13:00:00,1021.1555555555556
2013-02-13 14:00:00,1014.9333333333334
2013-02-13 15:00:00,1048.3555555555556
2013-02-13 16:00:00,1126.0444444444445
2013-02-13 17:00:00,1158.0444444444445
2013-02-13 18:00:00,1152.888888888889
2013-02-13 19:00:00,1127.288888888889
2013-02-13 20:00:00,1082.8444444444444
2013-02-13 21:00:00,1077.6888888888889
2013-02-13 22:00:00,1034.1333333333334
2013-02-13 23:00:00,982.0444444444444
2013-02-14 00:00:00,907.5555555555557
2013-02-14 01:00:00,844.9777777777778
2013-02-14 02:00:00,803.0222222222222
2013-02-14 03:00:00,789.3333333333334
2013-02-14 04:00:00,814.9333333333334
2013-02-14 05:00:00,915.9111111111112
2013-02-14 06:00:00,1001.6
2013-02-14 07:00:00,1036.8
2013-02-14 08:00:00,1055.111111111111
2013-02-14 09:00:00,1044.6222222222225
2013-02-14 10:00:00,1036.977777777778
2013-02-14 11:00:00,1027.2
2013-02-14 12:00:00,1010.3111111111112
2013-02-14 13:00:00,990.4
2013-02-14 14:00:00,993.6
2013-02-14 15:00:00,1037.8666666666668
2013-02-14 16:00:00,1098.6666666666667
2013-02-14 17:00:00,1125.8666666666668
2013-02-14 18:00:00,1122.4888888888888
2013-02-14 19:00:00,1081.2444444444443
2013-02-14 20:00:00,1065.4222222222222
2013-02-14 21:00:00,1044.4444444444446
2013-02-14 22:00:00,1004.8
2013-02-14 23:00:00,964.2666666666668
2013-02-15 00:00:00,901.1555555555556
2013-02-15 01:00:00,829.8666666666667
2013-02-15 02:00:00,793.9555555555556
2013-02-15 03:00:00,772.088888888889
2013-02-15 04:00:00,781.1555555555556
2013-02-15 05:00:00,811.3777777777779
2013-02-15 06:00:00,878.5777777777778
2013-02-15 07:00:00,936.8888888888888
2013-02-15 08:00:00,981.8666666666668
2013-02-15 09:00:00,990.2222222222224
2013-02-15 10:00:00,988.2666666666668
2013-02-15 11:00:00,982.4
2013-02-15 12:00:00,966.9333333333334
2013-02-15 13:00:00,942.0444444444444
2013-02-15 14:00:00,946.1333333333332
2013-02-15 15:00:00,962.3111111111112
2013-02-15 16:00:00,1022.2222222222224
2013-02-15 17:00:00,1067.0222222222224
2013-02-15 18:00:00,1065.0666666666666
2013-02-15 19:00:00,1030.9333333333334
2013-02-15 20:00:00,1009.6
2013-02-15 21:00:00,985.2444444444444
2013-02-15 22:00:00,969.2444444444444
2013-02-15 23:00:00,936.5333333333334
2013-02-16 00:00:00,870.9333333333334
2013-02-16 01:00:00,812.2666666666667
2013-02-16 02:00:00,764.088888888889
2013-02-16 03:00:00,755.5555555555555
2013-02-16 04:00:00,760.8888888888889
2013-02-16 05:00:00,769.9555555555556
2013-02-16 06:00:00,849.0666666666667
2013-02-16 07:00:00,924.6222222222224
2013-02-16 08:00:00,980.4444444444443
2013-02-16 09:00:00,1002.1333333333332
2013-02-16 10:00:00,1004.2666666666668
2013-02-16 11:00:00,1004.8
2013-02-16 12:00:00,992.7111111111112
2013-02-16 13:00:00,974.2222222222224
2013-02-16 14:00:00,964.2666666666668
2013-02-16 15:00:00,992.1777777777778
2013-02-16 16:00:00,1048.0
2013-02-16 17:00:00,1071.8222222222223
2013-02-16 18:00:00,1067.5555555555557
2013-02-16 19:00:00,1041.6
2013-02-16 20:00:00,1015.8222222222224
2013-02-16 21:00:00,992.8888888888888
2013-02-16 22:00:00,964.2666666666668
2013-02-16 23:00:00,944.5333333333334
2013-02-17 00:00:00,878.4
2013-02-17 01:00:00,808.1777777777778
2013-02-17 02:00:00,761.6
2013-02-17 03:00:00,737.6
2013-02-17 04:00:00,738.4888888888889
2013-02-17 05:00:00,759.8222222222222
2013-02-17 06:00:00,804.6222222222223
2013-02-17 07:00:00,869.3333333333334
2013-02-17 08:00:00,930.1333333333332
2013-02-17 09:00:00,969.0666666666668
2013-02-17 10:00:00,982.4
2013-02-17 11:00:00,965.8666666666668
2013-02-17 12:00:00,951.2888888888888
2013-02-17 13:00:00,919.2888888888888
2013-02-17 14:00:00,910.2222222222224
2013-02-17 15:00:00,947.9111111111112
2013-02-17 16:00:00,1001.0666666666668
2013-02-17 17:00:00,1052.977777777778
2013-02-17 18:00:00,1060.088888888889
2013-02-17 19:00:00,1056.3555555555556
2013-02-17 20:00:00,1038.5777777777778
2013-02-17 21:00:00,1018.3111111111112
2013-02-17 22:00:00,982.0444444444444
2013-02-17 23:00:00,944.3555555555556
2013-02-18 00:00:00,869.6888888888889
2013-02-18 01:00:00,800.1777777777778
2013-02-18 02:00:00,761.0666666666667
2013-02-18 03:00:00,754.3111111111111
2013-02-18 04:00:00,784.7111111111111
2013-02-18 05:00:00,881.7777777777778
2013-02-18 06:00:00,972.9777777777778
2013-02-18 07:00:00,1015.2888888888888
2013-02-18 08:00:00,1042.1333333333334
2013-02-18 09:00:00,1042.6666666666667
2013-02-18 10:00:00,1043.911111111111
2013-02-18 11:00:00,1021.688888888889
2013-02-18 12:00:00,1013.5111111111112
2013-02-18 13:00:00,995.377777777778
2013-02-18 14:00:00,995.7333333333332
2013-02-18 15:00:00,1024.888888888889
2013-02-18 16:00:00,1092.088888888889
2013-02-18 17:00:00,1138.3111111111111
2013-02-18 18:00:00,1133.6888888888889
2013-02-18 19:00:00,1107.7333333333331
2013-02-18 20:00:00,1075.7333333333331
2013-02-18 21:00:00,1059.0222222222224
2013-02-18 22:00:00,1014.9333333333334
2013-02-18 23:00:00,968.1777777777778
2013-02-19 00:00:00,893.8666666666667
2013-02-19 01:00:00,834.1333333333333
2013-02-19 02:00:00,797.8666666666667
2013-02-19 03:00:00,785.7777777777778
2013-02-19 04:00:00,817.9555555555556
2013-02-19 05:00:00,907.0222222222222
2013-02-19 06:00:00,1006.0444444444444
2013-02-19 07:00:00,1052.2666666666669
2013-02-19 08:00:00,1066.1333333333334
2013-02-19 09:00:00,1054.0444444444445
2013-02-19 10:00:00,1046.0444444444445
2013-02-19 11:00:00,1039.111111111111
2013-02-19 12:00:00,1018.4888888888888
2013-02-19 13:00:00,1004.6222222222224
2013-02-19 14:00:00,999.6444444444444
2013-02-19 15:00:00,1032.3555555555556
2013-02-19 16:00:00,1098.8444444444444
2013-02-19 17:00:00,1143.4666666666667
2013-02-19 18:00:00,1145.4222222222222
2013-02-19 19:00:00,1098.1333333333334
2013-02-19 20:00:00,1085.3333333333337
2013-02-19 21:00:00,1066.6666666666667
2013-02-19 22:00:00,1019.2
2013-02-19 23:00:00,981.1555555555556
2013-02-20 00:00:00,901.5111111111112
2013-02-20 01:00:00,840.1777777777778
2013-02-20 02:00:00,804.8000000000001
2013-02-20 03:00:00,787.3777777777779
2013-02-20 04:00:00,810.1333333333333
2013-02-20 05:00:00,902.7555555555556
2013-02-20 06:00:00,999.6444444444444
2013-02-20 07:00:00,1027.7333333333331
2013-02-20 08:00:00,1036.6222222222225
2013-02-20 09:00:00,1034.4888888888888
2013-02-20 10:00:00,1027.3777777777775
2013-02-20 11:00:00,1007.8222222222224
2013-02-20 12:00:00,986.3111111111112
2013-02-20 13:00:00,974.0444444444444
2013-02-20 14:00:00,980.4444444444443
2013-02-20 15:00:00,1010.6666666666669
2013-02-20 16:00:00,1078.4
2013-02-20 17:00:00,1136.0
2013-02-20 18:00:00,1133.1555555555556
2013-02-20 19:00:00,1101.1555555555556
2013-02-20 20:00:00,1075.0222222222224
2013-02-20 21:00:00,1048.177777777778
2013-02-20 22:00:00,1011.0222222222222
2013-02-20 23:00:00,961.0666666666668
2013-02-21 00:00:00,892.2666666666667
2013-02-21 01:00:00,830.5777777777778
2013-02-21 02:00:00,778.8444444444444
2013-02-21 03:00:00,776.0
2013-02-21 04:00:00,812.8000000000001
2013-02-21 05:00:00,901.3333333333334
2013-02-21 06:00:00,1002.6666666666669
2013-02-21 07:00:00,1048.0
2013-02-21 08:00:00,1061.8666666666668
2013-02-21 09:00:00,1059.7333333333331
2013-02-21 10:00:00,1062.5777777777778
2013-02-21 11:00:00,1052.4444444444446
2013-02-21 12:00:00,1038.0444444444445
2013-02-21 13:00:00,1030.4
2013-02-21 14:00:00,1024.0
2013-02-21 15:00:00,1051.5555555555557
2013-02-21 16:00:00,1110.9333333333334
2013-02-21 17:00:00,1154.8444444444444
2013-02-21 18:00:00,1158.4
2013-02-21 19:00:00,1128.888888888889
2013-02-21 20:00:00,1103.111111111111
2013-02-21 21:00:00,1080.0
2013-02-21 22:00:00,1036.4444444444446
2013-02-21 23:00:00,993.2444444444444
2013-02-22 00:00:00,924.6222222222224
2013-02-22 01:00:00,856.5333333333334
2013-02-22 02:00:00,816.0
2013-02-22 03:00:00,802.4888888888889
2013-02-22 04:00:00,839.8222222222223
2013-02-22 05:00:00,915.9111111111112
2013-02-22 06:00:00,1004.8
2013-02-22 07:00:00,1042.8444444444444
2013-02-22 08:00:00,1065.6
2013-02-22 09:00:00,1060.6222222222225
2013-02-22 10:00:00,1057.2444444444443
2013-02-22 11:00:00,1044.4444444444446
2013-02-22 12:00:00,1033.2444444444443
2013-02-22 13:00:00,1014.7555555555556
2013-02-22 14:00:00,1011.9111111111112
2013-02-22 15:00:00,1034.3111111111111
2013-02-22 16:00:00,1095.4666666666667
2013-02-22 17:00:00,1139.7333333333331
2013-02-22 18:00:00,1138.4888888888888
2013-02-22 19:00:00,1105.4222222222222
2013-02-22 20:00:00,1074.8444444444444
2013-02-22 21:00:00,1045.8666666666668
2013-02-22 22:00:00,1013.8666666666668
2013-02-22 23:00:00,975.8222222222224
2013-02-23 00:00:00,913.2444444444444
2013-02-23 01:00:00,844.4444444444445
2013-02-23 02:00:00,803.9111111111112
2013-02-23 03:00:00,788.6222222222223
2013-02-23 04:00:00,792.7111111111111
2013-02-23 05:00:00,829.3333333333334
2013-02-23 06:00:00,899.2
2013-02-23 07:00:00,969.6
2013-02-23 08:00:00,1022.7555555555556
2013-02-23 09:00:00,1033.4222222222222
2013-02-23 10:00:00,1027.911111111111
2013-02-23 11:00:00,1017.7777777777778
2013-02-23 12:00:00,992.0
2013-02-23 13:00:00,956.4444444444443
2013-02-23 14:00:00,946.1333333333332
2013-02-23 15:00:00,957.3333333333334
2013-02-23 16:00:00,1040.5333333333333
2013-02-23 17:00:00,1087.288888888889
2013-02-23 18:00:00,1083.0222222222224
2013-02-23 19:00:00,1061.8666666666668
2013-02-23 20:00:00,1030.9333333333334
2013-02-23 21:00:00,1006.2222222222224
2013-02-23 22:00:00,974.7555555555556
2013-02-23 23:00:00,944.7111111111112
2013-02-24 00:00:00,878.0444444444445
2013-02-24 01:00:00,815.4666666666667
2013-02-24 02:00:00,768.0
2013-02-24 03:00:00,746.4888888888889
2013-02-24 04:00:00,747.3777777777779
2013-02-24 05:00:00,764.088888888889
2013-02-24 06:00:00,814.4
2013-02-24 07:00:00,884.4444444444445
2013-02-24 08:00:00,943.8222222222224
2013-02-24 09:00:00,979.0222222222222
2013-02-24 10:00:00,994.6666666666669
2013-02-24 11:00:00,981.3333333333334
2013-02-24 12:00:00,955.377777777778
2013-02-24 13:00:00,928.3555555555556
2013-02-24 14:00:00,908.6222222222224
2013-02-24 15:00:00,928.8888888888888
2013-02-24 16:00:00,1001.2444444444444
2013-02-24 17:00:00,1059.911111111111
2013-02-24 18:00:00,1076.2666666666669
2013-02-24 19:00:00,1056.177777777778
2013-02-24 20:00:00,1024.5333333333333
2013-02-24 21:00:00,1002.1333333333332
2013-02-24 22:00:00,947.0222222222222
2013-02-24 23:00:00,936.0
2013-02-25 00:00:00,858.3111111111111
2013-02-25 01:00:00,787.7333333333333
2013-02-25 02:00:00,750.9333333333334
2013-02-25 03:00:00,734.2222222222223
2013-02-25 04:00:00,771.2
2013-02-25 05:00:00,858.8444444444444
2013-02-25 06:00:00,954.6666666666669
2013-02-25 07:00:00,988.088888888889
2013-02-25 08:00:00,1008.1777777777778
2013-02-25 09:00:00,1005.8666666666668
2013-02-25 10:00:00,992.5333333333334
2013-02-25 11:00:00,977.7777777777778
2013-02-25 12:00:00,966.9333333333334
2013-02-25 13:00:00,952.8888888888888
2013-02-25 14:00:00,967.1111111111112
2013-02-25 15:00:00,990.5777777777778
2013-02-25 16:00:00,1043.0222222222224
2013-02-25 17:00:00,1091.911111111111
2013-02-25 18:00:00,1092.6222222222225
2013-02-25 19:00:00,1059.0222222222224
2013-02-25 20:00:00,1041.7777777777778
2013-02-25 21:00:00,1010.1333333333332
2013-02-25 22:00:00,971.9111111111112
2013-02-25 23:00:00,930.6666666666669
2013-02-26 00:00:00,860.9777777777778
2013-02-26 01:00:00,791.4666666666667
2013-02-26 02:00:00,755.5555555555555
2013-02-26 03:00:00,746.6666666666667
2013-02-26 04:00:00,774.7555555555556
2013-02-26 05:00:00,858.3111111111111
2013-02-26 06:00:00,952.5333333333334
2013-02-26 07:00:00,991.6444444444444
2013-02-26 08:00:00,1016.8888888888888
2013-02-26 09:00:00,1019.5555555555557
2013-02-26 10:00:00,1014.2222222222224
2013-02-26 11:00:00,1003.5555555555557
2013-02-26 12:00:00,981.3333333333334
2013-02-26 13:00:00,962.3111111111112
2013-02-26 14:00:00,955.9111111111112
2013-02-26 15:00:00,980.8
2013-02-26 16:00:00,1040.177777777778
2013-02-26 17:00:00,1095.6444444444444
2013-02-26 18:00:00,1095.8222222222223
2013-02-26 19:00:00,1065.9555555555555
2013-02-26 20:00:00,1036.4444444444446
2013-02-26 21:00:00,1007.8222222222224
2013-02-26 22:00:00,983.2888888888888
2013-02-26 23:00:00,930.3111111111112
2013-02-27 00:00:00,870.7555555555556
2013-02-27 01:00:00,802.8444444444444
2013-02-27 02:00:00,756.2666666666667
2013-02-27 03:00:00,748.9777777777778
2013-02-27 04:00:00,788.8000000000001
2013-02-27 05:00:00,866.4888888888889
2013-02-27 06:00:00,968.5333333333334
2013-02-27 07:00:00,1014.7555555555556
2013-02-27 08:00:00,1029.8666666666668
2013-02-27 09:00:00,1029.1555555555556
2013-02-27 10:00:00,1025.9555555555555
2013-02-27 11:00:00,1013.8666666666668
2013-02-27 12:00:00,1003.2
2013-02-27 13:00:00,983.4666666666668
2013-02-27 14:00:00,982.4
2013-02-27 15:00:00,998.9333333333334
2013-02-27 16:00:00,1062.0444444444445
2013-02-27 17:00:00,1109.8666666666668
2013-02-27 18:00:00,1116.4444444444446
2013-02-27 19:00:00,1092.6222222222225
2013-02-27 20:00:00,1061.1555555555556
2013-02-27 21:00:00,1039.6444444444444
2013-02-27 22:00:00,990.9333333333334
2013-02-27 23:00:00,951.1111111111112
2013-02-28 00:00:00,883.3777777777779
2013-02-28 01:00:00,815.6444444444445
2013-02-28 02:00:00,777.2444444444445
2013-02-28 03:00:00,767.4666666666667
2013-02-28 04:00:00,805.1555555555556
2013-02-28 05:00:00,884.9777777777778
2013-02-28 06:00:00,970.6666666666669
2013-02-28 07:00:00,1003.7333333333332
2013-02-28 08:00:00,1012.9777777777778
2013-02-28 09:00:00,998.0444444444444
2013-02-28 10:00:00,985.9555555555556
2013-02-28 11:00:00,966.4
2013-02-28 12:00:00,953.9555555555556
2013-02-28 13:00:00,923.377777777778
2013-02-28 14:00:00,915.9111111111112
2013-02-28 15:00:00,942.7555555555556
2013-02-28 16:00:00,1013.3333333333334
2013-02-28 17:00:00,1108.6222222222225
2013-02-28 18:00:00,1111.8222222222223
2013-02-28 19:00:00,1081.9555555555555
2013-02-28 20:00:00,1063.8222222222223
2013-02-28 21:00:00,1042.8444444444444
2013-02-28 22:00:00,999.6444444444444
2013-02-28 23:00:00,953.7777777777778
2013-03-01 00:00:00,883.0222222222222
2013-03-01 01:00:00,818.4888888888889
2013-03-01 02:00:00,779.3777777777779
2013-03-01 03:00:00,767.8222222222223
2013-03-01 04:00:00,800.7111111111111
2013-03-01 05:00:00,885.3333333333334
2013-03-01 06:00:00,980.8
2013-03-01 07:00:00,1007.2888888888888
2013-03-01 08:00:00,1010.1333333333332
2013-03-01 09:00:00,983.1111111111112
2013-03-01 10:00:00,966.0444444444444
2013-03-01 11:00:00,947.5555555555557
2013-03-01 12:00:00,923.377777777778
2013-03-01 13:00:00,899.2
2013-03-01 14:00:00,886.4
2013-03-01 15:00:00,918.0444444444444
2013-03-01 16:00:00,997.5111111111112
2013-03-01 17:00:00,1089.6
2013-03-01 18:00:00,1084.8
2013-03-01 19:00:00,1057.4222222222222
2013-03-01 20:00:00,1037.5111111111112
2013-03-01 21:00:00,1012.6222222222224
2013-03-01 22:00:00,976.3555555555556
2013-03-01 23:00:00,934.7555555555556
2013-03-02 00:00:00,870.0444444444445
2013-03-02 01:00:00,801.6
2013-03-02 02:00:00,764.2666666666667
2013-03-02 03:00:00,747.0222222222222
2013-03-02 04:00:00,761.4222222222222
2013-03-02 05:00:00,788.9777777777778
2013-03-02 06:00:00,866.4888888888889
2013-03-02 07:00:00,940.8
2013-03-02 08:00:00,979.9111111111112
2013-03-02 09:00:00,991.4666666666668
2013-03-02 10:00:00,991.6444444444444
2013-03-02 11:00:00,980.9777777777778
2013-03-02 12:00:00,971.7333333333332
2013-03-02 13:00:00,951.2888888888888
2013-03-02 14:00:00,945.4222222222222
2013-03-02 15:00:00,953.2444444444444
2013-03-02 16:00:00,1003.5555555555557
2013-03-02 17:00:00,1076.088888888889
2013-03-02 18:00:00,1080.7111111111112
2013-03-02 19:00:00,1065.7777777777778
2013-03-02 20:00:00,1028.2666666666669
2013-03-02 21:00:00,995.0222222222222
2013-03-02 22:00:00,970.8444444444444
2013-03-02 23:00:00,956.088888888889
2013-03-03 00:00:00,876.6222222222223
2013-03-03 01:00:00,804.9777777777778
2013-03-03 02:00:00,770.1333333333333
2013-03-03 03:00:00,748.4444444444445
2013-03-03 04:00:00,754.4888888888889
2013-03-03 05:00:00,768.1777777777778
2013-03-03 06:00:00,831.1111111111112
2013-03-03 07:00:00,878.7555555555556
2013-03-03 08:00:00,924.6222222222224
2013-03-03 09:00:00,946.8444444444444
2013-03-03 10:00:00,947.0222222222222
2013-03-03 11:00:00,925.3333333333334
2013-03-03 12:00:00,896.1777777777778
2013-03-03 13:00:00,861.3333333333334
2013-03-03 14:00:00,848.3555555555556
2013-03-03 15:00:00,862.9333333333334
2013-03-03 16:00:00,941.1555555555556
2013-03-03 17:00:00,1055.288888888889
2013-03-03 18:00:00,1087.4666666666667
2013-03-03 19:00:00,1078.9333333333334
2013-03-03 20:00:00,1053.8666666666668
2013-03-03 21:00:00,1018.4888888888888
2013-03-03 22:00:00,976.0
2013-03-03 23:00:00,928.1777777777778
2013-03-04 00:00:00,856.3555555555556
2013-03-04 01:00:00,790.2222222222223
2013-03-04 02:00:00,751.6444444444445
2013-03-04 03:00:00,740.8000000000001
2013-03-04 04:00:00,782.7555555555556
2013-03-04 05:00:00,881.9555555555556
2013-03-04 06:00:00,983.4666666666668
2013-03-04 07:00:00,1012.8
2013-03-04 08:00:00,1016.8888888888888
2013-03-04 09:00:00,995.5555555555557
2013-03-04 10:00:00,978.1333333333332
2013-03-04 11:00:00,955.9111111111112
2013-03-04 12:00:00,934.7555555555556
2013-03-04 13:00:00,912.8888888888888
2013-03-04 14:00:00,895.4666666666667
2013-03-04 15:00:00,923.377777777778
2013-03-04 16:00:00,996.2666666666668
2013-03-04 17:00:00,1115.3777777777775
2013-03-04 18:00:00,1124.8
2013-03-04 19:00:00,1095.6444444444444
2013-03-04 20:00:00,1070.4
2013-03-04 21:00:00,1030.5777777777778
2013-03-04 22:00:00,995.0222222222222
2013-03-04 23:00:00,937.6
2013-03-05 00:00:00,866.6666666666667
2013-03-05 01:00:00,807.2888888888889
2013-03-05 02:00:00,773.8666666666667
2013-03-05 03:00:00,763.2
2013-03-05 04:00:00,803.7333333333333
2013-03-05 05:00:00,892.088888888889
2013-03-05 06:00:00,987.5555555555557
2013-03-05 07:00:00,1005.688888888889
2013-03-05 08:00:00,1001.0666666666668
2013-03-05 09:00:00,981.688888888889
2013-03-05 10:00:00,959.2888888888888
2013-03-05 11:00:00,936.5333333333334
2013-03-05 12:00:00,905.4222222222222
2013-03-05 13:00:00,885.5111111111112
2013-03-05 14:00:00,881.0666666666667
2013-03-05 15:00:00,904.1777777777778
2013-03-05 16:00:00,984.7111111111112
2013-03-05 17:00:00,1108.2666666666669
2013-03-05 18:00:00,1116.2666666666669
2013-03-05 19:00:00,1093.6888888888889
2013-03-05 20:00:00,1052.088888888889
2013-03-05 21:00:00,1020.8
2013-03-05 22:00:00,974.4
2013-03-05 23:00:00,917.5111111111112
2013-03-06 00:00:00,850.8444444444444
2013-03-06 01:00:00,792.7111111111111
2013-03-06 02:00:00,751.1111111111111
2013-03-06 03:00:00,750.5777777777778
2013-03-06 04:00:00,785.2444444444445
2013-03-06 05:00:00,873.7777777777778
2013-03-06 06:00:00,967.8222222222224
2013-03-06 07:00:00,999.1111111111112
2013-03-06 08:00:00,995.377777777778
2013-03-06 09:00:00,972.8
2013-03-06 10:00:00,955.0222222222222
2013-03-06 11:00:00,934.4
2013-03-06 12:00:00,907.9111111111112
2013-03-06 13:00:00,898.1333333333333
2013-03-06 14:00:00,896.1777777777778
2013-03-06 15:00:00,929.9555555555556
2013-03-06 16:00:00,1001.4222222222222
2013-03-06 17:00:00,1090.4888888888888
2013-03-06 18:00:00,1095.4666666666667
2013-03-06 19:00:00,1071.8222222222223
2013-03-06 20:00:00,1040.0
2013-03-06 21:00:00,1003.2
2013-03-06 22:00:00,955.7333333333332
2013-03-06 23:00:00,901.3333333333334
2013-03-07 00:00:00,831.1111111111112
2013-03-07 01:00:00,768.0
2013-03-07 02:00:00,735.6444444444445
2013-03-07 03:00:00,718.7555555555556
2013-03-07 04:00:00,755.9111111111112
2013-03-07 05:00:00,843.7333333333333
2013-03-07 06:00:00,944.5333333333334
2013-03-07 07:00:00,968.5333333333334
2013-03-07 08:00:00,988.088888888889
2013-03-07 09:00:00,971.0222222222222
2013-03-07 10:00:00,968.1777777777778
2013-03-07 11:00:00,950.2222222222224
2013-03-07 12:00:00,936.7111111111112
2013-03-07 13:00:00,914.6666666666669
2013-03-07 14:00:00,912.0
2013-03-07 15:00:00,931.7333333333332
2013-03-07 16:00:00,984.0
2013-03-07 17:00:00,1070.5777777777778
2013-03-07 18:00:00,1079.111111111111
2013-03-07 19:00:00,1052.977777777778
2013-03-07 20:00:00,1029.8666666666668
2013-03-07 21:00:00,1001.0666666666668
2013-03-07 22:00:00,950.7555555555556
2013-03-07 23:00:00,895.6444444444445
2013-03-08 00:00:00,827.0222222222222
2013-03-08 01:00:00,755.5555555555555
2013-03-08 02:00:00,718.0444444444445
2013-03-08 03:00:00,706.6666666666667
2013-03-08 04:00:00,747.0222222222222
2013-03-08 05:00:00,831.2888888888889
2013-03-08 06:00:00,911.1111111111112
2013-03-08 07:00:00,927.2888888888888
2013-03-08 08:00:00,932.088888888889
2013-03-08 09:00:00,909.1555555555556
2013-03-08 10:00:00,889.6
2013-03-08 11:00:00,864.8888888888889
2013-03-08 12:00:00,851.9111111111112
2013-03-08 13:00:00,832.3555555555556
2013-03-08 14:00:00,830.7555555555556
2013-03-08 15:00:00,854.7555555555556
2013-03-08 16:00:00,915.9111111111112
2013-03-08 17:00:00,1016.3555555555556
2013-03-08 18:00:00,1020.088888888889
2013-03-08 19:00:00,988.6222222222224
2013-03-08 20:00:00,955.377777777778
2013-03-08 21:00:00,926.7555555555556
2013-03-08 22:00:00,879.6444444444445
2013-03-08 23:00:00,833.7777777777778
2013-03-09 00:00:00,766.2222222222223
2013-03-09 01:00:00,704.1777777777778
2013-03-09 02:00:00,663.4666666666667
2013-03-09 03:00:00,654.0444444444445
2013-03-09 04:00:00,673.0666666666667
2013-03-09 05:00:00,709.6888888888889
2013-03-09 06:00:00,779.7333333333333
2013-03-09 07:00:00,824.5333333333334
2013-03-09 08:00:00,833.2444444444445
2013-03-09 09:00:00,822.0444444444445
2013-03-09 10:00:00,811.3777777777779
2013-03-09 11:00:00,802.6666666666667
2013-03-09 12:00:00,783.4666666666667
2013-03-09 13:00:00,778.8444444444444
2013-03-09 14:00:00,767.8222222222223
2013-03-09 15:00:00,782.7555555555556
2013-03-09 16:00:00,838.9333333333334
2013-03-09 17:00:00,940.2666666666668
2013-03-09 18:00:00,955.7333333333332
2013-03-09 19:00:00,932.2666666666668
2013-03-09 20:00:00,905.4222222222222
2013-03-09 21:00:00,869.6888888888889
2013-03-09 22:00:00,826.3111111111111
2013-03-09 23:00:00,797.3333333333334
2013-03-10 00:00:00,735.4666666666667
2013-03-10 01:00:00,668.8000000000001
2013-03-10 02:00:00,636.8000000000001
2013-03-10 03:00:00,620.4444444444445
2013-03-10 04:00:00,628.4444444444445
2013-03-10 05:00:00,652.088888888889
2013-03-10 06:00:00,718.5777777777778
2013-03-10 07:00:00,779.7333333333333
2013-03-10 08:00:00,822.4
2013-03-10 09:00:00,834.8444444444444
2013-03-10 10:00:00,834.8444444444444
2013-03-10 11:00:00,822.2222222222223
2013-03-10 12:00:00,801.2444444444445
2013-03-10 13:00:00,763.9111111111112
2013-03-10 14:00:00,751.6444444444445
2013-03-10 15:00:00,768.7111111111111
2013-03-10 16:00:00,831.1111111111112
2013-03-10 17:00:00,938.6666666666669
2013-03-10 18:00:00,963.0222222222222
2013-03-10 19:00:00,961.4222222222222
2013-03-10 20:00:00,927.6444444444444
2013-03-10 21:00:00,888.7111111111111
2013-03-10 22:00:00,834.4888888888889
2013-03-10 23:00:00,780.8000000000001
2013-03-11 00:00:00,716.8000000000001
2013-03-11 01:00:00,651.5555555555555
2013-03-11 02:00:00,625.9555555555556
2013-03-11 03:00:00,618.8444444444444
2013-03-11 04:00:00,660.2666666666667
2013-03-11 05:00:00,753.0666666666667
2013-03-11 06:00:00,858.4888888888889
2013-03-11 07:00:00,901.8666666666668
2013-03-11 08:00:00,914.8444444444444
2013-03-11 09:00:00,897.7777777777778
2013-03-11 10:00:00,894.5777777777778
2013-03-11 11:00:00,886.0444444444445
2013-03-11 12:00:00,871.8222222222223
2013-03-11 13:00:00,853.3333333333334
2013-03-11 14:00:00,859.3777777777779
2013-03-11 15:00:00,871.8222222222223
2013-03-11 16:00:00,921.0666666666668
2013-03-11 17:00:00,1017.4222222222222
2013-03-11 18:00:00,1024.177777777778
2013-03-11 19:00:00,989.1555555555556
2013-03-11 20:00:00,955.0222222222222
2013-03-11 21:00:00,926.4
2013-03-11 22:00:00,882.3111111111111
2013-03-11 23:00:00,822.2222222222223
2013-03-12 00:00:00,752.8888888888889
2013-03-12 01:00:00,688.3555555555556
2013-03-12 02:00:00,660.088888888889
2013-03-12 03:00:00,658.8444444444444
2013-03-12 04:00:00,698.4888888888889
2013-03-12 05:00:00,777.2444444444445
2013-03-12 06:00:00,868.2666666666667
2013-03-12 07:00:00,890.3111111111111
2013-03-12 08:00:00,891.5555555555555
2013-03-12 09:00:00,864.5333333333334
2013-03-12 10:00:00,855.6444444444445
2013-03-12 11:00:00,850.3111111111111
2013-03-12 12:00:00,838.7555555555556
2013-03-12 13:00:00,829.5111111111112
2013-03-12 14:00:00,828.2666666666667
2013-03-12 15:00:00,873.7777777777778
2013-03-12 16:00:00,925.8666666666668
2013-03-12 17:00:00,980.6222222222224
2013-03-12 18:00:00,1035.911111111111
2013-03-12 19:00:00,1004.4444444444443
2013-03-12 20:00:00,960.0
2013-03-12 21:00:00,931.0222222222222
2013-03-12 22:00:00,883.5555555555555
2013-03-12 23:00:00,827.5555555555555
2013-03-13 00:00:00,764.088888888889
2013-03-13 01:00:00,704.0
2013-03-13 02:00:00,667.9111111111112
2013-03-13 03:00:00,662.5777777777778
2013-03-13 04:00:00,699.9111111111112
2013-03-13 05:00:00,787.7333333333333
2013-03-13 06:00:00,888.5333333333334
2013-03-13 07:00:00,921.9555555555556
2013-03-13 08:00:00,930.8444444444444
2013-03-13 09:00:00,918.0444444444444
2013-03-13 10:00:00,900.9777777777778
2013-03-13 11:00:00,886.5777777777778
2013-03-13 12:00:00,867.2
2013-03-13 13:00:00,843.7333333333333
2013-03-13 14:00:00,833.6
2013-03-13 15:00:00,849.9555555555556
2013-03-13 16:00:00,907.7333333333332
2013-03-13 17:00:00,1022.5777777777778
2013-03-13 18:00:00,1035.7333333333331
2013-03-13 19:00:00,1009.9555555555556
2013-03-13 20:00:00,978.8444444444444
2013-03-13 21:00:00,944.8888888888888
2013-03-13 22:00:00,904.7111111111112
2013-03-13 23:00:00,847.6444444444445
2013-03-14 00:00:00,774.0444444444445
2013-03-14 01:00:00,723.2
2013-03-14 02:00:00,687.2888888888889
2013-03-14 03:00:00,680.5333333333333
2013-03-14 04:00:00,723.5555555555555
2013-03-14 05:00:00,795.0222222222222
2013-03-14 06:00:00,899.0222222222222
2013-03-14 07:00:00,937.9555555555556
2013-03-14 08:00:00,959.2888888888888
2013-03-14 09:00:00,957.6888888888888
2013-03-14 10:00:00,953.6
2013-03-14 11:00:00,954.8444444444444
2013-03-14 12:00:00,940.6222222222224
2013-03-14 13:00:00,942.9333333333334
2013-03-14 14:00:00,945.7777777777778
2013-03-14 15:00:00,979.377777777778
2013-03-14 16:00:00,1041.7777777777778
2013-03-14 17:00:00,1092.2666666666669
2013-03-14 18:00:00,1108.6222222222225
2013-03-14 19:00:00,1057.0666666666666
2013-03-14 20:00:00,1033.0666666666666
2013-03-14 21:00:00,1003.5555555555557
2013-03-14 22:00:00,964.088888888889
2013-03-14 23:00:00,915.2
2013-03-15 00:00:00,829.1555555555556
2013-03-15 01:00:00,774.5777777777778
2013-03-15 02:00:00,751.2888888888889
2013-03-15 03:00:00,767.1111111111111
2013-03-15 04:00:00,800.8888888888889
2013-03-15 05:00:00,880.5333333333334
2013-03-15 06:00:00,976.1777777777778
2013-03-15 07:00:00,1017.2444444444444
2013-03-15 08:00:00,1056.888888888889
2013-03-15 09:00:00,1050.4888888888888
2013-03-15 10:00:00,1046.0444444444445
2013-03-15 11:00:00,1038.5777777777778
2013-03-15 12:00:00,1021.688888888889
2013-03-15 13:00:00,997.5111111111112
2013-03-15 14:00:00,993.7777777777778
2013-03-15 15:00:00,1015.1111111111112
2013-03-15 16:00:00,1048.5333333333333
2013-03-15 17:00:00,1134.5777777777778
2013-03-15 18:00:00,1148.6222222222225
2013-03-15 19:00:00,1113.2444444444443
2013-03-15 20:00:00,1087.4666666666667
2013-03-15 21:00:00,1060.088888888889
2013-03-15 22:00:00,1017.9555555555556
2013-03-15 23:00:00,987.2
2013-03-16 00:00:00,923.5555555555557
2013-03-16 01:00:00,859.7333333333333
2013-03-16 02:00:00,821.3333333333334
2013-03-16 03:00:00,794.8444444444444
2013-03-16 04:00:00,805.8666666666667
2013-03-16 05:00:00,844.088888888889
2013-03-16 06:00:00,922.6666666666669
2013-03-16 07:00:00,984.8888888888888
2013-03-16 08:00:00,1033.9555555555555
2013-03-16 09:00:00,1037.8666666666668
2013-03-16 10:00:00,1035.2
2013-03-16 11:00:00,1028.4444444444446
2013-03-16 12:00:00,1016.0
2013-03-16 13:00:00,992.3555555555556
2013-03-16 14:00:00,979.0222222222222
2013-03-16 15:00:00,985.7777777777778
2013-03-16 16:00:00,1016.3555555555556
2013-03-16 17:00:00,1107.7333333333331
2013-03-16 18:00:00,1122.6666666666667
2013-03-16 19:00:00,1099.7333333333331
2013-03-16 20:00:00,1063.4666666666667
2013-03-16 21:00:00,1036.8
2013-03-16 22:00:00,1013.688888888889
2013-03-16 23:00:00,990.5777777777778
2013-03-17 00:00:00,926.5777777777778
2013-03-17 01:00:00,860.2666666666667
2013-03-17 02:00:00,812.2666666666667
2013-03-17 03:00:00,790.7555555555556
2013-03-17 04:00:00,790.4
2013-03-17 05:00:00,811.7333333333333
2013-03-17 06:00:00,869.8666666666667
2013-03-17 07:00:00,926.5777777777778
2013-03-17 08:00:00,972.2666666666668
2013-03-17 09:00:00,986.4888888888888
2013-03-17 10:00:00,1004.088888888889
2013-03-17 11:00:00,987.5555555555557
2013-03-17 12:00:00,957.8666666666668
2013-03-17 13:00:00,920.8888888888888
2013-03-17 14:00:00,900.2666666666667
2013-03-17 15:00:00,906.1333333333332
2013-03-17 16:00:00,949.6888888888888
2013-03-17 17:00:00,1063.8222222222223
2013-03-17 18:00:00,1106.6666666666667
2013-03-17 19:00:00,1110.4
2013-03-17 20:00:00,1086.2222222222222
2013-03-17 21:00:00,1049.4222222222222
2013-03-17 22:00:00,1001.4222222222222
2013-03-17 23:00:00,943.6444444444444
2013-03-18 00:00:00,876.088888888889
2013-03-18 01:00:00,814.0444444444445
2013-03-18 02:00:00,781.1555555555556
2013-03-18 03:00:00,770.1333333333333
2013-03-18 04:00:00,809.2444444444445
2013-03-18 05:00:00,893.8666666666667
2013-03-18 06:00:00,1017.2444444444444
2013-03-18 07:00:00,1050.4888888888888
2013-03-18 08:00:00,1075.2
2013-03-18 09:00:00,1082.4888888888888
2013-03-18 10:00:00,1075.7333333333331
2013-03-18 11:00:00,1056.0
2013-03-18 12:00:00,1041.7777777777778
2013-03-18 13:00:00,1006.9333333333334
2013-03-18 14:00:00,997.3333333333334
2013-03-18 15:00:00,1011.377777777778
2013-03-18 16:00:00,1048.888888888889
2013-03-18 17:00:00,1141.1555555555556
2013-03-18 18:00:00,1150.9333333333334
2013-03-18 19:00:00,1110.4
2013-03-18 20:00:00,1085.8666666666668
2013-03-18 21:00:00,1048.177777777778
2013-03-18 22:00:00,993.9555555555556
2013-03-18 23:00:00,944.5333333333334
2013-03-19 00:00:00,880.7111111111111
2013-03-19 01:00:00,817.4222222222222
2013-03-19 02:00:00,779.9111111111112
2013-03-19 03:00:00,761.9555555555556
2013-03-19 04:00:00,793.9555555555556
2013-03-19 05:00:00,876.9777777777778
2013-03-19 06:00:00,956.088888888889
2013-03-19 07:00:00,975.6444444444444
2013-03-19 08:00:00,965.5111111111112
2013-03-19 09:00:00,951.2888888888888
2013-03-19 10:00:00,936.3555555555556
2013-03-19 11:00:00,933.3333333333334
2013-03-19 12:00:00,908.6222222222224
2013-03-19 13:00:00,891.7333333333333
2013-03-19 14:00:00,886.2222222222223
2013-03-19 15:00:00,910.4
2013-03-19 16:00:00,955.377777777778
2013-03-19 17:00:00,1074.8444444444444
2013-03-19 18:00:00,1093.5111111111112
2013-03-19 19:00:00,1075.7333333333331
2013-03-19 20:00:00,1031.288888888889
2013-03-19 21:00:00,1017.9555555555556
2013-03-19 22:00:00,965.1555555555556
2013-03-19 23:00:00,909.8666666666668
2013-03-20 00:00:00,839.4666666666667
2013-03-20 01:00:00,779.2
2013-03-20 02:00:00,736.5333333333334
2013-03-20 03:00:00,737.6
2013-03-20 04:00:00,773.5111111111112
2013-03-20 05:00:00,857.4222222222222
2013-03-20 06:00:00,941.8666666666668
2013-03-20 07:00:00,948.8
2013-03-20 08:00:00,940.8
2013-03-20 09:00:00,903.4666666666668
2013-03-20 10:00:00,882.8444444444444
2013-03-20 11:00:00,878.4
2013-03-20 12:00:00,846.0444444444445
2013-03-20 13:00:00,821.5111111111112
2013-03-20 14:00:00,815.6444444444445
2013-03-20 15:00:00,831.1111111111112
2013-03-20 16:00:00,882.8444444444444
2013-03-20 17:00:00,1033.0666666666666
2013-03-20 18:00:00,1072.7111111111112
2013-03-20 19:00:00,1048.0
2013-03-20 20:00:00,1020.2666666666668
2013-03-20 21:00:00,974.2222222222224
2013-03-20 22:00:00,930.1333333333332
2013-03-20 23:00:00,871.2888888888889
2013-03-21 00:00:00,800.8888888888889
2013-03-21 01:00:00,750.4
2013-03-21 02:00:00,721.4222222222222
2013-03-21 03:00:00,707.3777777777779
2013-03-21 04:00:00,743.8222222222222
2013-03-21 05:00:00,828.6222222222223
2013-03-21 06:00:00,926.0444444444444
2013-03-21 07:00:00,967.2888888888888
2013-03-21 08:00:00,970.1333333333332
2013-03-21 09:00:00,964.2666666666668
2013-03-21 10:00:00,955.9111111111112
2013-03-21 11:00:00,964.9777777777778
2013-03-21 12:00:00,964.9777777777778
2013-03-21 13:00:00,972.088888888889
2013-03-21 14:00:00,967.2888888888888
2013-03-21 15:00:00,990.0444444444444
2013-03-21 16:00:00,1017.2444444444444
2013-03-21 17:00:00,1093.8666666666668
2013-03-21 18:00:00,1095.6444444444444
2013-03-21 19:00:00,1071.111111111111
2013-03-21 20:00:00,1037.1555555555556
2013-03-21 21:00:00,1007.2888888888888
2013-03-21 22:00:00,956.8
2013-03-21 23:00:00,907.2
2013-03-22 00:00:00,847.8222222222223
2013-03-22 01:00:00,791.8222222222223
2013-03-22 02:00:00,755.2
2013-03-22 03:00:00,747.2
2013-03-22 04:00:00,782.7555555555556
2013-03-22 05:00:00,863.8222222222223
2013-03-22 06:00:00,967.6444444444444
2013-03-22 07:00:00,1006.7555555555556
2013-03-22 08:00:00,1036.088888888889
2013-03-22 09:00:00,1034.8444444444444
2013-03-22 10:00:00,1041.6
2013-03-22 11:00:00,1025.7777777777778
2013-03-22 12:00:00,1005.8666666666668
2013-03-22 13:00:00,972.6222222222224
2013-03-22 14:00:00,960.1777777777778
2013-03-22 15:00:00,965.3333333333334
2013-03-22 16:00:00,999.4666666666668
2013-03-22 17:00:00,1070.9333333333334
2013-03-22 18:00:00,1089.7777777777778
2013-03-22 19:00:00,1079.8222222222223
2013-03-22 20:00:00,1053.1555555555556
2013-03-22 21:00:00,1016.3555555555556
2013-03-22 22:00:00,971.9111111111112
2013-03-22 23:00:00,931.7333333333332
2013-03-23 00:00:00,874.8444444444444
2013-03-23 01:00:00,816.8888888888889
2013-03-23 02:00:00,772.088888888889
2013-03-23 03:00:00,761.2444444444445
2013-03-23 04:00:00,766.0444444444445
2013-03-23 05:00:00,805.8666666666667
2013-03-23 06:00:00,881.6
2013-03-23 07:00:00,936.7111111111112
2013-03-23 08:00:00,961.9555555555556
2013-03-23 09:00:00,969.9555555555556
2013-03-23 10:00:00,957.6888888888888
2013-03-23 11:00:00,937.4222222222222
2013-03-23 12:00:00,923.9111111111112
2013-03-23 13:00:00,903.1111111111112
2013-03-23 14:00:00,886.0444444444445
2013-03-23 15:00:00,894.5777777777778
2013-03-23 16:00:00,946.1333333333332
2013-03-23 17:00:00,1053.8666666666668
2013-03-23 18:00:00,1086.7555555555557
2013-03-23 19:00:00,1060.6222222222225
2013-03-23 20:00:00,1024.177777777778
2013-03-23 21:00:00,989.3333333333334
2013-03-23 22:00:00,950.5777777777778
2013-03-23 23:00:00,917.3333333333334
2013-03-24 00:00:00,857.7777777777778
2013-03-24 01:00:00,793.7777777777778
2013-03-24 02:00:00,755.0222222222222
2013-03-24 03:00:00,737.7777777777778
2013-03-24 04:00:00,730.3111111111111
2013-03-24 05:00:00,771.7333333333333
2013-03-24 06:00:00,837.3333333333334
2013-03-24 07:00:00,900.4444444444445
2013-03-24 08:00:00,947.377777777778
2013-03-24 09:00:00,971.7333333333332
2013-03-24 10:00:00,978.3111111111112
2013-03-24 11:00:00,965.8666666666668
2013-03-24 12:00:00,941.5111111111112
2013-03-24 13:00:00,898.1333333333333
2013-03-24 14:00:00,891.2
2013-03-24 15:00:00,888.3555555555556
2013-03-24 16:00:00,923.7333333333332
2013-03-24 17:00:00,1050.6666666666667
2013-03-24 18:00:00,1111.111111111111
2013-03-24 19:00:00,1110.9333333333334
2013-03-24 20:00:00,1069.3333333333337
2013-03-24 21:00:00,1030.2222222222222
2013-03-24 22:00:00,983.2888888888888
2013-03-24 23:00:00,939.7333333333332
2013-03-25 00:00:00,858.4888888888889
2013-03-25 01:00:00,797.8666666666667
2013-03-25 02:00:00,750.4
2013-03-25 03:00:00,752.7111111111111
2013-03-25 04:00:00,790.2222222222223
2013-03-25 05:00:00,893.1555555555556
2013-03-25 06:00:00,998.0444444444444
2013-03-25 07:00:00,1041.6
2013-03-25 08:00:00,1072.3555555555556
2013-03-25 09:00:00,1065.4222222222222
2013-03-25 10:00:00,1054.7555555555557
2013-03-25 11:00:00,1061.3333333333337
2013-03-25 12:00:00,1050.8444444444444
2013-03-25 13:00:00,1043.911111111111
2013-03-25 14:00:00,1018.3111111111112
2013-03-25 15:00:00,1043.3777777777775
2013-03-25 16:00:00,1077.1555555555556
2013-03-25 17:00:00,1146.1333333333334
2013-03-25 18:00:00,1159.4666666666667
2013-03-25 19:00:00,1137.2444444444443
2013-03-25 20:00:00,1101.1555555555556
2013-03-25 21:00:00,1059.5555555555557
2013-03-25 22:00:00,1018.1333333333332
2013-03-25 23:00:00,973.1555555555556
2013-03-26 00:00:00,904.0
2013-03-26 01:00:00,844.088888888889
2013-03-26 02:00:00,804.9777777777778
2013-03-26 03:00:00,793.6
2013-03-26 04:00:00,827.3777777777779
2013-03-26 05:00:00,922.3111111111112
2013-03-26 06:00:00,1015.4666666666668
2013-03-26 07:00:00,1058.6666666666667
2013-03-26 08:00:00,1079.6444444444444
2013-03-26 09:00:00,1084.4444444444446
2013-03-26 10:00:00,1075.3777777777775
2013-03-26 11:00:00,1056.177777777778
2013-03-26 12:00:00,1040.0
2013-03-26 13:00:00,1015.4666666666668
2013-03-26 14:00:00,1011.5555555555557
2013-03-26 15:00:00,1026.4888888888888
2013-03-26 16:00:00,1054.9333333333334
2013-03-26 17:00:00,1132.4444444444446
2013-03-26 18:00:00,1159.6444444444444
2013-03-26 19:00:00,1140.977777777778
2013-03-26 20:00:00,1091.911111111111
2013-03-26 21:00:00,1076.088888888889
2013-03-26 22:00:00,1019.9111111111112
2013-03-26 23:00:00,964.2666666666668
2013-03-27 00:00:00,913.6
2013-03-27 01:00:00,846.4
2013-03-27 02:00:00,805.8666666666667
2013-03-27 03:00:00,789.3333333333334
2013-03-27 04:00:00,825.7777777777778
2013-03-27 05:00:00,908.6222222222224
2013-03-27 06:00:00,1025.0666666666666
2013-03-27 07:00:00,1074.3111111111111
2013-03-27 08:00:00,1086.7555555555557
2013-03-27 09:00:00,1087.4666666666667
2013-03-27 10:00:00,1085.5111111111112
2013-03-27 11:00:00,1077.1555555555556
2013-03-27 12:00:00,1043.911111111111
2013-03-27 13:00:00,1026.4888888888888
2013-03-27 14:00:00,1021.8666666666668
2013-03-27 15:00:00,1027.7333333333331
2013-03-27 16:00:00,1056.3555555555556
2013-03-27 17:00:00,1150.4
2013-03-27 18:00:00,1170.1333333333334
2013-03-27 19:00:00,1148.4444444444446
2013-03-27 20:00:00,1115.2
2013-03-27 21:00:00,1082.4888888888888
2013-03-27 22:00:00,1037.6888888888889
2013-03-27 23:00:00,979.377777777778
2013-03-28 00:00:00,910.7555555555556
2013-03-28 01:00:00,853.6888888888889
2013-03-28 02:00:00,814.5777777777778
2013-03-28 03:00:00,807.6444444444445
2013-03-28 04:00:00,835.5555555555555
2013-03-28 05:00:00,918.7555555555556
2013-03-28 06:00:00,1019.7333333333332
2013-03-28 07:00:00,1055.288888888889
2013-03-28 08:00:00,1047.6444444444444
2013-03-28 09:00:00,1037.5111111111112
2013-03-28 10:00:00,1020.088888888889
2013-03-28 11:00:00,994.8444444444444
2013-03-28 12:00:00,970.3111111111112
2013-03-28 13:00:00,940.2666666666668
2013-03-28 14:00:00,934.7555555555556
2013-03-28 15:00:00,940.6222222222224
2013-03-28 16:00:00,976.1777777777778
2013-03-28 17:00:00,1104.7111111111112
2013-03-28 18:00:00,1139.3777777777775
2013-03-28 19:00:00,1130.3111111111111
2013-03-28 20:00:00,1089.9555555555555
2013-03-28 21:00:00,1069.3333333333337
2013-03-28 22:00:00,1015.1111111111112
2013-03-28 23:00:00,959.4666666666668
2013-03-29 00:00:00,901.5111111111112
2013-03-29 01:00:00,831.1111111111112
2013-03-29 02:00:00,790.2222222222223
2013-03-29 03:00:00,780.4444444444445
2013-03-29 04:00:00,807.4666666666667
2013-03-29 05:00:00,884.088888888889
2013-03-29 06:00:00,988.088888888889
2013-03-29 07:00:00,1032.5333333333333
2013-03-29 08:00:00,1042.4888888888888
2013-03-29 09:00:00,1038.5777777777778
2013-03-29 10:00:00,1022.0444444444444
2013-03-29 11:00:00,1008.5333333333334
2013-03-29 12:00:00,984.5333333333334
2013-03-29 13:00:00,958.9333333333334
2013-03-29 14:00:00,945.2444444444444
2013-03-29 15:00:00,956.9777777777778
2013-03-29 16:00:00,981.1555555555556
2013-03-29 17:00:00,1078.9333333333334
2013-03-29 18:00:00,1104.3555555555556
2013-03-29 19:00:00,1082.6666666666667
2013-03-29 20:00:00,1041.0666666666666
2013-03-29 21:00:00,997.8666666666668
2013-03-29 22:00:00,951.1111111111112
2013-03-29 23:00:00,929.4222222222222
2013-03-30 00:00:00,867.0222222222222
2013-03-30 01:00:00,803.0222222222222
2013-03-30 02:00:00,751.2888888888889
2013-03-30 03:00:00,739.9111111111112
2013-03-30 04:00:00,745.0666666666667
2013-03-30 05:00:00,785.6
2013-03-30 06:00:00,854.5777777777778
2013-03-30 07:00:00,905.2444444444444
2013-03-30 08:00:00,938.1333333333332
2013-03-30 09:00:00,919.2888888888888
2013-03-30 10:00:00,902.0444444444444
2013-03-30 11:00:00,891.5555555555555
2013-03-30 12:00:00,876.4444444444445
2013-03-30 13:00:00,875.9111111111112
2013-03-30 14:00:00,863.1111111111112
2013-03-30 15:00:00,882.4888888888889
2013-03-30 16:00:00,918.5777777777778
2013-03-30 17:00:00,1000.3555555555556
2013-03-30 18:00:00,1030.7555555555557
2013-03-30 19:00:00,1007.8222222222224
2013-03-30 20:00:00,970.4888888888888
2013-03-30 21:00:00,928.8888888888888
2013-03-30 22:00:00,889.7777777777778
2013-03-30 23:00:00,854.4
2013-03-31 00:00:00,795.9111111111112
2013-03-31 01:00:00,727.8222222222222
2013-03-31 02:00:00,686.4
2013-03-31 03:00:00,676.9777777777778
2013-03-31 04:00:00,668.088888888889
2013-03-31 05:00:00,705.7777777777778
2013-03-31 06:00:00,763.2
2013-03-31 07:00:00,825.9555555555556
2013-03-31 08:00:00,854.2222222222223
2013-03-31 09:00:00,870.9333333333334
2013-03-31 10:00:00,872.5333333333334
2013-03-31 11:00:00,851.7333333333333
2013-03-31 12:00:00,811.7333333333333
2013-03-31 13:00:00,791.4666666666667
2013-03-31 14:00:00,777.7777777777778
2013-03-31 15:00:00,798.5777777777778
2013-03-31 16:00:00,847.4666666666667
2013-03-31 17:00:00,945.2444444444444
2013-03-31 18:00:00,987.2
2013-03-31 19:00:00,974.9333333333334
2013-03-31 20:00:00,942.2222222222224
2013-03-31 21:00:00,904.3555555555556
2013-03-31 22:00:00,865.9555555555556
2013-03-31 23:00:00,797.6888888888889
2013-04-01 00:00:00,724.4444444444445
2013-04-01 01:00:00,680.1777777777778
2013-04-01 02:00:00,667.7333333333333
2013-04-01 03:00:00,696.7111111111111
2013-04-01 04:00:00,761.0666666666667
2013-04-01 05:00:00,864.1777777777778
2013-04-01 06:00:00,930.1333333333332
2013-04-01 07:00:00,958.5777777777778
2013-04-01 08:00:00,975.1111111111112
2013-04-01 09:00:00,966.5777777777778
2013-04-01 10:00:00,953.9555555555556
2013-04-01 11:00:00,938.6666666666669
2013-04-01 12:00:00,898.6666666666667
2013-04-01 13:00:00,888.5333333333334
2013-04-01 14:00:00,877.3333333333334
2013-04-01 15:00:00,875.7333333333333
2013-04-01 16:00:00,913.6
2013-04-01 17:00:00,1014.9333333333334
2013-04-01 18:00:00,1043.2
2013-04-01 19:00:00,1025.2444444444443
2013-04-01 20:00:00,978.4888888888888
2013-04-01 21:00:00,930.8444444444444
2013-04-01 22:00:00,894.5777777777778
2013-04-01 23:00:00,822.5777777777778
2013-04-02 00:00:00,751.6444444444445
2013-04-02 01:00:00,704.8888888888889
2013-04-02 02:00:00,695.1111111111111
2013-04-02 03:00:00,724.8000000000001
2013-04-02 04:00:00,802.8444444444444
2013-04-02 05:00:00,916.2666666666668
2013-04-02 06:00:00,959.1111111111112
2013-04-02 07:00:00,972.9777777777778
2013-04-02 08:00:00,968.1777777777778
2013-04-02 09:00:00,967.8222222222224
2013-04-02 10:00:00,958.4
2013-04-02 11:00:00,947.2
2013-04-02 12:00:00,937.2444444444444
2013-04-02 13:00:00,928.1777777777778
2013-04-02 14:00:00,932.8
2013-04-02 15:00:00,953.2444444444444
2013-04-02 16:00:00,983.8222222222224
2013-04-02 17:00:00,1042.8444444444444
2013-04-02 18:00:00,1055.6444444444444
2013-04-02 19:00:00,1028.088888888889
2013-04-02 20:00:00,982.0444444444444
2013-04-02 21:00:00,936.5333333333334
2013-04-02 22:00:00,897.4222222222222
2013-04-02 23:00:00,823.8222222222223
2013-04-03 00:00:00,758.2222222222223
2013-04-03 01:00:00,717.5111111111112
2013-04-03 02:00:00,698.6666666666667
2013-04-03 03:00:00,729.6
2013-04-03 04:00:00,819.5555555555555
2013-04-03 05:00:00,920.1777777777778
2013-04-03 06:00:00,973.3333333333334
2013-04-03 07:00:00,995.5555555555557
2013-04-03 08:00:00,1001.6
2013-04-03 09:00:00,995.2
2013-04-03 10:00:00,989.3333333333334
2013-04-03 11:00:00,969.9555555555556
2013-04-03 12:00:00,949.5111111111112
2013-04-03 13:00:00,939.0222222222222
2013-04-03 14:00:00,941.6888888888888
2013-04-03 15:00:00,962.6666666666669
2013-04-03 16:00:00,1004.8
2013-04-03 17:00:00,1076.088888888889
2013-04-03 18:00:00,1080.177777777778
2013-04-03 19:00:00,1045.8666666666668
2013-04-03 20:00:00,1009.9555555555556
2013-04-03 21:00:00,965.3333333333334
2013-04-03 22:00:00,919.6444444444444
2013-04-03 23:00:00,851.2
2013-04-04 00:00:00,777.7777777777778
2013-04-04 01:00:00,742.5777777777778
2013-04-04 02:00:00,724.2666666666667
2013-04-04 03:00:00,767.8222222222223
2013-04-04 04:00:00,823.8222222222223
2013-04-04 05:00:00,943.6444444444444
2013-04-04 06:00:00,986.6666666666669
2013-04-04 07:00:00,1003.9111111111112
2013-04-04 08:00:00,1004.088888888889
2013-04-04 09:00:00,985.4222222222222
2013-04-04 10:00:00,971.2
2013-04-04 11:00:00,949.1555555555556
2013-04-04 12:00:00,920.0
2013-04-04 13:00:00,894.5777777777778
2013-04-04 14:00:00,886.0444444444445
2013-04-04 15:00:00,885.5111111111112
2013-04-04 16:00:00,926.4
2013-04-04 17:00:00,1022.9333333333334
2013-04-04 18:00:00,1070.0444444444445
2013-04-04 19:00:00,1038.9333333333334
2013-04-04 20:00:00,992.3555555555556
2013-04-04 21:00:00,944.3555555555556
2013-04-04 22:00:00,924.9777777777778
2013-04-04 23:00:00,840.5333333333334
2013-04-05 00:00:00,773.8666666666667
2013-04-05 01:00:00,729.2444444444445
2013-04-05 02:00:00,722.4888888888889
2013-04-05 03:00:00,747.0222222222222
2013-04-05 04:00:00,828.4444444444445
2013-04-05 05:00:00,940.2666666666668
2013-04-05 06:00:00,971.9111111111112
2013-04-05 07:00:00,1000.0
2013-04-05 08:00:00,1000.8888888888888
2013-04-05 09:00:00,994.8444444444444
2013-04-05 10:00:00,983.1111111111112
2013-04-05 11:00:00,963.0222222222222
2013-04-05 12:00:00,917.8666666666668
2013-04-05 13:00:00,888.1777777777778
2013-04-05 14:00:00,877.1555555555556
2013-04-05 15:00:00,873.6
2013-04-05 16:00:00,899.7333333333333
2013-04-05 17:00:00,994.3111111111112
2013-04-05 18:00:00,1022.0444444444444
2013-04-05 19:00:00,1004.8
2013-04-05 20:00:00,960.5333333333334
2013-04-05 21:00:00,923.0222222222222
2013-04-05 22:00:00,890.6666666666667
2013-04-05 23:00:00,826.4888888888889
2013-04-06 00:00:00,764.4444444444445
2013-04-06 01:00:00,714.8444444444444
2013-04-06 02:00:00,696.7111111111111
2013-04-06 03:00:00,708.088888888889
2013-04-06 04:00:00,733.5111111111112
2013-04-06 05:00:00,811.7333333333333
2013-04-06 06:00:00,882.6666666666667
2013-04-06 07:00:00,918.9333333333334
2013-04-06 08:00:00,928.3555555555556
2013-04-06 09:00:00,920.8888888888888
2013-04-06 10:00:00,917.5111111111112
2013-04-06 11:00:00,903.4666666666668
2013-04-06 12:00:00,873.6
2013-04-06 13:00:00,859.0222222222222
2013-04-06 14:00:00,855.4666666666667
2013-04-06 15:00:00,860.9777777777778
2013-04-06 16:00:00,887.4666666666667
2013-04-06 17:00:00,977.4222222222222
2013-04-06 18:00:00,1006.5777777777778
2013-04-06 19:00:00,974.4
2013-04-06 20:00:00,934.9333333333334
2013-04-06 21:00:00,889.6
2013-04-06 22:00:00,864.7111111111111
2013-04-06 23:00:00,800.8888888888889
2013-04-07 00:00:00,735.8222222222222
2013-04-07 01:00:00,693.8666666666667
2013-04-07 02:00:00,666.8444444444444
2013-04-07 03:00:00,675.0222222222222
2013-04-07 04:00:00,663.6444444444445
2013-04-07 05:00:00,726.2222222222223
2013-04-07 06:00:00,801.0666666666667
2013-04-07 07:00:00,875.2
2013-04-07 08:00:00,916.088888888889
2013-04-07 09:00:00,944.0
2013-04-07 10:00:00,945.2444444444444
2013-04-07 11:00:00,925.6888888888888
2013-04-07 12:00:00,905.0666666666668
2013-04-07 13:00:00,875.2
2013-04-07 14:00:00,882.4888888888889
2013-04-07 15:00:00,894.0444444444445
2013-04-07 16:00:00,933.6888888888888
2013-04-07 17:00:00,1008.3555555555556
2013-04-07 18:00:00,1038.2222222222222
2013-04-07 19:00:00,1013.5111111111112
2013-04-07 20:00:00,966.2222222222224
2013-04-07 21:00:00,932.088888888889
2013-04-07 22:00:00,879.4666666666667
2013-04-07 23:00:00,813.8666666666667
2013-04-08 00:00:00,752.3555555555556
2013-04-08 01:00:00,710.7555555555556
2013-04-08 02:00:00,696.5333333333334
2013-04-08 03:00:00,732.088888888889
2013-04-08 04:00:00,815.1111111111111
2013-04-08 05:00:00,922.3111111111112
2013-04-08 06:00:00,994.4888888888888
2013-04-08 07:00:00,1019.7333333333332
2013-04-08 08:00:00,1008.3555555555556
2013-04-08 09:00:00,997.5111111111112
2013-04-08 10:00:00,985.4222222222222
2013-04-08 11:00:00,966.5777777777778
2013-04-08 12:00:00,937.7777777777778
2013-04-08 13:00:00,918.5777777777778
2013-04-08 14:00:00,913.6
2013-04-08 15:00:00,915.0222222222222
2013-04-08 16:00:00,955.9111111111112
2013-04-08 17:00:00,1042.1333333333334
2013-04-08 18:00:00,1073.0666666666666
2013-04-08 19:00:00,1043.911111111111
2013-04-08 20:00:00,992.5333333333334
2013-04-08 21:00:00,949.3333333333334
2013-04-08 22:00:00,913.0666666666668
2013-04-08 23:00:00,835.3777777777779
2013-04-09 00:00:00,764.2666666666667
2013-04-09 01:00:00,725.1555555555556
2013-04-09 02:00:00,716.088888888889
2013-04-09 03:00:00,739.5555555555555
2013-04-09 04:00:00,823.8222222222223
2013-04-09 05:00:00,917.1555555555556
2013-04-09 06:00:00,956.2666666666668
2013-04-09 07:00:00,973.8666666666668
2013-04-09 08:00:00,949.5111111111112
2013-04-09 09:00:00,943.2888888888888
2013-04-09 10:00:00,922.4888888888888
2013-04-09 11:00:00,904.0
2013-04-09 12:00:00,849.0666666666667
2013-04-09 13:00:00,861.8666666666667
2013-04-09 14:00:00,871.1111111111112
2013-04-09 15:00:00,869.5111111111112
2013-04-09 16:00:00,901.5111111111112
2013-04-09 17:00:00,1001.7777777777778
2013-04-09 18:00:00,1042.8444444444444
2013-04-09 19:00:00,1016.1777777777778
2013-04-09 20:00:00,975.8222222222224
2013-04-09 21:00:00,930.4888888888888
2013-04-09 22:00:00,878.5777777777778
2013-04-09 23:00:00,798.4
2013-04-10 00:00:00,732.2666666666667
2013-04-10 01:00:00,695.4666666666667
2013-04-10 02:00:00,677.6888888888889
2013-04-10 03:00:00,726.2222222222223
2013-04-10 04:00:00,789.8666666666667
2013-04-10 05:00:00,883.9111111111112
2013-04-10 06:00:00,920.7111111111112
2013-04-10 07:00:00,931.2
2013-04-10 08:00:00,917.5111111111112
2013-04-10 09:00:00,897.2444444444445
2013-04-10 10:00:00,885.3333333333334
2013-04-10 11:00:00,868.2666666666667
2013-04-10 12:00:00,855.4666666666667
2013-04-10 13:00:00,848.0
2013-04-10 14:00:00,856.1777777777778
2013-04-10 15:00:00,875.2
2013-04-10 16:00:00,918.0444444444444
2013-04-10 17:00:00,992.3555555555556
2013-04-10 18:00:00,1033.4222222222222
2013-04-10 19:00:00,1005.8666666666668
2013-04-10 20:00:00,940.2666666666668
2013-04-10 21:00:00,892.6222222222223
2013-04-10 22:00:00,842.3111111111111
2013-04-10 23:00:00,759.4666666666667
2013-04-11 00:00:00,695.4666666666667
2013-04-11 01:00:00,666.4888888888889
2013-04-11 02:00:00,654.9333333333334
2013-04-11 03:00:00,687.1111111111111
2013-04-11 04:00:00,775.4666666666667
2013-04-11 05:00:00,869.1555555555556
2013-04-11 06:00:00,886.4
2013-04-11 07:00:00,882.8444444444444
2013-04-11 08:00:00,859.2
2013-04-11 09:00:00,843.7333333333333
2013-04-11 10:00:00,823.6444444444445
2013-04-11 11:00:00,809.0666666666667
2013-04-11 12:00:00,786.1333333333333
2013-04-11 13:00:00,769.6
2013-04-11 14:00:00,774.5777777777778
2013-04-11 15:00:00,766.9333333333334
2013-04-11 16:00:00,797.3333333333334
2013-04-11 17:00:00,913.2444444444444
2013-04-11 18:00:00,988.6222222222224
2013-04-11 19:00:00,956.2666666666668
2013-04-11 20:00:00,925.3333333333334
2013-04-11 21:00:00,859.3777777777779
2013-04-11 22:00:00,795.7333333333333
2013-04-11 23:00:00,720.3555555555556
2013-04-12 00:00:00,648.5333333333333
2013-04-12 01:00:00,612.4444444444445
2013-04-12 02:00:00,608.1777777777778
2013-04-12 03:00:00,638.9333333333334
2013-04-12 04:00:00,721.7777777777778
2013-04-12 05:00:00,819.2
2013-04-12 06:00:00,841.4222222222222
2013-04-12 07:00:00,844.4444444444445
2013-04-12 08:00:00,827.7333333333333
2013-04-12 09:00:00,815.2888888888889
2013-04-12 10:00:00,802.6666666666667
2013-04-12 11:00:00,786.4888888888889
2013-04-12 12:00:00,769.7777777777778
2013-04-12 13:00:00,752.7111111111111
2013-04-12 14:00:00,750.9333333333334
2013-04-12 15:00:00,753.0666666666667
2013-04-12 16:00:00,780.6222222222223
2013-04-12 17:00:00,863.8222222222223
2013-04-12 18:00:00,940.088888888889
2013-04-12 19:00:00,915.2
2013-04-12 20:00:00,860.6222222222223
2013-04-12 21:00:00,802.6666666666667
2013-04-12 22:00:00,746.8444444444444
2013-04-12 23:00:00,678.0444444444445
2013-04-13 00:00:00,619.2
2013-04-13 01:00:00,582.0444444444445
2013-04-13 02:00:00,580.088888888889
2013-04-13 03:00:00,594.8444444444444
2013-04-13 04:00:00,631.1111111111111
2013-04-13 05:00:00,708.6222222222223
2013-04-13 06:00:00,783.8222222222223
2013-04-13 07:00:00,820.9777777777778
2013-04-13 08:00:00,823.4666666666667
2013-04-13 09:00:00,820.9777777777778
2013-04-13 10:00:00,806.7555555555556
2013-04-13 11:00:00,791.4666666666667
2013-04-13 12:00:00,769.6
2013-04-13 13:00:00,750.9333333333334
2013-04-13 14:00:00,743.1111111111111
2013-04-13 15:00:00,741.8666666666667
2013-04-13 16:00:00,761.0666666666667
2013-04-13 17:00:00,861.5111111111112
2013-04-13 18:00:00,938.1333333333332
2013-04-13 19:00:00,894.9333333333334
2013-04-13 20:00:00,844.9777777777778
2013-04-13 21:00:00,784.0
2013-04-13 22:00:00,738.6666666666667
2013-04-13 23:00:00,662.7555555555556
2013-04-14 00:00:00,601.4222222222222
2013-04-14 01:00:00,565.5111111111112
2013-04-14 02:00:00,556.088888888889
2013-04-14 03:00:00,564.4444444444445
2013-04-14 04:00:00,585.0666666666667
2013-04-14 05:00:00,651.9111111111112
2013-04-14 06:00:00,721.2444444444445
2013-04-14 07:00:00,753.4222222222222
2013-04-14 08:00:00,773.6888888888889
2013-04-14 09:00:00,781.6888888888889
2013-04-14 10:00:00,773.8666666666667
2013-04-14 11:00:00,750.9333333333334
2013-04-14 12:00:00,725.1555555555556
2013-04-14 13:00:00,706.3111111111111
2013-04-14 14:00:00,701.6888888888889
2013-04-14 15:00:00,707.3777777777779
2013-04-14 16:00:00,736.7111111111111
2013-04-14 17:00:00,847.1111111111112
2013-04-14 18:00:00,936.7111111111112
2013-04-14 19:00:00,924.6222222222224
2013-04-14 20:00:00,864.1777777777778
2013-04-14 21:00:00,801.6
2013-04-14 22:00:00,724.6222222222223
2013-04-14 23:00:00,644.8000000000001
2013-04-15 00:00:00,585.6
2013-04-15 01:00:00,554.6666666666667
2013-04-15 02:00:00,555.7333333333333
2013-04-15 03:00:00,598.5777777777778
2013-04-15 04:00:00,691.3777777777779
2013-04-15 05:00:00,802.3111111111111
2013-04-15 06:00:00,833.0666666666667
2013-04-15 07:00:00,825.7777777777778
2013-04-15 08:00:00,806.2222222222223
2013-04-15 09:00:00,805.1555555555556
2013-04-15 10:00:00,791.4666666666667
2013-04-15 11:00:00,778.3111111111111
2013-04-15 12:00:00,763.7333333333333
2013-04-15 13:00:00,755.3777777777779
2013-04-15 14:00:00,749.1555555555556
2013-04-15 15:00:00,745.2444444444445
2013-04-15 16:00:00,778.1333333333333
2013-04-15 17:00:00,883.2
2013-04-15 18:00:00,966.4
2013-04-15 19:00:00,939.377777777778
2013-04-15 20:00:00,886.4
2013-04-15 21:00:00,824.1777777777778
2013-04-15 22:00:00,739.9111111111112
2013-04-15 23:00:00,668.8000000000001
2013-04-16 00:00:00,609.4222222222222
2013-04-16 01:00:00,579.3777777777779
2013-04-16 02:00:00,578.8444444444444
2013-04-16 03:00:00,615.4666666666667
2013-04-16 04:00:00,706.8444444444444
2013-04-16 05:00:00,811.2
2013-04-16 06:00:00,835.2
2013-04-16 07:00:00,829.6888888888889
2013-04-16 08:00:00,812.088888888889
2013-04-16 09:00:00,790.5777777777778
2013-04-16 10:00:00,777.7777777777778
2013-04-16 11:00:00,771.2
2013-04-16 12:00:00,758.9333333333334
2013-04-16 13:00:00,749.1555555555556
2013-04-16 14:00:00,751.1111111111111
2013-04-16 15:00:00,748.8000000000001
2013-04-16 16:00:00,779.7333333333333
2013-04-16 17:00:00,876.8000000000001
2013-04-16 18:00:00,968.0
2013-04-16 19:00:00,948.4444444444443
2013-04-16 20:00:00,896.0
2013-04-16 21:00:00,814.5777777777778
2013-04-16 22:00:00,732.6222222222223
2013-04-16 23:00:00,657.7777777777778
2013-04-17 00:00:00,605.6888888888889
2013-04-17 01:00:00,570.8444444444444
2013-04-17 02:00:00,569.9555555555556
2013-04-17 03:00:00,606.4
2013-04-17 04:00:00,697.4222222222222
2013-04-17 05:00:00,800.3555555555556
2013-04-17 06:00:00,822.7555555555556
2013-04-17 07:00:00,826.8444444444444
2013-04-17 08:00:00,799.8222222222223
2013-04-17 09:00:00,781.5111111111112
2013-04-17 10:00:00,771.5555555555555
2013-04-17 11:00:00,757.1555555555556
2013-04-17 12:00:00,731.5555555555555
2013-04-17 13:00:00,725.3333333333334
2013-04-17 14:00:00,720.3555555555556
2013-04-17 15:00:00,724.2666666666667
2013-04-17 16:00:00,751.8222222222222
2013-04-17 17:00:00,849.4222222222222
2013-04-17 18:00:00,946.3111111111112
2013-04-17 19:00:00,930.8444444444444
2013-04-17 20:00:00,867.5555555555555
2013-04-17 21:00:00,788.6222222222223
2013-04-17 22:00:00,708.6222222222223
2013-04-17 23:00:00,628.2666666666667
2013-04-18 00:00:00,574.7555555555556
2013-04-18 01:00:00,542.9333333333334
2013-04-18 02:00:00,544.8888888888889
2013-04-18 03:00:00,582.4
2013-04-18 04:00:00,669.6888888888889
2013-04-18 05:00:00,771.7333333333333
2013-04-18 06:00:00,797.1555555555556
2013-04-18 07:00:00,790.9333333333334
2013-04-18 08:00:00,776.1777777777778
2013-04-18 09:00:00,773.1555555555556
2013-04-18 10:00:00,764.4444444444445
2013-04-18 11:00:00,749.1555555555556
2013-04-18 12:00:00,733.5111111111112
2013-04-18 13:00:00,730.3111111111111
2013-04-18 14:00:00,722.8444444444444
2013-04-18 15:00:00,724.4444444444445
2013-04-18 16:00:00,750.4
2013-04-18 17:00:00,844.4444444444445
2013-04-18 18:00:00,932.4444444444443
2013-04-18 19:00:00,915.377777777778
2013-04-18 20:00:00,856.5333333333334
2013-04-18 21:00:00,774.5777777777778
2013-04-18 22:00:00,684.9777777777778
2013-04-18 23:00:00,616.0
2013-04-19 00:00:00,565.5111111111112
2013-04-19 01:00:00,537.0666666666667
2013-04-19 02:00:00,538.1333333333333
2013-04-19 03:00:00,573.6888888888889
2013-04-19 04:00:00,658.3111111111111
2013-04-19 05:00:00,758.9333333333334
2013-04-19 06:00:00,786.3111111111111
2013-04-19 07:00:00,786.3111111111111
2013-04-19 08:00:00,772.6222222222223
2013-04-19 09:00:00,760.7111111111111
2013-04-19 10:00:00,751.4666666666667
2013-04-19 11:00:00,741.8666666666667
2013-04-19 12:00:00,725.8666666666667
2013-04-19 13:00:00,717.6888888888889
2013-04-19 14:00:00,722.4888888888889
2013-04-19 15:00:00,709.8666666666667
2013-04-19 16:00:00,727.6444444444445
2013-04-19 17:00:00,816.3555555555556
2013-04-19 18:00:00,916.8
2013-04-19 19:00:00,891.0222222222222
2013-04-19 20:00:00,826.1333333333333
2013-04-19 21:00:00,757.8666666666667
2013-04-19 22:00:00,681.7777777777778
2013-04-19 23:00:00,610.3111111111111
2013-04-20 00:00:00,557.3333333333334
2013-04-20 01:00:00,524.8000000000001
2013-04-20 02:00:00,521.9555555555555
2013-04-20 03:00:00,537.7777777777778
2013-04-20 04:00:00,586.3111111111111
2013-04-20 05:00:00,675.0222222222222
2013-04-20 06:00:00,732.9777777777778
2013-04-20 07:00:00,758.4
2013-04-20 08:00:00,756.9777777777778
2013-04-20 09:00:00,751.2888888888889
2013-04-20 10:00:00,745.7777777777778
2013-04-20 11:00:00,734.7555555555556
2013-04-20 12:00:00,716.088888888889
2013-04-20 13:00:00,701.6888888888889
2013-04-20 14:00:00,691.5555555555555
2013-04-20 15:00:00,684.8000000000001
2013-04-20 16:00:00,699.3777777777779
2013-04-20 17:00:00,790.9333333333334
2013-04-20 18:00:00,888.5333333333334
2013-04-20 19:00:00,860.4444444444445
2013-04-20 20:00:00,806.0444444444445
2013-04-20 21:00:00,729.2444444444445
2013-04-20 22:00:00,661.5111111111112
2013-04-20 23:00:00,587.7333333333333
2013-04-21 00:00:00,530.6666666666667
2013-04-21 01:00:00,508.8
2013-04-21 02:00:00,501.6888888888889
2013-04-21 03:00:00,504.53333333333336
2013-04-21 04:00:00,536.7111111111111
2013-04-21 05:00:00,600.8888888888889
2013-04-21 06:00:00,676.8000000000001
2013-04-21 07:00:00,727.8222222222222
2013-04-21 08:00:00,739.3777777777779
2013-04-21 09:00:00,746.8444444444444
2013-04-21 10:00:00,735.6444444444445
2013-04-21 11:00:00,717.5111111111112
2013-04-21 12:00:00,686.4
2013-04-21 13:00:00,661.1555555555556
2013-04-21 14:00:00,650.6666666666667
2013-04-21 15:00:00,641.4222222222222
2013-04-21 16:00:00,661.6888888888889
2013-04-21 17:00:00,752.7111111111111
2013-04-21 18:00:00,872.5333333333334
2013-04-21 19:00:00,860.088888888889
2013-04-21 20:00:00,811.9111111111112
2013-04-21 21:00:00,732.2666666666667
2013-04-21 22:00:00,641.9555555555556
2013-04-21 23:00:00,561.0666666666667
2013-04-22 00:00:00,507.9111111111112
2013-04-22 01:00:00,489.24444444444447
2013-04-22 02:00:00,491.3777777777778
2013-04-22 03:00:00,525.5111111111112
2013-04-22 04:00:00,617.2444444444444
2013-04-22 05:00:00,724.4444444444445
2013-04-22 06:00:00,770.8444444444444
2013-04-22 07:00:00,779.7333333333333
2013-04-22 08:00:00,777.2444444444445
2013-04-22 09:00:00,765.8666666666667
2013-04-22 10:00:00,756.6222222222223
2013-04-22 11:00:00,741.5111111111112
2013-04-22 12:00:00,726.2222222222223
2013-04-22 13:00:00,720.8888888888889
2013-04-22 14:00:00,721.2444444444445
2013-04-22 15:00:00,742.9333333333334
2013-04-22 16:00:00,776.5333333333334
2013-04-22 17:00:00,843.0222222222222
2013-04-22 18:00:00,898.4888888888889
2013-04-22 19:00:00,872.1777777777778
2013-04-22 20:00:00,798.7555555555556
2013-04-22 21:00:00,727.1111111111111
2013-04-22 22:00:00,650.3111111111111
2013-04-22 23:00:00,576.8888888888889
2013-04-23 00:00:00,529.0666666666667
2013-04-23 01:00:00,508.0888888888889
2013-04-23 02:00:00,510.9333333333333
2013-04-23 03:00:00,538.1333333333333
2013-04-23 04:00:00,624.7111111111111
2013-04-23 05:00:00,726.2222222222223
2013-04-23 06:00:00,767.2888888888889
2013-04-23 07:00:00,777.6
2013-04-23 08:00:00,766.4
2013-04-23 09:00:00,760.3555555555556
2013-04-23 10:00:00,752.0
2013-04-23 11:00:00,745.6
2013-04-23 12:00:00,724.2666666666667
2013-04-23 13:00:00,716.4444444444445
2013-04-23 14:00:00,712.8888888888889
2013-04-23 15:00:00,704.8888888888889
2013-04-23 16:00:00,718.0444444444445
2013-04-23 17:00:00,787.7333333333333
2013-04-23 18:00:00,891.7333333333333
2013-04-23 19:00:00,864.5333333333334
2013-04-23 20:00:00,812.4444444444445
2013-04-23 21:00:00,730.8444444444444
2013-04-23 22:00:00,642.3111111111111
2013-04-23 23:00:00,564.6222222222223
2013-04-24 00:00:00,526.0444444444445
2013-04-24 01:00:00,497.6
2013-04-24 02:00:00,502.5777777777778
2013-04-24 03:00:00,532.6222222222223
2013-04-24 04:00:00,622.4
2013-04-24 05:00:00,723.2
2013-04-24 06:00:00,763.2
2013-04-24 07:00:00,765.1555555555556
2013-04-24 08:00:00,761.6
2013-04-24 09:00:00,758.4
2013-04-24 10:00:00,752.3555555555556
2013-04-24 11:00:00,739.2
2013-04-24 12:00:00,718.7555555555556
2013-04-24 13:00:00,716.4444444444445
2013-04-24 14:00:00,711.8222222222222
2013-04-24 15:00:00,698.3111111111111
2013-04-24 16:00:00,701.6888888888889
2013-04-24 17:00:00,772.4444444444445
2013-04-24 18:00:00,882.4888888888889
2013-04-24 19:00:00,869.1555555555556
2013-04-24 20:00:00,799.4666666666667
2013-04-24 21:00:00,721.2444444444445
2013-04-24 22:00:00,629.6888888888889
2013-04-24 23:00:00,554.1333333333333
2013-04-25 00:00:00,513.2444444444444
2013-04-25 01:00:00,489.6
2013-04-25 02:00:00,488.0
2013-04-25 03:00:00,519.1111111111111
2013-04-25 04:00:00,601.0666666666667
2013-04-25 05:00:00,709.5111111111112
2013-04-25 06:00:00,747.7333333333333
2013-04-25 07:00:00,760.1777777777778
2013-04-25 08:00:00,752.1777777777778
2013-04-25 09:00:00,754.6666666666667
2013-04-25 10:00:00,746.6666666666667
2013-04-25 11:00:00,743.2888888888889
2013-04-25 12:00:00,727.4666666666667
2013-04-25 13:00:00,721.7777777777778
2013-04-25 14:00:00,709.3333333333334
2013-04-25 15:00:00,703.8222222222222
2013-04-25 16:00:00,708.4444444444445
2013-04-25 17:00:00,763.9111111111112
2013-04-25 18:00:00,868.2666666666667
2013-04-25 19:00:00,868.9777777777778
2013-04-25 20:00:00,799.4666666666667
2013-04-25 21:00:00,721.0666666666667
2013-04-25 22:00:00,625.4222222222222
2013-04-25 23:00:00,550.5777777777778
2013-04-26 00:00:00,504.8888888888889
2013-04-26 01:00:00,475.3777777777778
2013-04-26 02:00:00,484.8
2013-04-26 03:00:00,511.6444444444445
2013-04-26 04:00:00,590.4
2013-04-26 05:00:00,688.1777777777778
2013-04-26 06:00:00,731.2
2013-04-26 07:00:00,737.7777777777778
2013-04-26 08:00:00,734.4
2013-04-26 09:00:00,745.0666666666667
2013-04-26 10:00:00,738.4888888888889
2013-04-26 11:00:00,733.5111111111112
2013-04-26 12:00:00,723.2
2013-04-26 13:00:00,711.6444444444445
2013-04-26 14:00:00,708.4444444444445
2013-04-26 15:00:00,699.7333333333333
2013-04-26 16:00:00,701.6888888888889
2013-04-26 17:00:00,749.6888888888889
2013-04-26 18:00:00,854.5777777777778
2013-04-26 19:00:00,841.6
2013-04-26 20:00:00,775.4666666666667
2013-04-26 21:00:00,698.1333333333333
2013-04-26 22:00:00,620.2666666666667
2013-04-26 23:00:00,547.7333333333333
2013-04-27 00:00:00,503.4666666666667
2013-04-27 01:00:00,476.9777777777778
2013-04-27 02:00:00,478.0444444444445
2013-04-27 03:00:00,495.6444444444445
2013-04-27 04:00:00,536.5333333333333
2013-04-27 05:00:00,619.9111111111112
2013-04-27 06:00:00,702.4
2013-04-27 07:00:00,722.3111111111111
2013-04-27 08:00:00,724.088888888889
2013-04-27 09:00:00,742.2222222222223
2013-04-27 10:00:00,726.7555555555556
2013-04-27 11:00:00,722.8444444444444
2013-04-27 12:00:00,704.5333333333334
2013-04-27 13:00:00,687.6444444444445
2013-04-27 14:00:00,675.7333333333333
2013-04-27 15:00:00,670.2222222222223
2013-04-27 16:00:00,673.2444444444445
2013-04-27 17:00:00,724.4444444444445
2013-04-27 18:00:00,823.1111111111111
2013-04-27 19:00:00,800.7111111111111
2013-04-27 20:00:00,735.4666666666667
2013-04-27 21:00:00,676.2666666666667
2013-04-27 22:00:00,604.8000000000001
2013-04-27 23:00:00,531.9111111111112
2013-04-28 00:00:00,482.6666666666667
2013-04-28 01:00:00,467.9111111111112
2013-04-28 02:00:00,463.6444444444445
2013-04-28 03:00:00,458.4888888888889
2013-04-28 04:00:00,478.7555555555556
2013-04-28 05:00:00,556.9777777777778
2013-04-28 06:00:00,628.4444444444445
2013-04-28 07:00:00,675.3777777777779
2013-04-28 08:00:00,689.4222222222222
2013-04-28 09:00:00,707.2
2013-04-28 10:00:00,697.2444444444445
2013-04-28 11:00:00,683.0222222222222
2013-04-28 12:00:00,654.9333333333334
2013-04-28 13:00:00,637.3333333333334
2013-04-28 14:00:00,631.8222222222222
2013-04-28 15:00:00,623.6444444444445
2013-04-28 16:00:00,625.7777777777778
2013-04-28 17:00:00,683.9111111111112
2013-04-28 18:00:00,789.8666666666667
2013-04-28 19:00:00,784.0
2013-04-28 20:00:00,732.6222222222223
2013-04-28 21:00:00,666.1333333333333
2013-04-28 22:00:00,589.5111111111112
2013-04-28 23:00:00,519.2888888888889
2013-04-29 00:00:00,477.1555555555556
2013-04-29 01:00:00,458.31111111111113
2013-04-29 02:00:00,463.4666666666667
2013-04-29 03:00:00,485.6888888888889
2013-04-29 04:00:00,568.5333333333333
2013-04-29 05:00:00,673.2444444444445
2013-04-29 06:00:00,721.9555555555556
2013-04-29 07:00:00,740.088888888889
2013-04-29 08:00:00,736.8888888888889
2013-04-29 09:00:00,739.9111111111112
2013-04-29 10:00:00,742.7555555555556
2013-04-29 11:00:00,738.3111111111111
2013-04-29 12:00:00,718.7555555555556
2013-04-29 13:00:00,714.6666666666667
2013-04-29 14:00:00,709.5111111111112
2013-04-29 15:00:00,694.4
2013-04-29 16:00:00,692.6222222222223
2013-04-29 17:00:00,740.088888888889
2013-04-29 18:00:00,846.9333333333334
2013-04-29 19:00:00,828.6222222222223
2013-04-29 20:00:00,767.8222222222223
2013-04-29 21:00:00,694.2222222222223
2013-04-29 22:00:00,608.7111111111111
2013-04-29 23:00:00,536.3555555555556
2013-04-30 00:00:00,489.4222222222222
2013-04-30 01:00:00,465.06666666666666
2013-04-30 02:00:00,473.06666666666666
2013-04-30 03:00:00,496.3555555555556
2013-04-30 04:00:00,564.2666666666667
2013-04-30 05:00:00,652.4444444444445
2013-04-30 06:00:00,702.2222222222223
2013-04-30 07:00:00,725.8666666666667
2013-04-30 08:00:00,732.4444444444445
2013-04-30 09:00:00,739.9111111111112
2013-04-30 10:00:00,742.9333333333334
2013-04-30 11:00:00,737.7777777777778
2013-04-30 12:00:00,723.9111111111112
2013-04-30 13:00:00,714.8444444444444
2013-04-30 14:00:00,707.7333333333333
2013-04-30 15:00:00,692.6222222222223
2013-04-30 16:00:00,691.2
2013-04-30 17:00:00,732.6222222222223
2013-04-30 18:00:00,819.3777777777779
2013-04-30 19:00:00,794.8444444444444
2013-04-30 20:00:00,744.8888888888889
2013-04-30 21:00:00,681.4222222222222
2013-04-30 22:00:00,597.8666666666667
2013-04-30 23:00:00,525.1555555555556
2013-05-01 00:00:00,477.6888888888889
2013-05-01 01:00:00,451.02222222222224
2013-05-01 02:00:00,450.6666666666667
2013-05-01 03:00:00,456.7111111111111
2013-05-01 04:00:00,484.9777777777778
2013-05-01 05:00:00,570.1333333333333
2013-05-01 06:00:00,632.8888888888889
2013-05-01 07:00:00,664.1777777777778
2013-05-01 08:00:00,669.8666666666667
2013-05-01 09:00:00,659.5555555555555
2013-05-01 10:00:00,655.2888888888889
2013-05-01 11:00:00,643.0222222222222
2013-05-01 12:00:00,617.2444444444444
2013-05-01 13:00:00,603.7333333333333
2013-05-01 14:00:00,601.7777777777778
2013-05-01 15:00:00,593.0666666666667
2013-05-01 16:00:00,601.6
2013-05-01 17:00:00,644.8000000000001
2013-05-01 18:00:00,754.4888888888889
2013-05-01 19:00:00,756.088888888889
2013-05-01 20:00:00,705.4222222222222
2013-05-01 21:00:00,640.1777777777778
2013-05-01 22:00:00,556.8000000000001
2013-05-01 23:00:00,491.9111111111112
2013-05-02 00:00:00,458.8444444444444
2013-05-02 01:00:00,433.4222222222222
2013-05-02 02:00:00,435.02222222222224
2013-05-02 03:00:00,444.44444444444446
2013-05-02 04:00:00,489.4222222222222
2013-05-02 05:00:00,566.2222222222223
2013-05-02 06:00:00,629.5111111111112
2013-05-02 07:00:00,674.1333333333333
2013-05-02 08:00:00,677.8666666666667
2013-05-02 09:00:00,687.8222222222222
2013-05-02 10:00:00,697.7777777777778
2013-05-02 11:00:00,693.5111111111112
2013-05-02 12:00:00,683.9111111111112
2013-05-02 13:00:00,670.5777777777778
2013-05-02 14:00:00,656.5333333333333
2013-05-02 15:00:00,653.5111111111112
2013-05-02 16:00:00,660.4444444444445
2013-05-02 17:00:00,713.6
2013-05-02 18:00:00,786.8444444444444
2013-05-02 19:00:00,782.7555555555556
2013-05-02 20:00:00,712.8888888888889
2013-05-02 21:00:00,639.4666666666667
2013-05-02 22:00:00,564.088888888889
2013-05-02 23:00:00,499.5555555555556
2013-05-03 00:00:00,461.6888888888889
2013-05-03 01:00:00,435.9111111111112
2013-05-03 02:00:00,437.6888888888889
2013-05-03 03:00:00,437.33333333333337
2013-05-03 04:00:00,482.6666666666667
2013-05-03 05:00:00,563.0222222222222
2013-05-03 06:00:00,631.4666666666667
2013-05-03 07:00:00,668.9777777777778
2013-05-03 08:00:00,687.6444444444445
2013-05-03 09:00:00,697.4222222222222
2013-05-03 10:00:00,696.0
2013-05-03 11:00:00,686.2222222222223
2013-05-03 12:00:00,668.088888888889
2013-05-03 13:00:00,655.2888888888889
2013-05-03 14:00:00,647.8222222222222
2013-05-03 15:00:00,639.1111111111111
2013-05-03 16:00:00,645.1555555555556
2013-05-03 17:00:00,669.6888888888889
2013-05-03 18:00:00,754.6666666666667
2013-05-03 19:00:00,747.3777777777779
2013-05-03 20:00:00,693.5111111111112
2013-05-03 21:00:00,632.7111111111111
2013-05-03 22:00:00,563.3777777777779
2013-05-03 23:00:00,503.8222222222223
2013-05-04 00:00:00,465.06666666666666
2013-05-04 01:00:00,441.4222222222222
2013-05-04 02:00:00,438.5777777777778
2013-05-04 03:00:00,451.02222222222224
2013-05-04 04:00:00,498.4888888888889
2013-05-04 05:00:00,582.9333333333334
2013-05-04 06:00:00,650.4888888888889
2013-05-04 07:00:00,691.3777777777779
2013-05-04 08:00:00,709.3333333333334
2013-05-04 09:00:00,719.2888888888889
2013-05-04 10:00:00,726.7555555555556
2013-05-04 11:00:00,723.7333333333333
2013-05-04 12:00:00,710.9333333333334
2013-05-04 13:00:00,701.3333333333334
2013-05-04 14:00:00,694.7555555555556
2013-05-04 15:00:00,685.6888888888889
2013-05-04 16:00:00,684.4444444444445
2013-05-04 17:00:00,715.9111111111112
2013-05-04 18:00:00,813.5111111111112
2013-05-04 19:00:00,816.5333333333334
2013-05-04 20:00:00,759.8222222222222
2013-05-04 21:00:00,682.4888888888889
2013-05-04 22:00:00,596.088888888889
2013-05-04 23:00:00,511.4666666666667
2013-05-05 00:00:00,462.22222222222223
2013-05-05 01:00:00,434.8444444444444
2013-05-05 02:00:00,429.8666666666667
2013-05-05 03:00:00,428.0888888888889
2013-05-05 04:00:00,461.33333333333337
2013-05-05 05:00:00,542.4
2013-05-05 06:00:00,620.6222222222223
2013-05-05 07:00:00,663.2888888888889
2013-05-05 08:00:00,669.6888888888889
2013-05-05 09:00:00,661.8666666666667
2013-05-05 10:00:00,640.1777777777778
2013-05-05 11:00:00,615.8222222222222
2013-05-05 12:00:00,587.9111111111112
2013-05-05 13:00:00,567.2888888888889
2013-05-05 14:00:00,560.8888888888889
2013-05-05 15:00:00,558.5777777777778
2013-05-05 16:00:00,562.4888888888889
2013-05-05 17:00:00,606.7555555555556
2013-05-05 18:00:00,700.4444444444445
2013-05-05 19:00:00,704.8888888888889
2013-05-05 20:00:00,659.3777777777779
2013-05-05 21:00:00,609.6
2013-05-05 22:00:00,539.7333333333333
2013-05-05 23:00:00,481.24444444444447
2013-05-06 00:00:00,447.1111111111112
2013-05-06 01:00:00,418.1333333333333
2013-05-06 02:00:00,422.0444444444445
2013-05-06 03:00:00,428.2666666666667
2013-05-06 04:00:00,462.0444444444445
2013-05-06 05:00:00,541.3333333333334
2013-05-06 06:00:00,606.4
2013-05-06 07:00:00,645.6888888888889
2013-05-06 08:00:00,659.5555555555555
2013-05-06 09:00:00,661.8666666666667
2013-05-06 10:00:00,657.4222222222222
2013-05-06 11:00:00,642.4888888888889
2013-05-06 12:00:00,621.1555555555556
2013-05-06 13:00:00,611.9111111111112
2013-05-06 14:00:00,607.6444444444445
2013-05-06 15:00:00,606.0444444444445
2013-05-06 16:00:00,632.8888888888889
2013-05-06 17:00:00,685.3333333333334
2013-05-06 18:00:00,731.2
2013-05-06 19:00:00,714.3111111111111
2013-05-06 20:00:00,665.2444444444445
2013-05-06 21:00:00,621.8666666666667
2013-05-06 22:00:00,552.0
2013-05-06 23:00:00,492.44444444444446
2013-05-07 00:00:00,460.44444444444446
2013-05-07 01:00:00,437.33333333333337
2013-05-07 02:00:00,438.22222222222223
2013-05-07 03:00:00,459.3777777777778
2013-05-07 04:00:00,529.4222222222222
2013-05-07 05:00:00,634.6666666666667
2013-05-07 06:00:00,688.8888888888889
2013-05-07 07:00:00,716.4444444444445
2013-05-07 08:00:00,723.9111111111112
2013-05-07 09:00:00,728.1777777777778
2013-05-07 10:00:00,713.2444444444445
2013-05-07 11:00:00,694.2222222222223
2013-05-07 12:00:00,669.3333333333334
2013-05-07 13:00:00,677.1555555555556
2013-05-07 14:00:00,675.9111111111112
2013-05-07 15:00:00,674.8444444444444
2013-05-07 16:00:00,684.8000000000001
2013-05-07 17:00:00,728.3555555555556
2013-05-07 18:00:00,792.1777777777778
2013-05-07 19:00:00,776.0
2013-05-07 20:00:00,722.3111111111111
2013-05-07 21:00:00,665.6
2013-05-07 22:00:00,581.1555555555556
2013-05-07 23:00:00,520.0
2013-05-08 00:00:00,479.2888888888889
2013-05-08 01:00:00,457.77777777777777
2013-05-08 02:00:00,467.5555555555556
2013-05-08 03:00:00,488.53333333333336
2013-05-08 04:00:00,583.2888888888889
2013-05-08 05:00:00,662.7555555555556
2013-05-08 06:00:00,700.6222222222223
2013-05-08 07:00:00,718.7555555555556
2013-05-08 08:00:00,717.8666666666667
2013-05-08 09:00:00,718.7555555555556
2013-05-08 10:00:00,721.2444444444445
2013-05-08 11:00:00,704.7111111111111
2013-05-08 12:00:00,685.3333333333334
2013-05-08 13:00:00,681.4222222222222
2013-05-08 14:00:00,676.088888888889
2013-05-08 15:00:00,678.2222222222223
2013-05-08 16:00:00,698.1333333333333
2013-05-08 17:00:00,745.0666666666667
2013-05-08 18:00:00,807.4666666666667
2013-05-08 19:00:00,802.6666666666667
2013-05-08 20:00:00,735.1111111111111
2013-05-08 21:00:00,671.4666666666667
2013-05-08 22:00:00,595.9111111111112
2013-05-08 23:00:00,535.4666666666667
2013-05-09 00:00:00,501.1555555555556
2013-05-09 01:00:00,475.02222222222224
2013-05-09 02:00:00,483.9111111111112
2013-05-09 03:00:00,505.24444444444447
2013-05-09 04:00:00,571.0222222222222
2013-05-09 05:00:00,674.6666666666667
2013-05-09 06:00:00,733.8666666666667
2013-05-09 07:00:00,759.4666666666667
2013-05-09 08:00:00,758.0444444444445
2013-05-09 09:00:00,762.8444444444444
2013-05-09 10:00:00,755.7333333333333
2013-05-09 11:00:00,734.2222222222223
2013-05-09 12:00:00,714.8444444444444
2013-05-09 13:00:00,706.4888888888889
2013-05-09 14:00:00,704.1777777777778
2013-05-09 15:00:00,692.2666666666667
2013-05-09 16:00:00,701.6888888888889
2013-05-09 17:00:00,746.1333333333333
2013-05-09 18:00:00,837.1555555555556
2013-05-09 19:00:00,836.4444444444445
2013-05-09 20:00:00,778.4888888888889
2013-05-09 21:00:00,704.8888888888889
2013-05-09 22:00:00,616.7111111111111
2013-05-09 23:00:00,542.9333333333334
2013-05-10 00:00:00,504.1777777777778
2013-05-10 01:00:00,478.0444444444445
2013-05-10 02:00:00,482.31111111111113
2013-05-10 03:00:00,504.1777777777778
2013-05-10 04:00:00,575.8222222222222
2013-05-10 05:00:00,676.2666666666667
2013-05-10 06:00:00,722.6666666666667
2013-05-10 07:00:00,729.6
2013-05-10 08:00:00,734.7555555555556
2013-05-10 09:00:00,732.2666666666667
2013-05-10 10:00:00,729.6
2013-05-10 11:00:00,727.2888888888889
2013-05-10 12:00:00,713.4222222222222
2013-05-10 13:00:00,709.3333333333334
2013-05-10 14:00:00,701.1555555555556
2013-05-10 15:00:00,686.4
2013-05-10 16:00:00,684.2666666666667
2013-05-10 17:00:00,712.5333333333334
2013-05-10 18:00:00,821.8666666666667
2013-05-10 19:00:00,822.4
2013-05-10 20:00:00,762.4888888888889
2013-05-10 21:00:00,698.1333333333333
2013-05-10 22:00:00,621.5111111111112
2013-05-10 23:00:00,548.088888888889
2013-05-11 00:00:00,504.8888888888889
2013-05-11 01:00:00,475.02222222222224
2013-05-11 02:00:00,476.0888888888889
2013-05-11 03:00:00,480.3555555555556
2013-05-11 04:00:00,524.088888888889
2013-05-11 05:00:00,609.7777777777778
2013-05-11 06:00:00,677.6888888888889
2013-05-11 07:00:00,710.4
2013-05-11 08:00:00,724.088888888889
2013-05-11 09:00:00,733.1555555555556
2013-05-11 10:00:00,727.1111111111111
2013-05-11 11:00:00,724.8000000000001
2013-05-11 12:00:00,705.6
2013-05-11 13:00:00,689.7777777777778
2013-05-11 14:00:00,684.2666666666667
2013-05-11 15:00:00,675.7333333333333
2013-05-11 16:00:00,690.4888888888889
2013-05-11 17:00:00,726.5777777777778
2013-05-11 18:00:00,803.9111111111112
2013-05-11 19:00:00,779.3777777777779
2013-05-11 20:00:00,734.9333333333334
2013-05-11 21:00:00,675.3777777777779
2013-05-11 22:00:00,591.1111111111111
2013-05-11 23:00:00,528.5333333333333
2013-05-12 00:00:00,485.33333333333337
2013-05-12 01:00:00,468.0888888888889
2013-05-12 02:00:00,461.33333333333337
2013-05-12 03:00:00,458.6666666666667
2013-05-12 04:00:00,479.6444444444445
2013-05-12 05:00:00,550.2222222222223
2013-05-12 06:00:00,623.2888888888889
2013-05-12 07:00:00,684.6222222222223
2013-05-12 08:00:00,721.4222222222222
2013-05-12 09:00:00,726.9333333333334
2013-05-12 10:00:00,729.0666666666667
2013-05-12 11:00:00,710.0444444444445
2013-05-12 12:00:00,681.2444444444445
2013-05-12 13:00:00,661.3333333333334
2013-05-12 14:00:00,656.8888888888889
2013-05-12 15:00:00,656.8888888888889
2013-05-12 16:00:00,683.2
2013-05-12 17:00:00,730.1333333333333
2013-05-12 18:00:00,789.6888888888889
2013-05-12 19:00:00,778.8444444444444
2013-05-12 20:00:00,727.1111111111111
2013-05-12 21:00:00,666.8444444444444
2013-05-12 22:00:00,583.8222222222222
2013-05-12 23:00:00,520.5333333333333
2013-05-13 00:00:00,480.7111111111111
2013-05-13 01:00:00,464.1777777777778
2013-05-13 02:00:00,470.5777777777778
2013-05-13 03:00:00,480.0
2013-05-13 04:00:00,567.8222222222222
2013-05-13 05:00:00,683.0222222222222
2013-05-13 06:00:00,743.1111111111111
2013-05-13 07:00:00,771.9111111111112
2013-05-13 08:00:00,782.0444444444445
2013-05-13 09:00:00,783.4666666666667
2013-05-13 10:00:00,787.9111111111112
2013-05-13 11:00:00,776.1777777777778
2013-05-13 12:00:00,757.1555555555556
2013-05-13 13:00:00,753.7777777777778
2013-05-13 14:00:00,752.0
2013-05-13 15:00:00,758.5777777777778
2013-05-13 16:00:00,780.4444444444445
2013-05-13 17:00:00,818.3111111111111
2013-05-13 18:00:00,865.2444444444445
2013-05-13 19:00:00,851.2
2013-05-13 20:00:00,780.2666666666667
2013-05-13 21:00:00,714.4888888888889
2013-05-13 22:00:00,628.088888888889
2013-05-13 23:00:00,554.4888888888889
2013-05-14 00:00:00,526.2222222222223
2013-05-14 01:00:00,493.1555555555556
2013-05-14 02:00:00,495.2888888888889
2013-05-14 03:00:00,519.4666666666667
2013-05-14 04:00:00,598.4
2013-05-14 05:00:00,701.8666666666667
2013-05-14 06:00:00,744.1777777777778
2013-05-14 07:00:00,763.2
2013-05-14 08:00:00,756.8000000000001
2013-05-14 09:00:00,744.8888888888889
2013-05-14 10:00:00,735.4666666666667
2013-05-14 11:00:00,725.3333333333334
2013-05-14 12:00:00,709.3333333333334
2013-05-14 13:00:00,700.088888888889
2013-05-14 14:00:00,697.4222222222222
2013-05-14 15:00:00,696.8888888888889
2013-05-14 16:00:00,717.5111111111112
2013-05-14 17:00:00,754.3111111111111
2013-05-14 18:00:00,857.0666666666667
2013-05-14 19:00:00,857.6
2013-05-14 20:00:00,801.7777777777778
2013-05-14 21:00:00,726.9333333333334
2013-05-14 22:00:00,636.4444444444445
2013-05-14 23:00:00,551.8222222222222
2013-05-15 00:00:00,514.4888888888889
2013-05-15 01:00:00,488.8888888888889
2013-05-15 02:00:00,493.5111111111111
2013-05-15 03:00:00,518.7555555555556
2013-05-15 04:00:00,597.3333333333334
2013-05-15 05:00:00,697.9555555555556
2013-05-15 06:00:00,741.5111111111112
2013-05-15 07:00:00,758.2222222222223
2013-05-15 08:00:00,755.0222222222222
2013-05-15 09:00:00,758.2222222222223
2013-05-15 10:00:00,737.2444444444445
2013-05-15 11:00:00,721.4222222222222
2013-05-15 12:00:00,710.9333333333334
2013-05-15 13:00:00,702.5777777777778
2013-05-15 14:00:00,699.7333333333333
2013-05-15 15:00:00,688.1777777777778
2013-05-15 16:00:00,694.5777777777778
2013-05-15 17:00:00,730.1333333333333
2013-05-15 18:00:00,855.1111111111112
2013-05-15 19:00:00,863.2888888888889
2013-05-15 20:00:00,800.3555555555556
2013-05-15 21:00:00,724.8000000000001
2013-05-15 22:00:00,626.4888888888889
2013-05-15 23:00:00,552.8888888888889
2013-05-16 00:00:00,506.4888888888889
2013-05-16 01:00:00,486.7555555555556
2013-05-16 02:00:00,492.0888888888889
2013-05-16 03:00:00,513.7777777777778
2013-05-16 04:00:00,595.5555555555555
2013-05-16 05:00:00,688.8888888888889
2013-05-16 06:00:00,729.2444444444445
2013-05-16 07:00:00,743.2888888888889
2013-05-16 08:00:00,746.1333333333333
2013-05-16 09:00:00,751.2888888888889
2013-05-16 10:00:00,743.2888888888889
2013-05-16 11:00:00,735.6444444444445
2013-05-16 12:00:00,722.4888888888889
2013-05-16 13:00:00,721.4222222222222
2013-05-16 14:00:00,715.5555555555555
2013-05-16 15:00:00,708.9777777777778
2013-05-16 16:00:00,731.9111111111112
2013-05-16 17:00:00,773.5111111111112
2013-05-16 18:00:00,848.8888888888889
2013-05-16 19:00:00,853.1555555555556
2013-05-16 20:00:00,774.9333333333334
2013-05-16 21:00:00,708.4444444444445
2013-05-16 22:00:00,616.3555555555556
2013-05-16 23:00:00,547.5555555555555
2013-05-17 00:00:00,507.3777777777778
2013-05-17 01:00:00,480.8888888888889
2013-05-17 02:00:00,484.2666666666667
2013-05-17 03:00:00,508.44444444444446
2013-05-17 04:00:00,582.0444444444445
2013-05-17 05:00:00,678.7555555555556
2013-05-17 06:00:00,724.9777777777778
2013-05-17 07:00:00,741.1555555555556
2013-05-17 08:00:00,745.0666666666667
2013-05-17 09:00:00,744.8888888888889
2013-05-17 10:00:00,739.7333333333333
2013-05-17 11:00:00,727.1111111111111
2013-05-17 12:00:00,714.6666666666667
2013-05-17 13:00:00,708.6222222222223
2013-05-17 14:00:00,703.8222222222222
2013-05-17 15:00:00,698.8444444444444
2013-05-17 16:00:00,710.4
2013-05-17 17:00:00,738.1333333333333
2013-05-17 18:00:00,819.3777777777779
2013-05-17 19:00:00,811.7333333333333
2013-05-17 20:00:00,759.2888888888889
2013-05-17 21:00:00,704.5333333333334
2013-05-17 22:00:00,618.8444444444444
2013-05-17 23:00:00,554.4888888888889
2013-05-18 00:00:00,508.9777777777778
2013-05-18 01:00:00,483.3777777777778
2013-05-18 02:00:00,479.6444444444445
2013-05-18 03:00:00,490.8444444444445
2013-05-18 04:00:00,529.7777777777778
2013-05-18 05:00:00,615.4666666666667
2013-05-18 06:00:00,679.6444444444445
2013-05-18 07:00:00,721.2444444444445
2013-05-18 08:00:00,733.1555555555556
2013-05-18 09:00:00,735.1111111111111
2013-05-18 10:00:00,725.1555555555556
2013-05-18 11:00:00,721.6
2013-05-18 12:00:00,711.8222222222222
2013-05-18 13:00:00,700.8000000000001
2013-05-18 14:00:00,686.7555555555556
2013-05-18 15:00:00,672.1777777777778
2013-05-18 16:00:00,659.0222222222222
2013-05-18 17:00:00,683.9111111111112
2013-05-18 18:00:00,780.6222222222223
2013-05-18 19:00:00,795.7333333333333
2013-05-18 20:00:00,753.7777777777778
2013-05-18 21:00:00,686.2222222222223
2013-05-18 22:00:00,614.7555555555556
2013-05-18 23:00:00,549.1555555555556
2013-05-19 00:00:00,498.6666666666667
2013-05-19 01:00:00,474.8444444444444
2013-05-19 02:00:00,465.06666666666666
2013-05-19 03:00:00,457.9555555555556
2013-05-19 04:00:00,492.6222222222223
2013-05-19 05:00:00,562.3111111111111
2013-05-19 06:00:00,634.4888888888889
2013-05-19 07:00:00,683.0222222222222
2013-05-19 08:00:00,712.0
2013-05-19 09:00:00,719.6444444444445
2013-05-19 10:00:00,718.2222222222223
2013-05-19 11:00:00,699.2
2013-05-19 12:00:00,679.6444444444445
2013-05-19 13:00:00,659.0222222222222
2013-05-19 14:00:00,648.3555555555556
2013-05-19 15:00:00,640.8888888888889
2013-05-19 16:00:00,631.8222222222222
2013-05-19 17:00:00,660.4444444444445
2013-05-19 18:00:00,770.8444444444444
2013-05-19 19:00:00,816.7111111111111
2013-05-19 20:00:00,768.5333333333334
2013-05-19 21:00:00,699.7333333333333
2013-05-19 22:00:00,605.8666666666667
2013-05-19 23:00:00,533.3333333333334
2013-05-20 00:00:00,485.8666666666667
2013-05-20 01:00:00,467.73333333333335
2013-05-20 02:00:00,468.9777777777778
2013-05-20 03:00:00,490.1333333333333
2013-05-20 04:00:00,565.6888888888889
2013-05-20 05:00:00,659.7333333333333
2013-05-20 06:00:00,710.0444444444445
2013-05-20 07:00:00,735.2888888888889
2013-05-20 08:00:00,740.088888888889
2013-05-20 09:00:00,739.2
2013-05-20 10:00:00,730.6666666666667
2013-05-20 11:00:00,716.088888888889
2013-05-20 12:00:00,708.088888888889
2013-05-20 13:00:00,709.1555555555556
2013-05-20 14:00:00,697.2444444444445
2013-05-20 15:00:00,680.7111111111111
2013-05-20 16:00:00,687.6444444444445
2013-05-20 17:00:00,711.4666666666667
2013-05-20 18:00:00,810.1333333333333
2013-05-20 19:00:00,821.1555555555556
2013-05-20 20:00:00,769.0666666666667
2013-05-20 21:00:00,688.0
2013-05-20 22:00:00,611.2
2013-05-20 23:00:00,540.4444444444445
2013-05-21 00:00:00,494.4
2013-05-21 01:00:00,473.77777777777777
2013-05-21 02:00:00,481.6
2013-05-21 03:00:00,499.3777777777778
2013-05-21 04:00:00,586.4888888888889
2013-05-21 05:00:00,673.7777777777778
2013-05-21 06:00:00,722.1333333333333
2013-05-21 07:00:00,741.8666666666667
2013-05-21 08:00:00,743.4666666666667
2013-05-21 09:00:00,740.6222222222223
2013-05-21 10:00:00,738.4888888888889
2013-05-21 11:00:00,741.1555555555556
2013-05-21 12:00:00,723.0222222222222
2013-05-21 13:00:00,720.0
2013-05-21 14:00:00,715.0222222222222
2013-05-21 15:00:00,702.2222222222223
2013-05-21 16:00:00,705.7777777777778
2013-05-21 17:00:00,734.2222222222223
2013-05-21 18:00:00,822.7555555555556
2013-05-21 19:00:00,832.0
2013-05-21 20:00:00,784.3555555555556
2013-05-21 21:00:00,705.6
2013-05-21 22:00:00,611.2
2013-05-21 23:00:00,544.8888888888889
2013-05-22 00:00:00,507.2000000000001
2013-05-22 01:00:00,481.06666666666666
2013-05-22 02:00:00,482.6666666666667
2013-05-22 03:00:00,503.1111111111112
2013-05-22 04:00:00,574.9333333333334
2013-05-22 05:00:00,672.5333333333333
2013-05-22 06:00:00,720.3555555555556
2013-05-22 07:00:00,742.7555555555556
2013-05-22 08:00:00,747.5555555555555
2013-05-22 09:00:00,752.5333333333334
2013-05-22 10:00:00,745.0666666666667
2013-05-22 11:00:00,748.088888888889
2013-05-22 12:00:00,717.6888888888889
2013-05-22 13:00:00,702.7555555555556
2013-05-22 14:00:00,704.3555555555556
2013-05-22 15:00:00,686.2222222222223
2013-05-22 16:00:00,697.9555555555556
2013-05-22 17:00:00,749.1555555555556
2013-05-22 18:00:00,803.5555555555555
2013-05-22 19:00:00,788.6222222222223
2013-05-22 20:00:00,714.8444444444444
2013-05-22 21:00:00,647.1111111111111
2013-05-22 22:00:00,595.9111111111112
2013-05-22 23:00:00,543.2888888888889
2013-05-23 00:00:00,498.8444444444445
2013-05-23 01:00:00,480.3555555555556
2013-05-23 02:00:00,477.33333333333337
2013-05-23 03:00:00,492.8
2013-05-23 04:00:00,570.6666666666667
2013-05-23 05:00:00,662.5777777777778
2013-05-23 06:00:00,729.4222222222222
2013-05-23 07:00:00,751.1111111111111
2013-05-23 08:00:00,767.8222222222223
2013-05-23 09:00:00,765.5111111111112
2013-05-23 10:00:00,769.2444444444445
2013-05-23 11:00:00,748.9777777777778
2013-05-23 12:00:00,724.9777777777778
2013-05-23 13:00:00,725.1555555555556
2013-05-23 14:00:00,734.9333333333334
2013-05-23 15:00:00,723.5555555555555
2013-05-23 16:00:00,745.4222222222222
2013-05-23 17:00:00,773.8666666666667
2013-05-23 18:00:00,825.4222222222222
2013-05-23 19:00:00,817.9555555555556
2013-05-23 20:00:00,754.8444444444444
2013-05-23 21:00:00,686.7555555555556
2013-05-23 22:00:00,608.5333333333333
2013-05-23 23:00:00,550.0444444444445
2013-05-24 00:00:00,494.0444444444445
2013-05-24 01:00:00,474.1333333333333
2013-05-24 02:00:00,478.5777777777778
2013-05-24 03:00:00,501.6888888888889
2013-05-24 04:00:00,582.0444444444445
2013-05-24 05:00:00,682.3111111111111
2013-05-24 06:00:00,740.9777777777778
2013-05-24 07:00:00,769.4222222222222
2013-05-24 08:00:00,764.9777777777778
2013-05-24 09:00:00,753.7777777777778
2013-05-24 10:00:00,750.2222222222223
2013-05-24 11:00:00,729.0666666666667
2013-05-24 12:00:00,706.1333333333333
2013-05-24 13:00:00,694.9333333333334
2013-05-24 14:00:00,698.3111111111111
2013-05-24 15:00:00,689.7777777777778
2013-05-24 16:00:00,703.6444444444445
2013-05-24 17:00:00,736.8888888888889
2013-05-24 18:00:00,813.1555555555556
2013-05-24 19:00:00,817.0666666666667
2013-05-24 20:00:00,762.4888888888889
2013-05-24 21:00:00,695.6444444444445
2013-05-24 22:00:00,614.7555555555556
2013-05-24 23:00:00,556.088888888889
2013-05-25 00:00:00,511.4666666666667
2013-05-25 01:00:00,488.3555555555556
2013-05-25 02:00:00,485.1555555555556
2013-05-25 03:00:00,488.53333333333336
2013-05-25 04:00:00,528.1777777777778
2013-05-25 05:00:00,609.9555555555556
2013-05-25 06:00:00,687.1111111111111
2013-05-25 07:00:00,731.5555555555555
2013-05-25 08:00:00,736.7111111111111
2013-05-25 09:00:00,745.0666666666667
2013-05-25 10:00:00,738.4888888888889
2013-05-25 11:00:00,735.1111111111111
2013-05-25 12:00:00,710.2222222222223
2013-05-25 13:00:00,694.2222222222223
2013-05-25 14:00:00,684.6222222222223
2013-05-25 15:00:00,675.9111111111112
2013-05-25 16:00:00,686.0444444444445
2013-05-25 17:00:00,732.8000000000001
2013-05-25 18:00:00,801.2444444444445
2013-05-25 19:00:00,793.7777777777778
2013-05-25 20:00:00,745.0666666666667
2013-05-25 21:00:00,691.2
2013-05-25 22:00:00,618.8444444444444
2013-05-25 23:00:00,553.0666666666667
2013-05-26 00:00:00,501.6888888888889
2013-05-26 01:00:00,478.5777777777778
2013-05-26 02:00:00,467.02222222222224
2013-05-26 03:00:00,464.1777777777778
2013-05-26 04:00:00,492.2666666666667
2013-05-26 05:00:00,554.6666666666667
2013-05-26 06:00:00,642.8444444444444
2013-05-26 07:00:00,708.088888888889
2013-05-26 08:00:00,740.8000000000001
2013-05-26 09:00:00,753.9555555555556
2013-05-26 10:00:00,747.0222222222222
2013-05-26 11:00:00,728.3555555555556
2013-05-26 12:00:00,699.2
2013-05-26 13:00:00,675.0222222222222
2013-05-26 14:00:00,664.3555555555556
2013-05-26 15:00:00,669.1555555555556
2013-05-26 16:00:00,689.9555555555556
2013-05-26 17:00:00,732.088888888889
2013-05-26 18:00:00,815.8222222222223
2013-05-26 19:00:00,833.0666666666667
2013-05-26 20:00:00,783.1111111111111
2013-05-26 21:00:00,713.9555555555556
2013-05-26 22:00:00,618.4888888888889
2013-05-26 23:00:00,547.2
2013-05-27 00:00:00,503.6444444444445
2013-05-27 01:00:00,476.44444444444446
2013-05-27 02:00:00,478.5777777777778
2013-05-27 03:00:00,506.6666666666667
2013-05-27 04:00:00,595.3777777777779
2013-05-27 05:00:00,700.8000000000001
2013-05-27 06:00:00,746.3111111111111
2013-05-27 07:00:00,766.2222222222223
2013-05-27 08:00:00,761.0666666666667
2013-05-27 09:00:00,758.7555555555556
2013-05-27 10:00:00,749.1555555555556
2013-05-27 11:00:00,737.7777777777778
2013-05-27 12:00:00,720.5333333333334
2013-05-27 13:00:00,711.4666666666667
2013-05-27 14:00:00,713.2444444444445
2013-05-27 15:00:00,709.1555555555556
2013-05-27 16:00:00,710.7555555555556
2013-05-27 17:00:00,745.6
2013-05-27 18:00:00,832.7111111111111
2013-05-27 19:00:00,862.5777777777778
2013-05-27 20:00:00,800.5333333333334
2013-05-27 21:00:00,718.2222222222223
2013-05-27 22:00:00,626.4888888888889
2013-05-27 23:00:00,552.7111111111111
2013-05-28 00:00:00,508.2666666666667
2013-05-28 01:00:00,481.06666666666666
2013-05-28 02:00:00,485.1555555555556
2013-05-28 03:00:00,508.8
2013-05-28 04:00:00,591.4666666666667
2013-05-28 05:00:00,696.3555555555556
2013-05-28 06:00:00,729.7777777777778
2013-05-28 07:00:00,751.6444444444445
2013-05-28 08:00:00,745.6
2013-05-28 09:00:00,740.9777777777778
2013-05-28 10:00:00,738.3111111111111
2013-05-28 11:00:00,723.7333333333333
2013-05-28 12:00:00,712.0
2013-05-28 13:00:00,702.4
2013-05-28 14:00:00,706.3111111111111
2013-05-28 15:00:00,700.8000000000001
2013-05-28 16:00:00,723.3777777777779
2013-05-28 17:00:00,758.2222222222223
2013-05-28 18:00:00,836.8000000000001
2013-05-28 19:00:00,851.9111111111112
2013-05-28 20:00:00,801.6
2013-05-28 21:00:00,717.8666666666667
2013-05-28 22:00:00,621.6888888888889
2013-05-28 23:00:00,549.8666666666667
2013-05-29 00:00:00,508.9777777777778
2013-05-29 01:00:00,482.31111111111113
2013-05-29 02:00:00,482.31111111111113
2013-05-29 03:00:00,504.8888888888889
2013-05-29 04:00:00,584.3555555555556
2013-05-29 05:00:00,680.0
2013-05-29 06:00:00,726.5777777777778
2013-05-29 07:00:00,739.3777777777779
2013-05-29 08:00:00,735.6444444444445
2013-05-29 09:00:00,735.2888888888889
2013-05-29 10:00:00,736.5333333333334
2013-05-29 11:00:00,716.2666666666667
2013-05-29 12:00:00,713.6
2013-05-29 13:00:00,702.9333333333334
2013-05-29 14:00:00,696.5333333333334
2013-05-29 15:00:00,694.2222222222223
2013-05-29 16:00:00,710.7555555555556
2013-05-29 17:00:00,748.6222222222223
2013-05-29 18:00:00,815.2888888888889
2013-05-29 19:00:00,823.6444444444445
2013-05-29 20:00:00,763.9111111111112
2013-05-29 21:00:00,693.8666666666667
2013-05-29 22:00:00,609.4222222222222
2013-05-29 23:00:00,559.8222222222222
2013-05-30 00:00:00,504.1777777777778
2013-05-30 01:00:00,474.1333333333333
2013-05-30 02:00:00,472.8888888888889
2013-05-30 03:00:00,492.6222222222223
2013-05-30 04:00:00,572.088888888889
2013-05-30 05:00:00,674.1333333333333
2013-05-30 06:00:00,720.8888888888889
2013-05-30 07:00:00,727.2888888888889
2013-05-30 08:00:00,744.1777777777778
2013-05-30 09:00:00,759.1111111111111
2013-05-30 10:00:00,759.2888888888889
2013-05-30 11:00:00,746.4888888888889
2013-05-30 12:00:00,736.5333333333334
2013-05-30 13:00:00,714.1333333333333
2013-05-30 14:00:00,705.9555555555556
2013-05-30 15:00:00,693.8666666666667
2013-05-30 16:00:00,715.0222222222222
2013-05-30 17:00:00,742.7555555555556
2013-05-30 18:00:00,808.3555555555556
2013-05-30 19:00:00,822.7555555555556
2013-05-30 20:00:00,772.9777777777778
2013-05-30 21:00:00,695.2888888888889
2013-05-30 22:00:00,609.7777777777778
2013-05-30 23:00:00,544.7111111111111
2013-05-31 00:00:00,497.4222222222222
2013-05-31 01:00:00,479.6444444444445
2013-05-31 02:00:00,474.6666666666667
2013-05-31 03:00:00,491.73333333333335
2013-05-31 04:00:00,571.7333333333333
2013-05-31 05:00:00,668.8000000000001
2013-05-31 06:00:00,711.8222222222222
2013-05-31 07:00:00,735.4666666666667
2013-05-31 08:00:00,739.7333333333333
2013-05-31 09:00:00,740.2666666666667
2013-05-31 10:00:00,732.9777777777778
2013-05-31 11:00:00,712.5333333333334
2013-05-31 12:00:00,705.2444444444445
2013-05-31 13:00:00,695.6444444444445
2013-05-31 14:00:00,691.2
2013-05-31 15:00:00,692.8000000000001
2013-05-31 16:00:00,703.4666666666667
2013-05-31 17:00:00,727.1111111111111
2013-05-31 18:00:00,803.9111111111112
2013-05-31 19:00:00,821.6888888888889
2013-05-31 20:00:00,764.6222222222223
2013-05-31 21:00:00,697.0666666666667
2013-05-31 22:00:00,616.0
2013-05-31 23:00:00,554.6666666666667
2013-06-01 00:00:00,518.5777777777778
2013-06-01 01:00:00,480.8888888888889
2013-06-01 02:00:00,478.9333333333333
2013-06-01 03:00:00,483.02222222222224
2013-06-01 04:00:00,523.9111111111112
2013-06-01 05:00:00,610.1333333333333
2013-06-01 06:00:00,683.7333333333333
2013-06-01 07:00:00,734.0444444444445
2013-06-01 08:00:00,748.2666666666667
2013-06-01 09:00:00,757.6888888888889
2013-06-01 10:00:00,748.4444444444445
2013-06-01 11:00:00,744.0
2013-06-01 12:00:00,716.088888888889
2013-06-01 13:00:00,698.4888888888889
2013-06-01 14:00:00,688.3555555555556
2013-06-01 15:00:00,678.0444444444445
2013-06-01 16:00:00,686.9333333333334
2013-06-01 17:00:00,728.1777777777778
2013-06-01 18:00:00,793.6
2013-06-01 19:00:00,805.3333333333334
2013-06-01 20:00:00,762.6666666666667
2013-06-01 21:00:00,694.7555555555556
2013-06-01 22:00:00,624.0
2013-06-01 23:00:00,559.8222222222222
2013-06-02 00:00:00,507.02222222222224
2013-06-02 01:00:00,481.9555555555556
2013-06-02 02:00:00,460.0888888888889
2013-06-02 03:00:00,462.22222222222223
2013-06-02 04:00:00,488.3555555555556
2013-06-02 05:00:00,557.8666666666667
2013-06-02 06:00:00,631.1111111111111
2013-06-02 07:00:00,695.4666666666667
2013-06-02 08:00:00,715.3777777777779
2013-06-02 09:00:00,734.5777777777778
2013-06-02 10:00:00,721.0666666666667
2013-06-02 11:00:00,709.6888888888889
2013-06-02 12:00:00,677.6888888888889
2013-06-02 13:00:00,655.8222222222222
2013-06-02 14:00:00,642.1333333333333
2013-06-02 15:00:00,636.088888888889
2013-06-02 16:00:00,649.2444444444445
2013-06-02 17:00:00,685.8666666666667
2013-06-02 18:00:00,780.8000000000001
2013-06-02 19:00:00,816.5333333333334
2013-06-02 20:00:00,765.8666666666667
2013-06-02 21:00:00,697.0666666666667
2013-06-02 22:00:00,611.2
2013-06-02 23:00:00,538.1333333333333
2013-06-03 00:00:00,489.77777777777777
2013-06-03 01:00:00,465.77777777777777
2013-06-03 02:00:00,464.3555555555556
2013-06-03 03:00:00,478.22222222222223
2013-06-03 04:00:00,561.7777777777778
2013-06-03 05:00:00,666.3111111111111
2013-06-03 06:00:00,722.6666666666667
2013-06-03 07:00:00,745.6
2013-06-03 08:00:00,748.8000000000001
2013-06-03 09:00:00,748.088888888889
2013-06-03 10:00:00,742.5777777777778
2013-06-03 11:00:00,734.4
2013-06-03 12:00:00,711.4666666666667
2013-06-03 13:00:00,703.2888888888889
2013-06-03 14:00:00,702.2222222222223
2013-06-03 15:00:00,702.0444444444445
2013-06-03 16:00:00,724.2666666666667
2013-06-03 17:00:00,759.6444444444445
2013-06-03 18:00:00,812.6222222222223
2013-06-03 19:00:00,825.4222222222222
2013-06-03 20:00:00,751.6444444444445
2013-06-03 21:00:00,698.3111111111111
2013-06-03 22:00:00,608.5333333333333
2013-06-03 23:00:00,540.8000000000001
2013-06-04 00:00:00,500.6222222222223
2013-06-04 01:00:00,475.5555555555556
2013-06-04 02:00:00,477.5111111111111
2013-06-04 03:00:00,501.6888888888889
2013-06-04 04:00:00,576.3555555555556
2013-06-04 05:00:00,691.2
2013-06-04 06:00:00,747.0222222222222
2013-06-04 07:00:00,783.1111111111111
2013-06-04 08:00:00,795.5555555555555
2013-06-04 09:00:00,787.9111111111112
2013-06-04 10:00:00,778.3111111111111
2013-06-04 11:00:00,771.3777777777779
2013-06-04 12:00:00,752.1777777777778
2013-06-04 13:00:00,750.2222222222223
2013-06-04 14:00:00,740.2666666666667
2013-06-04 15:00:00,744.7111111111111
2013-06-04 16:00:00,766.9333333333334
2013-06-04 17:00:00,801.6
2013-06-04 18:00:00,855.4666666666667
2013-06-04 19:00:00,853.1555555555556
2013-06-04 20:00:00,802.3111111111111
2013-06-04 21:00:00,721.7777777777778
2013-06-04 22:00:00,635.2
2013-06-04 23:00:00,566.7555555555556
2013-06-05 00:00:00,517.8666666666667
2013-06-05 01:00:00,493.33333333333337
2013-06-05 02:00:00,487.2888888888889
2013-06-05 03:00:00,518.0444444444445
2013-06-05 04:00:00,585.9555555555556
2013-06-05 05:00:00,694.4
2013-06-05 06:00:00,753.2444444444445
2013-06-05 07:00:00,773.5111111111112
2013-06-05 08:00:00,786.4888888888889
2013-06-05 09:00:00,790.7555555555556
2013-06-05 10:00:00,786.4888888888889
2013-06-05 11:00:00,771.5555555555555
2013-06-05 12:00:00,756.4444444444445
2013-06-05 13:00:00,742.2222222222223
2013-06-05 14:00:00,740.2666666666667
2013-06-05 15:00:00,732.9777777777778
2013-06-05 16:00:00,745.6
2013-06-05 17:00:00,782.0444444444445
2013-06-05 18:00:00,844.9777777777778
2013-06-05 19:00:00,864.8888888888889
2013-06-05 20:00:00,805.6888888888889
2013-06-05 21:00:00,737.0666666666667
2013-06-05 22:00:00,636.088888888889
2013-06-05 23:00:00,565.5111111111112
2013-06-06 00:00:00,520.3555555555556
2013-06-06 01:00:00,491.9111111111112
2013-06-06 02:00:00,497.9555555555556
2013-06-06 03:00:00,510.5777777777778
2013-06-06 04:00:00,581.1555555555556
2013-06-06 05:00:00,701.8666666666667
2013-06-06 06:00:00,743.6444444444445
2013-06-06 07:00:00,756.088888888889
2013-06-06 08:00:00,756.8000000000001
2013-06-06 09:00:00,751.1111111111111
2013-06-06 10:00:00,754.4888888888889
2013-06-06 11:00:00,747.5555555555555
2013-06-06 12:00:00,731.2
2013-06-06 13:00:00,720.8888888888889
2013-06-06 14:00:00,713.7777777777778
2013-06-06 15:00:00,712.8888888888889
2013-06-06 16:00:00,723.2
2013-06-06 17:00:00,743.4666666666667
2013-06-06 18:00:00,814.4
2013-06-06 19:00:00,856.8888888888889
2013-06-06 20:00:00,808.1777777777778
2013-06-06 21:00:00,721.4222222222222
2013-06-06 22:00:00,631.6444444444445
2013-06-06 23:00:00,560.5333333333333
2013-06-07 00:00:00,516.6222222222223
2013-06-07 01:00:00,489.6
2013-06-07 02:00:00,488.8888888888889
2013-06-07 03:00:00,507.3777777777778
2013-06-07 04:00:00,572.4444444444445
2013-06-07 05:00:00,672.1777777777778
2013-06-07 06:00:00,704.7111111111111
2013-06-07 07:00:00,711.8222222222222
2013-06-07 08:00:00,727.4666666666667
2013-06-07 09:00:00,755.7333333333333
2013-06-07 10:00:00,748.9777777777778
2013-06-07 11:00:00,729.0666666666667
2013-06-07 12:00:00,724.088888888889
2013-06-07 13:00:00,712.7111111111111
2013-06-07 14:00:00,709.5111111111112
2013-06-07 15:00:00,701.5111111111112
2013-06-07 16:00:00,718.2222222222223
2013-06-07 17:00:00,734.2222222222223
2013-06-07 18:00:00,802.3111111111111
2013-06-07 19:00:00,831.8222222222223
2013-06-07 20:00:00,758.9333333333334
2013-06-07 21:00:00,705.0666666666667
2013-06-07 22:00:00,623.8222222222222
2013-06-07 23:00:00,562.8444444444444
2013-06-08 00:00:00,513.9555555555555
2013-06-08 01:00:00,484.44444444444446
2013-06-08 02:00:00,483.73333333333335
2013-06-08 03:00:00,486.22222222222223
2013-06-08 04:00:00,523.7333333333333
2013-06-08 05:00:00,611.9111111111112
2013-06-08 06:00:00,683.0222222222222
2013-06-08 07:00:00,721.6
2013-06-08 08:00:00,724.9777777777778
2013-06-08 09:00:00,742.9333333333334
2013-06-08 10:00:00,743.2888888888889
2013-06-08 11:00:00,737.0666666666667
2013-06-08 12:00:00,716.2666666666667
2013-06-08 13:00:00,694.4
2013-06-08 14:00:00,684.8000000000001
2013-06-08 15:00:00,675.7333333333333
2013-06-08 16:00:00,678.9333333333334
2013-06-08 17:00:00,702.5777777777778
2013-06-08 18:00:00,761.4222222222222
2013-06-08 19:00:00,792.3555555555556
2013-06-08 20:00:00,763.3777777777779
2013-06-08 21:00:00,692.8000000000001
2013-06-08 22:00:00,621.6888888888889
2013-06-08 23:00:00,550.7555555555556
2013-06-09 00:00:00,505.4222222222222
2013-06-09 01:00:00,476.8
2013-06-09 02:00:00,463.1111111111112
2013-06-09 03:00:00,458.6666666666667
2013-06-09 04:00:00,489.24444444444447
2013-06-09 05:00:00,556.6222222222223
2013-06-09 06:00:00,623.8222222222222
2013-06-09 07:00:00,683.0222222222222
2013-06-09 08:00:00,709.5111111111112
2013-06-09 09:00:00,721.4222222222222
2013-06-09 10:00:00,715.0222222222222
2013-06-09 11:00:00,704.1777777777778
2013-06-09 12:00:00,677.1555555555556
2013-06-09 13:00:00,654.0444444444445
2013-06-09 14:00:00,639.6444444444445
2013-06-09 15:00:00,633.6
2013-06-09 16:00:00,633.9555555555556
2013-06-09 17:00:00,650.1333333333333
2013-06-09 18:00:00,733.3333333333334
2013-06-09 19:00:00,804.2666666666667
2013-06-09 20:00:00,761.6
2013-06-09 21:00:00,694.9333333333334
2013-06-09 22:00:00,623.2888888888889
2013-06-09 23:00:00,542.5777777777778
2013-06-10 00:00:00,487.6444444444445
2013-06-10 01:00:00,464.8888888888889
2013-06-10 02:00:00,465.24444444444447
2013-06-10 03:00:00,477.33333333333337
2013-06-10 04:00:00,551.2888888888889
2013-06-10 05:00:00,641.0666666666667
2013-06-10 06:00:00,705.2444444444445
2013-06-10 07:00:00,730.3111111111111
2013-06-10 08:00:00,749.5111111111112
2013-06-10 09:00:00,773.6888888888889
2013-06-10 10:00:00,757.6888888888889
2013-06-10 11:00:00,746.6666666666667
2013-06-10 12:00:00,727.1111111111111
2013-06-10 13:00:00,718.2222222222223
2013-06-10 14:00:00,705.0666666666667
2013-06-10 15:00:00,694.4
2013-06-10 16:00:00,697.9555555555556
2013-06-10 17:00:00,731.2
2013-06-10 18:00:00,791.6444444444445
2013-06-10 19:00:00,821.1555555555556
2013-06-10 20:00:00,767.6444444444445
2013-06-10 21:00:00,698.4888888888889
2013-06-10 22:00:00,614.5777777777778
2013-06-10 23:00:00,538.6666666666667
2013-06-11 00:00:00,494.5777777777778
2013-06-11 01:00:00,478.22222222222223
2013-06-11 02:00:00,471.8222222222223
2013-06-11 03:00:00,488.53333333333336
2013-06-11 04:00:00,560.0
2013-06-11 05:00:00,652.8000000000001
2013-06-11 06:00:00,691.7333333333333
2013-06-11 07:00:00,697.4222222222222
2013-06-11 08:00:00,710.2222222222223
2013-06-11 09:00:00,744.5333333333334
2013-06-11 10:00:00,737.2444444444445
2013-06-11 11:00:00,742.7555555555556
2013-06-11 12:00:00,724.9777777777778
2013-06-11 13:00:00,741.1555555555556
2013-06-11 14:00:00,714.4888888888889
2013-06-11 15:00:00,697.0666666666667
2013-06-11 16:00:00,712.0
2013-06-11 17:00:00,740.8000000000001
2013-06-11 18:00:00,790.4
2013-06-11 19:00:00,803.5555555555555
2013-06-11 20:00:00,761.9555555555556
2013-06-11 21:00:00,692.8000000000001
2013-06-11 22:00:00,611.0222222222222
2013-06-11 23:00:00,542.7555555555556
2013-06-12 00:00:00,504.3555555555556
2013-06-12 01:00:00,477.5111111111111
2013-06-12 02:00:00,471.1111111111112
2013-06-12 03:00:00,488.0
2013-06-12 04:00:00,555.7333333333333
2013-06-12 05:00:00,642.3111111111111
2013-06-12 06:00:00,684.9777777777778
2013-06-12 07:00:00,710.0444444444445
2013-06-12 08:00:00,717.6888888888889
2013-06-12 09:00:00,758.5777777777778
2013-06-12 10:00:00,754.4888888888889
2013-06-12 11:00:00,750.5777777777778
2013-06-12 12:00:00,736.3555555555556
2013-06-12 13:00:00,731.7333333333333
2013-06-12 14:00:00,725.6888888888889
2013-06-12 15:00:00,728.8888888888889
2013-06-12 16:00:00,741.3333333333334
2013-06-12 17:00:00,766.4
2013-06-12 18:00:00,795.9111111111112
2013-06-12 19:00:00,812.088888888889
2013-06-12 20:00:00,774.4
2013-06-12 21:00:00,701.5111111111112
2013-06-12 22:00:00,619.2
2013-06-12 23:00:00,545.4222222222222
2013-06-13 00:00:00,499.5555555555556
2013-06-13 01:00:00,480.7111111111111
2013-06-13 02:00:00,472.53333333333336
2013-06-13 03:00:00,486.9333333333333
2013-06-13 04:00:00,555.3777777777779
2013-06-13 05:00:00,643.3777777777779
2013-06-13 06:00:00,704.7111111111111
2013-06-13 07:00:00,728.7111111111111
2013-06-13 08:00:00,719.8222222222222
2013-06-13 09:00:00,726.9333333333334
2013-06-13 10:00:00,734.9333333333334
2013-06-13 11:00:00,720.5333333333334
2013-06-13 12:00:00,698.6666666666667
2013-06-13 13:00:00,688.5333333333333
2013-06-13 14:00:00,682.8444444444444
2013-06-13 15:00:00,668.8000000000001
2013-06-13 16:00:00,676.9777777777778
2013-06-13 17:00:00,690.8444444444444
2013-06-13 18:00:00,745.9555555555556
2013-06-13 19:00:00,804.2666666666667
2013-06-13 20:00:00,755.3777777777779
2013-06-13 21:00:00,696.0
2013-06-13 22:00:00,615.4666666666667
2013-06-13 23:00:00,542.7555555555556
2013-06-14 00:00:00,492.8
2013-06-14 01:00:00,475.9111111111112
2013-06-14 02:00:00,466.6666666666667
2013-06-14 03:00:00,481.9555555555556
2013-06-14 04:00:00,558.7555555555556
2013-06-14 05:00:00,648.5333333333333
2013-06-14 06:00:00,702.9333333333334
2013-06-14 07:00:00,726.0444444444445
2013-06-14 08:00:00,730.6666666666667
2013-06-14 09:00:00,738.4888888888889
2013-06-14 10:00:00,745.2444444444445
2013-06-14 11:00:00,736.5333333333334
2013-06-14 12:00:00,725.6888888888889
2013-06-14 13:00:00,713.7777777777778
2013-06-14 14:00:00,709.1555555555556
2013-06-14 15:00:00,691.2
2013-06-14 16:00:00,693.5111111111112
2013-06-14 17:00:00,707.0222222222222
2013-06-14 18:00:00,761.9555555555556
2013-06-14 19:00:00,820.4444444444445
2013-06-14 20:00:00,778.8444444444444
2013-06-14 21:00:00,702.5777777777778
2013-06-14 22:00:00,633.0666666666667
2013-06-14 23:00:00,557.6888888888889
2013-06-15 00:00:00,504.1777777777778
2013-06-15 01:00:00,477.6888888888889
2013-06-15 02:00:00,471.6444444444445
2013-06-15 03:00:00,474.8444444444444
2013-06-15 04:00:00,523.9111111111112
2013-06-15 05:00:00,603.3777777777779
2013-06-15 06:00:00,675.3777777777779
2013-06-15 07:00:00,713.7777777777778
2013-06-15 08:00:00,723.5555555555555
2013-06-15 09:00:00,733.1555555555556
2013-06-15 10:00:00,739.5555555555555
2013-06-15 11:00:00,734.9333333333334
2013-06-15 12:00:00,716.8000000000001
2013-06-15 13:00:00,703.8222222222222
2013-06-15 14:00:00,691.2
2013-06-15 15:00:00,684.088888888889
2013-06-15 16:00:00,668.8000000000001
2013-06-15 17:00:00,678.2222222222223
2013-06-15 18:00:00,740.6222222222223
2013-06-15 19:00:00,804.8000000000001
2013-06-15 20:00:00,765.5111111111112
2013-06-15 21:00:00,692.088888888889
2013-06-15 22:00:00,621.8666666666667
2013-06-15 23:00:00,549.3333333333334
2013-06-16 00:00:00,495.4666666666667
2013-06-16 01:00:00,470.7555555555556
2013-06-16 02:00:00,459.9111111111112
2013-06-16 03:00:00,453.1555555555556
2013-06-16 04:00:00,485.8666666666667
2013-06-16 05:00:00,555.7333333333333
2013-06-16 06:00:00,625.4222222222222
2013-06-16 07:00:00,673.4222222222222
2013-06-16 08:00:00,705.2444444444445
2013-06-16 09:00:00,720.0
2013-06-16 10:00:00,716.9777777777778
2013-06-16 11:00:00,705.7777777777778
2013-06-16 12:00:00,682.8444444444444
2013-06-16 13:00:00,662.4
2013-06-16 14:00:00,651.2
2013-06-16 15:00:00,640.8888888888889
2013-06-16 16:00:00,637.3333333333334
2013-06-16 17:00:00,645.6888888888889
2013-06-16 18:00:00,725.3333333333334
2013-06-16 19:00:00,790.2222222222223
2013-06-16 20:00:00,771.9111111111112
2013-06-16 21:00:00,717.3333333333334
2013-06-16 22:00:00,619.7333333333333
2013-06-16 23:00:00,542.7555555555556
2013-06-17 00:00:00,493.8666666666667
2013-06-17 01:00:00,472.3555555555556
2013-06-17 02:00:00,466.6666666666667
2013-06-17 03:00:00,484.6222222222223
2013-06-17 04:00:00,558.2222222222223
2013-06-17 05:00:00,661.1555555555556
2013-06-17 06:00:00,727.2888888888889
2013-06-17 07:00:00,771.3777777777779
2013-06-17 08:00:00,782.0444444444445
2013-06-17 09:00:00,790.0444444444445
2013-06-17 10:00:00,793.6
2013-06-17 11:00:00,797.5111111111112
2013-06-17 12:00:00,781.5111111111112
2013-06-17 13:00:00,771.5555555555555
2013-06-17 14:00:00,764.4444444444445
2013-06-17 15:00:00,741.8666666666667
2013-06-17 16:00:00,739.3777777777779
2013-06-17 17:00:00,738.1333333333333
2013-06-17 18:00:00,782.7555555555556
2013-06-17 19:00:00,859.9111111111112
2013-06-17 20:00:00,819.2
2013-06-17 21:00:00,745.2444444444445
2013-06-17 22:00:00,654.9333333333334
2013-06-17 23:00:00,566.4
2013-06-18 00:00:00,520.8888888888889
2013-06-18 01:00:00,497.77777777777777
2013-06-18 02:00:00,488.0
2013-06-18 03:00:00,507.2000000000001
2013-06-18 04:00:00,581.6888888888889
2013-06-18 05:00:00,679.4666666666667
2013-06-18 06:00:00,730.3111111111111
2013-06-18 07:00:00,774.4
2013-06-18 08:00:00,793.4222222222222
2013-06-18 09:00:00,811.7333333333333
2013-06-18 10:00:00,814.5777777777778
2013-06-18 11:00:00,825.2444444444445
2013-06-18 12:00:00,812.2666666666667
2013-06-18 13:00:00,788.2666666666667
2013-06-18 14:00:00,785.7777777777778
2013-06-18 15:00:00,767.4666666666667
2013-06-18 16:00:00,759.6444444444445
2013-06-18 17:00:00,758.0444444444445
2013-06-18 18:00:00,799.6444444444445
2013-06-18 19:00:00,865.7777777777778
2013-06-18 20:00:00,832.5333333333334
2013-06-18 21:00:00,767.6444444444445
2013-06-18 22:00:00,673.0666666666667
2013-06-18 23:00:00,589.3333333333334
2013-06-19 00:00:00,537.9555555555555
2013-06-19 01:00:00,516.6222222222223
2013-06-19 02:00:00,505.06666666666666
2013-06-19 03:00:00,514.4888888888889
2013-06-19 04:00:00,581.5111111111112
2013-06-19 05:00:00,678.7555555555556
2013-06-19 06:00:00,749.8666666666667
2013-06-19 07:00:00,793.9555555555556
2013-06-19 08:00:00,813.3333333333334
2013-06-19 09:00:00,829.6888888888889
2013-06-19 10:00:00,835.9111111111112
2013-06-19 11:00:00,836.9777777777778
2013-06-19 12:00:00,826.3111111111111
2013-06-19 13:00:00,817.9555555555556
2013-06-19 14:00:00,810.6666666666667
2013-06-19 15:00:00,806.9333333333334
2013-06-19 16:00:00,792.3555555555556
2013-06-19 17:00:00,776.0
2013-06-19 18:00:00,821.8666666666667
2013-06-19 19:00:00,891.7333333333333
2013-06-19 20:00:00,855.6444444444445
2013-06-19 21:00:00,780.8000000000001
2013-06-19 22:00:00,679.2888888888889
2013-06-19 23:00:00,602.8444444444444
2013-06-20 00:00:00,545.7777777777778
2013-06-20 01:00:00,523.5555555555555
2013-06-20 02:00:00,513.9555555555555
2013-06-20 03:00:00,530.8444444444444
2013-06-20 04:00:00,601.7777777777778
2013-06-20 05:00:00,692.9777777777778
2013-06-20 06:00:00,757.8666666666667
2013-06-20 07:00:00,807.6444444444445
2013-06-20 08:00:00,819.2
2013-06-20 09:00:00,847.1111111111112
2013-06-20 10:00:00,860.088888888889
2013-06-20 11:00:00,860.8000000000001
2013-06-20 12:00:00,850.1333333333333
2013-06-20 13:00:00,839.1111111111112
2013-06-20 14:00:00,824.8888888888889
2013-06-20 15:00:00,806.7555555555556
2013-06-20 16:00:00,792.3555555555556
2013-06-20 17:00:00,781.6888888888889
2013-06-20 18:00:00,822.5777777777778
2013-06-20 19:00:00,890.3111111111111
2013-06-20 20:00:00,851.3777777777779
2013-06-20 21:00:00,781.5111111111112
2013-06-20 22:00:00,688.3555555555556
2013-06-20 23:00:00,614.2222222222223
2013-06-21 00:00:00,553.7777777777778
2013-06-21 01:00:00,527.4666666666667
2013-06-21 02:00:00,518.7555555555556
2013-06-21 03:00:00,532.4444444444445
2013-06-21 04:00:00,595.9111111111112
2013-06-21 05:00:00,697.7777777777778
2013-06-21 06:00:00,764.9777777777778
2013-06-21 07:00:00,809.9555555555556
2013-06-21 08:00:00,832.1777777777778
2013-06-21 09:00:00,856.3555555555556
2013-06-21 10:00:00,869.6888888888889
2013-06-21 11:00:00,872.8888888888889
2013-06-21 12:00:00,858.8444444444444
2013-06-21 13:00:00,841.4222222222222
2013-06-21 14:00:00,831.8222222222223
2013-06-21 15:00:00,818.6666666666667
2013-06-21 16:00:00,812.088888888889
2013-06-21 17:00:00,799.6444444444445
2013-06-21 18:00:00,832.5333333333334
2013-06-21 19:00:00,894.2222222222223
2013-06-21 20:00:00,869.8666666666667
2013-06-21 21:00:00,790.0444444444445
2013-06-21 22:00:00,711.6444444444445
2013-06-21 23:00:00,622.0444444444445
2013-06-22 00:00:00,576.7111111111111
2013-06-22 01:00:00,544.5333333333333
2013-06-22 02:00:00,529.7777777777778
2013-06-22 03:00:00,537.7777777777778
2013-06-22 04:00:00,577.6
2013-06-22 05:00:00,651.2
2013-06-22 06:00:00,719.6444444444445
2013-06-22 07:00:00,769.7777777777778
2013-06-22 08:00:00,796.2666666666667
2013-06-22 09:00:00,821.8666666666667
2013-06-22 10:00:00,835.0222222222222
2013-06-22 11:00:00,832.1777777777778
2013-06-22 12:00:00,814.0444444444445
2013-06-22 13:00:00,809.4222222222222
2013-06-22 14:00:00,800.3555555555556
2013-06-22 15:00:00,786.4888888888889
2013-06-22 16:00:00,777.0666666666667
2013-06-22 17:00:00,772.9777777777778
2013-06-22 18:00:00,804.9777777777778
2013-06-22 19:00:00,863.4666666666667
2013-06-22 20:00:00,810.4888888888889
2013-06-22 21:00:00,723.5555555555555
2013-06-22 22:00:00,628.9777777777778
2013-06-22 23:00:00,572.8000000000001
2013-06-23 00:00:00,526.0444444444445
2013-06-23 01:00:00,505.9555555555556
2013-06-23 02:00:00,478.4
2013-06-23 03:00:00,475.02222222222224
2013-06-23 04:00:00,501.1555555555556
2013-06-23 05:00:00,566.0444444444445
2013-06-23 06:00:00,631.8222222222222
2013-06-23 07:00:00,684.9777777777778
2013-06-23 08:00:00,715.2
2013-06-23 09:00:00,740.8000000000001
2013-06-23 10:00:00,747.9111111111112
2013-06-23 11:00:00,739.3777777777779
2013-06-23 12:00:00,715.2
2013-06-23 13:00:00,699.3777777777779
2013-06-23 14:00:00,680.5333333333333
2013-06-23 15:00:00,676.8000000000001
2013-06-23 16:00:00,670.0444444444445
2013-06-23 17:00:00,680.7111111111111
2013-06-23 18:00:00,724.2666666666667
2013-06-23 19:00:00,782.5777777777778
2013-06-23 20:00:00,743.4666666666667
2013-06-23 21:00:00,694.7555555555556
2013-06-23 22:00:00,628.2666666666667
2013-06-23 23:00:00,560.7111111111111
2013-06-24 00:00:00,520.0
2013-06-24 01:00:00,494.5777777777778
2013-06-24 02:00:00,489.9555555555556
2013-06-24 03:00:00,499.5555555555556
2013-06-24 04:00:00,574.4
2013-06-24 05:00:00,658.4888888888889
2013-06-24 06:00:00,726.4
2013-06-24 07:00:00,740.088888888889
2013-06-24 08:00:00,759.6444444444445
2013-06-24 09:00:00,768.5333333333334
2013-06-24 10:00:00,783.1111111111111
2013-06-24 11:00:00,789.6888888888889
2013-06-24 12:00:00,777.2444444444445
2013-06-24 13:00:00,753.7777777777778
2013-06-24 14:00:00,737.2444444444445
2013-06-24 15:00:00,717.3333333333334
2013-06-24 16:00:00,708.088888888889
2013-06-24 17:00:00,713.0666666666667
2013-06-24 18:00:00,740.8000000000001
2013-06-24 19:00:00,770.1333333333333
2013-06-24 20:00:00,714.3111111111111
2013-06-24 21:00:00,662.9333333333334
2013-06-24 22:00:00,595.0222222222222
2013-06-24 23:00:00,532.088888888889
2013-06-25 00:00:00,491.9111111111112
2013-06-25 01:00:00,482.31111111111113
2013-06-25 02:00:00,472.0
2013-06-25 03:00:00,481.24444444444447
2013-06-25 04:00:00,548.088888888889
2013-06-25 05:00:00,617.7777777777778
2013-06-25 06:00:00,669.8666666666667
2013-06-25 07:00:00,697.6
2013-06-25 08:00:00,708.8000000000001
2013-06-25 09:00:00,720.7111111111111
2013-06-25 10:00:00,715.0222222222222
2013-06-25 11:00:00,708.2666666666667
2013-06-25 12:00:00,692.8000000000001
2013-06-25 13:00:00,686.0444444444445
2013-06-25 14:00:00,673.2444444444445
2013-06-25 15:00:00,665.2444444444445
2013-06-25 16:00:00,667.7333333333333
2013-06-25 17:00:00,679.8222222222222
2013-06-25 18:00:00,726.0444444444445
2013-06-25 19:00:00,761.7777777777778
2013-06-25 20:00:00,718.5777777777778
2013-06-25 21:00:00,671.4666666666667
2013-06-25 22:00:00,597.6888888888889
2013-06-25 23:00:00,530.3111111111111
2013-06-26 00:00:00,485.33333333333337
2013-06-26 01:00:00,468.0888888888889
2013-06-26 02:00:00,478.7555555555556
2013-06-26 03:00:00,493.33333333333337
2013-06-26 04:00:00,564.4444444444445
2013-06-26 05:00:00,640.5333333333333
2013-06-26 06:00:00,696.7111111111111
2013-06-26 07:00:00,706.8444444444444
2013-06-26 08:00:00,714.6666666666667
2013-06-26 09:00:00,717.1555555555556
2013-06-26 10:00:00,721.0666666666667
2013-06-26 11:00:00,712.1777777777778
2013-06-26 12:00:00,703.2888888888889
2013-06-26 13:00:00,689.2444444444445
2013-06-26 14:00:00,677.5111111111112
2013-06-26 15:00:00,670.7555555555556
2013-06-26 16:00:00,671.1111111111111
2013-06-26 17:00:00,697.4222222222222
2013-06-26 18:00:00,744.7111111111111
2013-06-26 19:00:00,793.7777777777778
2013-06-26 20:00:00,767.4666666666667
2013-06-26 21:00:00,690.4888888888889
2013-06-26 22:00:00,607.1111111111111
2013-06-26 23:00:00,539.5555555555555
2013-06-27 00:00:00,496.8888888888889
2013-06-27 01:00:00,483.02222222222224
2013-06-27 02:00:00,472.1777777777778
2013-06-27 03:00:00,484.0888888888889
2013-06-27 04:00:00,568.5333333333333
2013-06-27 05:00:00,649.7777777777778
2013-06-27 06:00:00,704.0
2013-06-27 07:00:00,721.7777777777778
2013-06-27 08:00:00,726.4
2013-06-27 09:00:00,736.3555555555556
2013-06-27 10:00:00,735.1111111111111
2013-06-27 11:00:00,731.2
2013-06-27 12:00:00,711.1111111111111
2013-06-27 13:00:00,700.8000000000001
2013-06-27 14:00:00,693.8666666666667
2013-06-27 15:00:00,684.088888888889
2013-06-27 16:00:00,687.1111111111111
2013-06-27 17:00:00,708.4444444444445
2013-06-27 18:00:00,766.5777777777778
2013-06-27 19:00:00,810.3111111111111
2013-06-27 20:00:00,767.6444444444445
2013-06-27 21:00:00,698.1333333333333
2013-06-27 22:00:00,621.5111111111112
2013-06-27 23:00:00,544.1777777777778
2013-06-28 00:00:00,500.9777777777778
2013-06-28 01:00:00,479.8222222222223
2013-06-28 02:00:00,474.31111111111113
2013-06-28 03:00:00,485.5111111111111
2013-06-28 04:00:00,569.4222222222222
2013-06-28 05:00:00,643.9111111111112
2013-06-28 06:00:00,697.6
2013-06-28 07:00:00,716.088888888889
2013-06-28 08:00:00,716.9777777777778
2013-06-28 09:00:00,727.1111111111111
2013-06-28 10:00:00,732.2666666666667
2013-06-28 11:00:00,718.2222222222223
2013-06-28 12:00:00,702.0444444444445
2013-06-28 13:00:00,687.2888888888889
2013-06-28 14:00:00,681.0666666666667
2013-06-28 15:00:00,664.5333333333333
2013-06-28 16:00:00,671.2888888888889
2013-06-28 17:00:00,674.3111111111111
2013-06-28 18:00:00,730.3111111111111
2013-06-28 19:00:00,777.7777777777778
2013-06-28 20:00:00,736.0
2013-06-28 21:00:00,673.9555555555556
2013-06-28 22:00:00,609.9555555555556
2013-06-28 23:00:00,554.8444444444444
2013-06-29 00:00:00,509.8666666666667
2013-06-29 01:00:00,488.7111111111111
2013-06-29 02:00:00,473.06666666666666
2013-06-29 03:00:00,479.1111111111112
2013-06-29 04:00:00,519.8222222222222
2013-06-29 05:00:00,588.4444444444445
2013-06-29 06:00:00,657.6
2013-06-29 07:00:00,691.5555555555555
2013-06-29 08:00:00,707.7333333333333
2013-06-29 09:00:00,718.9333333333334
2013-06-29 10:00:00,715.3777777777779
2013-06-29 11:00:00,709.8666666666667
2013-06-29 12:00:00,691.7333333333333
2013-06-29 13:00:00,682.4888888888889
2013-06-29 14:00:00,674.6666666666667
2013-06-29 15:00:00,674.3111111111111
2013-06-29 16:00:00,678.4
2013-06-29 17:00:00,704.8888888888889
2013-06-29 18:00:00,745.4222222222222
2013-06-29 19:00:00,763.0222222222222
2013-06-29 20:00:00,719.1111111111111
2013-06-29 21:00:00,658.1333333333333
2013-06-29 22:00:00,596.2666666666667
2013-06-29 23:00:00,535.8222222222222
2013-06-30 00:00:00,493.33333333333337
2013-06-30 01:00:00,469.33333333333337
2013-06-30 02:00:00,454.22222222222223
2013-06-30 03:00:00,450.1333333333333
2013-06-30 04:00:00,477.8666666666667
2013-06-30 05:00:00,534.9333333333334
2013-06-30 06:00:00,607.1111111111111
2013-06-30 07:00:00,670.7555555555556
2013-06-30 08:00:00,694.7555555555556
2013-06-30 09:00:00,711.2888888888889
2013-06-30 10:00:00,707.0222222222222
2013-06-30 11:00:00,694.5777777777778
2013-06-30 12:00:00,664.3555555555556
2013-06-30 13:00:00,639.6444444444445
2013-06-30 14:00:00,628.6222222222223
2013-06-30 15:00:00,623.2888888888889
2013-06-30 16:00:00,625.2444444444444
2013-06-30 17:00:00,648.0
2013-06-30 18:00:00,725.6888888888889
2013-06-30 19:00:00,758.9333333333334
2013-06-30 20:00:00,716.6222222222223
2013-06-30 21:00:00,662.9333333333334
2013-06-30 22:00:00,592.0
2013-06-30 23:00:00,527.6444444444445
2013-07-01 00:00:00,479.2888888888889
2013-07-01 01:00:00,459.02222222222224
2013-07-01 02:00:00,449.24444444444447
2013-07-01 03:00:00,467.2000000000001
2013-07-01 04:00:00,542.4
2013-07-01 05:00:00,625.7777777777778
2013-07-01 06:00:00,683.9111111111112
2013-07-01 07:00:00,707.3777777777779
2013-07-01 08:00:00,710.9333333333334
2013-07-01 09:00:00,718.5777777777778
2013-07-01 10:00:00,719.8222222222222
2013-07-01 11:00:00,723.7333333333333
2013-07-01 12:00:00,696.1777777777778
2013-07-01 13:00:00,694.0444444444445
2013-07-01 14:00:00,685.5111111111112
2013-07-01 15:00:00,675.7333333333333
2013-07-01 16:00:00,669.3333333333334
2013-07-01 17:00:00,680.1777777777778
2013-07-01 18:00:00,739.3777777777779
2013-07-01 19:00:00,799.1111111111111
2013-07-01 20:00:00,760.5333333333334
2013-07-01 21:00:00,692.4444444444445
2013-07-01 22:00:00,610.4888888888889
2013-07-01 23:00:00,537.9555555555555
2013-07-02 00:00:00,497.06666666666666
2013-07-02 01:00:00,478.7555555555556
2013-07-02 02:00:00,471.2888888888889
2013-07-02 03:00:00,480.1777777777778
2013-07-02 04:00:00,560.1777777777778
2013-07-02 05:00:00,631.1111111111111
2013-07-02 06:00:00,686.2222222222223
2013-07-02 07:00:00,715.3777777777779
2013-07-02 08:00:00,716.6222222222223
2013-07-02 09:00:00,731.3777777777779
2013-07-02 10:00:00,730.3111111111111
2013-07-02 11:00:00,725.6888888888889
2013-07-02 12:00:00,714.4888888888889
2013-07-02 13:00:00,705.7777777777778
2013-07-02 14:00:00,700.9777777777778
2013-07-02 15:00:00,687.8222222222222
2013-07-02 16:00:00,683.2
2013-07-02 17:00:00,693.5111111111112
2013-07-02 18:00:00,740.8000000000001
2013-07-02 19:00:00,811.3777777777779
2013-07-02 20:00:00,772.2666666666667
2013-07-02 21:00:00,709.1555555555556
2013-07-02 22:00:00,612.4444444444445
2013-07-02 23:00:00,544.7111111111111
2013-07-03 00:00:00,501.33333333333337
2013-07-03 01:00:00,485.6888888888889
2013-07-03 02:00:00,474.1333333333333
2013-07-03 03:00:00,488.8888888888889
2013-07-03 04:00:00,567.4666666666667
2013-07-03 05:00:00,642.8444444444444
2013-07-03 06:00:00,686.5777777777778
2013-07-03 07:00:00,727.4666666666667
2013-07-03 08:00:00,728.5333333333334
2013-07-03 09:00:00,738.4888888888889
2013-07-03 10:00:00,746.8444444444444
2013-07-03 11:00:00,745.9555555555556
2013-07-03 12:00:00,735.1111111111111
2013-07-03 13:00:00,732.8000000000001
2013-07-03 14:00:00,716.2666666666667
2013-07-03 15:00:00,700.8000000000001
2013-07-03 16:00:00,693.5111111111112
2013-07-03 17:00:00,701.5111111111112
2013-07-03 18:00:00,760.3555555555556
2013-07-03 19:00:00,814.4
2013-07-03 20:00:00,772.9777777777778
2013-07-03 21:00:00,702.4
2013-07-03 22:00:00,626.8444444444444
2013-07-03 23:00:00,552.5333333333333
2013-07-04 00:00:00,506.1333333333333
2013-07-04 01:00:00,485.33333333333337
2013-07-04 02:00:00,481.4222222222222
2013-07-04 03:00:00,492.0888888888889
2013-07-04 04:00:00,565.8666666666667
2013-07-04 05:00:00,653.3333333333334
2013-07-04 06:00:00,705.0666666666667
2013-07-04 07:00:00,738.1333333333333
2013-07-04 08:00:00,749.1555555555556
2013-07-04 09:00:00,757.1555555555556
2013-07-04 10:00:00,760.7111111111111
2013-07-04 11:00:00,763.0222222222222
2013-07-04 12:00:00,749.6888888888889
2013-07-04 13:00:00,735.4666666666667
2013-07-04 14:00:00,725.3333333333334
2013-07-04 15:00:00,715.5555555555555
2013-07-04 16:00:00,711.4666666666667
2013-07-04 17:00:00,718.5777777777778
2013-07-04 18:00:00,766.4
2013-07-04 19:00:00,819.0222222222222
2013-07-04 20:00:00,780.9777777777778
2013-07-04 21:00:00,717.3333333333334
2013-07-04 22:00:00,633.2444444444445
2013-07-04 23:00:00,558.2222222222223
2013-07-05 00:00:00,512.1777777777778
2013-07-05 01:00:00,491.02222222222224
2013-07-05 02:00:00,484.8
2013-07-05 03:00:00,490.8444444444445
2013-07-05 04:00:00,563.9111111111112
2013-07-05 05:00:00,645.8666666666667
2013-07-05 06:00:00,700.9777777777778
2013-07-05 07:00:00,731.0222222222222
2013-07-05 08:00:00,743.1111111111111
2013-07-05 09:00:00,762.4888888888889
2013-07-05 10:00:00,774.0444444444445
2013-07-05 11:00:00,767.4666666666667
2013-07-05 12:00:00,753.7777777777778
2013-07-05 13:00:00,731.5555555555555
2013-07-05 14:00:00,718.4
2013-07-05 15:00:00,709.6888888888889
2013-07-05 16:00:00,700.2666666666667
2013-07-05 17:00:00,715.3777777777779
2013-07-05 18:00:00,763.0222222222222
2013-07-05 19:00:00,807.4666666666667
2013-07-05 20:00:00,758.4
2013-07-05 21:00:00,705.9555555555556
2013-07-05 22:00:00,628.8000000000001
2013-07-05 23:00:00,566.4
2013-07-06 00:00:00,519.1111111111111
2013-07-06 01:00:00,493.1555555555556
2013-07-06 02:00:00,483.9111111111112
2013-07-06 03:00:00,481.9555555555556
2013-07-06 04:00:00,520.8888888888889
2013-07-06 05:00:00,589.1555555555556
2013-07-06 06:00:00,656.7111111111111
2013-07-06 07:00:00,695.2888888888889
2013-07-06 08:00:00,713.6
2013-07-06 09:00:00,728.1777777777778
2013-07-06 10:00:00,740.088888888889
2013-07-06 11:00:00,734.9333333333334
2013-07-06 12:00:00,724.6222222222223
2013-07-06 13:00:00,712.8888888888889
2013-07-06 14:00:00,700.6222222222223
2013-07-06 15:00:00,698.8444444444444
2013-07-06 16:00:00,686.4
2013-07-06 17:00:00,699.3777777777779
2013-07-06 18:00:00,757.3333333333334
2013-07-06 19:00:00,787.7333333333333
2013-07-06 20:00:00,749.8666666666667
2013-07-06 21:00:00,677.3333333333334
2013-07-06 22:00:00,625.2444444444444
2013-07-06 23:00:00,553.4222222222222
2013-07-07 00:00:00,504.53333333333336
2013-07-07 01:00:00,472.1777777777778
2013-07-07 02:00:00,455.4666666666667
2013-07-07 03:00:00,454.22222222222223
2013-07-07 04:00:00,489.24444444444447
2013-07-07 05:00:00,555.7333333333333
2013-07-07 06:00:00,621.5111111111112
2013-07-07 07:00:00,676.2666666666667
2013-07-07 08:00:00,695.2888888888889
2013-07-07 09:00:00,718.4
2013-07-07 10:00:00,713.0666666666667
2013-07-07 11:00:00,701.6888888888889
2013-07-07 12:00:00,679.8222222222222
2013-07-07 13:00:00,655.2888888888889
2013-07-07 14:00:00,643.3777777777779
2013-07-07 15:00:00,637.8666666666667
2013-07-07 16:00:00,635.9111111111112
2013-07-07 17:00:00,660.4444444444445
2013-07-07 18:00:00,716.4444444444445
2013-07-07 19:00:00,747.5555555555555
2013-07-07 20:00:00,714.4888888888889
2013-07-07 21:00:00,670.5777777777778
2013-07-07 22:00:00,614.2222222222223
2013-07-07 23:00:00,539.7333333333333
2013-07-08 00:00:00,495.1111111111112
2013-07-08 01:00:00,480.0
2013-07-08 02:00:00,469.6888888888889
2013-07-08 03:00:00,485.33333333333337
2013-07-08 04:00:00,552.5333333333333
2013-07-08 05:00:00,648.1777777777778
2013-07-08 06:00:00,707.3777777777779
2013-07-08 07:00:00,737.7777777777778
2013-07-08 08:00:00,744.5333333333334
2013-07-08 09:00:00,764.6222222222223
2013-07-08 10:00:00,771.7333333333333
2013-07-08 11:00:00,771.9111111111112
2013-07-08 12:00:00,755.7333333333333
2013-07-08 13:00:00,740.4444444444445
2013-07-08 14:00:00,717.6888888888889
2013-07-08 15:00:00,705.2444444444445
2013-07-08 16:00:00,712.0
2013-07-08 17:00:00,728.7111111111111
2013-07-08 18:00:00,777.6
2013-07-08 19:00:00,818.1333333333333
2013-07-08 20:00:00,769.2444444444445
2013-07-08 21:00:00,705.2444444444445
2013-07-08 22:00:00,630.7555555555556
2013-07-08 23:00:00,563.0222222222222
2013-07-09 00:00:00,529.6
2013-07-09 01:00:00,499.5555555555556
2013-07-09 02:00:00,485.33333333333337
2013-07-09 03:00:00,492.9777777777778
2013-07-09 04:00:00,553.9555555555555
2013-07-09 05:00:00,636.6222222222223
2013-07-09 06:00:00,688.5333333333333
2013-07-09 07:00:00,722.4888888888889
2013-07-09 08:00:00,738.3111111111111
2013-07-09 09:00:00,758.5777777777778
2013-07-09 10:00:00,771.3777777777779
2013-07-09 11:00:00,767.1111111111111
2013-07-09 12:00:00,746.4888888888889
2013-07-09 13:00:00,730.4888888888889
2013-07-09 14:00:00,724.9777777777778
2013-07-09 15:00:00,710.7555555555556
2013-07-09 16:00:00,726.0444444444445
2013-07-09 17:00:00,741.1555555555556
2013-07-09 18:00:00,779.2
2013-07-09 19:00:00,813.1555555555556
2013-07-09 20:00:00,772.6222222222223
2013-07-09 21:00:00,704.5333333333334
2013-07-09 22:00:00,625.7777777777778
2013-07-09 23:00:00,568.7111111111111
2013-07-10 00:00:00,529.9555555555555
2013-07-10 01:00:00,502.9333333333333
2013-07-10 02:00:00,488.3555555555556
2013-07-10 03:00:00,497.06666666666666
2013-07-10 04:00:00,557.8666666666667
2013-07-10 05:00:00,634.6666666666667
2013-07-10 06:00:00,694.0444444444445
2013-07-10 07:00:00,724.088888888889
2013-07-10 08:00:00,735.4666666666667
2013-07-10 09:00:00,758.7555555555556
2013-07-10 10:00:00,765.3333333333334
2013-07-10 11:00:00,772.088888888889
2013-07-10 12:00:00,751.6444444444445
2013-07-10 13:00:00,737.2444444444445
2013-07-10 14:00:00,731.0222222222222
2013-07-10 15:00:00,719.8222222222222
2013-07-10 16:00:00,731.7333333333333
2013-07-10 17:00:00,750.2222222222223
2013-07-10 18:00:00,790.0444444444445
2013-07-10 19:00:00,823.6444444444445
2013-07-10 20:00:00,756.4444444444445
2013-07-10 21:00:00,704.3555555555556
2013-07-10 22:00:00,626.1333333333333
2013-07-10 23:00:00,571.2
2013-07-11 00:00:00,534.7555555555556
2013-07-11 01:00:00,501.6888888888889
2013-07-11 02:00:00,496.53333333333336
2013-07-11 03:00:00,498.31111111111113
2013-07-11 04:00:00,556.4444444444445
2013-07-11 05:00:00,635.7333333333333
2013-07-11 06:00:00,700.088888888889
2013-07-11 07:00:00,729.2444444444445
2013-07-11 08:00:00,743.2888888888889
2013-07-11 09:00:00,766.2222222222223
2013-07-11 10:00:00,777.2444444444445
2013-07-11 11:00:00,777.2444444444445
2013-07-11 12:00:00,764.9777777777778
2013-07-11 13:00:00,756.088888888889
2013-07-11 14:00:00,748.2666666666667
2013-07-11 15:00:00,731.0222222222222
2013-07-11 16:00:00,736.3555555555556
2013-07-11 17:00:00,750.4
2013-07-11 18:00:00,791.4666666666667
2013-07-11 19:00:00,829.3333333333334
2013-07-11 20:00:00,774.7555555555556
2013-07-11 21:00:00,706.1333333333333
2013-07-11 22:00:00,623.8222222222222
2013-07-11 23:00:00,564.4444444444445
2013-07-12 00:00:00,524.9777777777778
2013-07-12 01:00:00,503.1111111111112
2013-07-12 02:00:00,491.2000000000001
2013-07-12 03:00:00,489.06666666666666
2013-07-12 04:00:00,546.3111111111111
2013-07-12 05:00:00,622.7555555555556
2013-07-12 06:00:00,675.7333333333333
2013-07-12 07:00:00,703.4666666666667
2013-07-12 08:00:00,716.088888888889
2013-07-12 09:00:00,734.9333333333334
2013-07-12 10:00:00,739.5555555555555
2013-07-12 11:00:00,730.3111111111111
2013-07-12 12:00:00,714.6666666666667
2013-07-12 13:00:00,699.3777777777779
2013-07-12 14:00:00,700.088888888889
2013-07-12 15:00:00,688.7111111111111
2013-07-12 16:00:00,693.3333333333334
2013-07-12 17:00:00,703.6444444444445
2013-07-12 18:00:00,749.1555555555556
2013-07-12 19:00:00,788.9777777777778
2013-07-12 20:00:00,739.2
2013-07-12 21:00:00,689.0666666666667
2013-07-12 22:00:00,621.1555555555556
2013-07-12 23:00:00,570.4888888888889
2013-07-13 00:00:00,532.9777777777778
2013-07-13 01:00:00,507.02222222222224
2013-07-13 02:00:00,481.9555555555556
2013-07-13 03:00:00,480.3555555555556
2013-07-13 04:00:00,520.5333333333333
2013-07-13 05:00:00,585.7777777777778
2013-07-13 06:00:00,649.0666666666667
2013-07-13 07:00:00,700.2666666666667
2013-07-13 08:00:00,709.8666666666667
2013-07-13 09:00:00,729.4222222222222
2013-07-13 10:00:00,731.2
2013-07-13 11:00:00,721.0666666666667
2013-07-13 12:00:00,702.4
2013-07-13 13:00:00,689.4222222222222
2013-07-13 14:00:00,682.4888888888889
2013-07-13 15:00:00,676.8000000000001
2013-07-13 16:00:00,676.9777777777778
2013-07-13 17:00:00,693.6888888888889
2013-07-13 18:00:00,743.4666666666667
2013-07-13 19:00:00,787.7333333333333
2013-07-13 20:00:00,745.4222222222222
2013-07-13 21:00:00,678.7555555555556
2013-07-13 22:00:00,621.5111111111112
2013-07-13 23:00:00,557.1555555555556
2013-07-14 00:00:00,518.5777777777778
2013-07-14 01:00:00,489.24444444444447
2013-07-14 02:00:00,470.22222222222223
2013-07-14 03:00:00,454.22222222222223
2013-07-14 04:00:00,479.4666666666667
2013-07-14 05:00:00,537.0666666666667
2013-07-14 06:00:00,603.7333333333333
2013-07-14 07:00:00,664.1777777777778
2013-07-14 08:00:00,692.088888888889
2013-07-14 09:00:00,699.5555555555555
2013-07-14 10:00:00,694.5777777777778
2013-07-14 11:00:00,685.6888888888889
2013-07-14 12:00:00,658.4888888888889
2013-07-14 13:00:00,640.0
2013-07-14 14:00:00,636.2666666666667
2013-07-14 15:00:00,630.7555555555556
2013-07-14 16:00:00,629.8666666666667
2013-07-14 17:00:00,657.4222222222222
2013-07-14 18:00:00,708.6222222222223
2013-07-14 19:00:00,761.6
2013-07-14 20:00:00,726.9333333333334
2013-07-14 21:00:00,663.8222222222222
2013-07-14 22:00:00,595.9111111111112
2013-07-14 23:00:00,537.7777777777778
2013-07-15 00:00:00,504.0
2013-07-15 01:00:00,481.06666666666666
2013-07-15 02:00:00,471.4666666666667
2013-07-15 03:00:00,476.0888888888889
2013-07-15 04:00:00,541.5111111111112
2013-07-15 05:00:00,627.3777777777779
2013-07-15 06:00:00,681.0666666666667
2013-07-15 07:00:00,712.1777777777778
2013-07-15 08:00:00,721.9555555555556
2013-07-15 09:00:00,739.9111111111112
2013-07-15 10:00:00,740.088888888889
2013-07-15 11:00:00,738.8444444444444
2013-07-15 12:00:00,725.3333333333334
2013-07-15 13:00:00,710.9333333333334
2013-07-15 14:00:00,707.2
2013-07-15 15:00:00,701.6888888888889
2013-07-15 16:00:00,703.6444444444445
2013-07-15 17:00:00,727.6444444444445
2013-07-15 18:00:00,775.1111111111111
2013-07-15 19:00:00,801.7777777777778
2013-07-15 20:00:00,751.8222222222222
2013-07-15 21:00:00,690.1333333333333
2013-07-15 22:00:00,608.8888888888889
2013-07-15 23:00:00,558.7555555555556
2013-07-16 00:00:00,526.7555555555556
2013-07-16 01:00:00,497.77777777777777
2013-07-16 02:00:00,482.8444444444445
2013-07-16 03:00:00,492.0888888888889
2013-07-16 04:00:00,544.8888888888889
2013-07-16 05:00:00,629.1555555555556
2013-07-16 06:00:00,687.6444444444445
2013-07-16 07:00:00,716.6222222222223
2013-07-16 08:00:00,730.1333333333333
2013-07-16 09:00:00,739.3777777777779
2013-07-16 10:00:00,739.2
2013-07-16 11:00:00,729.9555555555556
2013-07-16 12:00:00,716.9777777777778
2013-07-16 13:00:00,707.9111111111112
2013-07-16 14:00:00,695.1111111111111
2013-07-16 15:00:00,698.1333333333333
2013-07-16 16:00:00,710.2222222222223
2013-07-16 17:00:00,721.0666666666667
2013-07-16 18:00:00,772.8000000000001
2013-07-16 19:00:00,807.8222222222223
2013-07-16 20:00:00,750.7555555555556
2013-07-16 21:00:00,687.2888888888889
2013-07-16 22:00:00,609.9555555555556
2013-07-16 23:00:00,556.2666666666667
2013-07-17 00:00:00,519.8222222222222
2013-07-17 01:00:00,497.6
2013-07-17 02:00:00,481.6
2013-07-17 03:00:00,482.31111111111113
2013-07-17 04:00:00,540.8000000000001
2013-07-17 05:00:00,632.3555555555556
2013-07-17 06:00:00,683.0222222222222
2013-07-17 07:00:00,711.4666666666667
2013-07-17 08:00:00,730.3111111111111
2013-07-17 09:00:00,748.6222222222223
2013-07-17 10:00:00,755.7333333333333
2013-07-17 11:00:00,755.9111111111112
2013-07-17 12:00:00,745.7777777777778
2013-07-17 13:00:00,731.0222222222222
2013-07-17 14:00:00,725.6888888888889
2013-07-17 15:00:00,715.2
2013-07-17 16:00:00,718.4
2013-07-17 17:00:00,731.0222222222222
2013-07-17 18:00:00,777.9555555555556
2013-07-17 19:00:00,824.5333333333334
2013-07-17 20:00:00,772.4444444444445
2013-07-17 21:00:00,714.1333333333333
2013-07-17 22:00:00,629.8666666666667
2013-07-17 23:00:00,566.7555555555556
2013-07-18 00:00:00,534.9333333333334
2013-07-18 01:00:00,500.44444444444446
2013-07-18 02:00:00,489.4222222222222
2013-07-18 03:00:00,490.8444444444445
2013-07-18 04:00:00,545.9555555555555
2013-07-18 05:00:00,653.5111111111112
2013-07-18 06:00:00,694.7555555555556
2013-07-18 07:00:00,729.6
2013-07-18 08:00:00,752.0
2013-07-18 09:00:00,766.7555555555556
2013-07-18 10:00:00,765.5111111111112
2013-07-18 11:00:00,769.0666666666667
2013-07-18 12:00:00,758.9333333333334
2013-07-18 13:00:00,747.9111111111112
2013-07-18 14:00:00,740.8000000000001
2013-07-18 15:00:00,734.0444444444445
2013-07-18 16:00:00,734.4
2013-07-18 17:00:00,741.6888888888889
2013-07-18 18:00:00,787.7333333333333
2013-07-18 19:00:00,831.4666666666667
2013-07-18 20:00:00,779.7333333333333
2013-07-18 21:00:00,722.6666666666667
2013-07-18 22:00:00,645.5111111111112
2013-07-18 23:00:00,578.8444444444444
2013-07-19 00:00:00,544.1777777777778
2013-07-19 01:00:00,514.3111111111111
2013-07-19 02:00:00,500.2666666666667
2013-07-19 03:00:00,498.8444444444445
2013-07-19 04:00:00,560.1777777777778
2013-07-19 05:00:00,639.1111111111111
2013-07-19 06:00:00,702.4
2013-07-19 07:00:00,734.0444444444445
2013-07-19 08:00:00,760.8888888888889
2013-07-19 09:00:00,765.8666666666667
2013-07-19 10:00:00,778.4888888888889
2013-07-19 11:00:00,777.9555555555556
2013-07-19 12:00:00,763.5555555555555
2013-07-19 13:00:00,747.5555555555555
2013-07-19 14:00:00,740.088888888889
2013-07-19 15:00:00,733.3333333333334
2013-07-19 16:00:00,736.7111111111111
2013-07-19 17:00:00,751.4666666666667
2013-07-19 18:00:00,789.1555555555556
2013-07-19 19:00:00,831.6444444444445
2013-07-19 20:00:00,780.8000000000001
2013-07-19 21:00:00,715.9111111111112
2013-07-19 22:00:00,648.5333333333333
2013-07-19 23:00:00,585.0666666666667
2013-07-20 00:00:00,546.8444444444444
2013-07-20 01:00:00,519.1111111111111
2013-07-20 02:00:00,498.1333333333333
2013-07-20 03:00:00,494.4
2013-07-20 04:00:00,534.5777777777778
2013-07-20 05:00:00,599.1111111111111
2013-07-20 06:00:00,665.0666666666667
2013-07-20 07:00:00,714.6666666666667
2013-07-20 08:00:00,738.6666666666667
2013-07-20 09:00:00,757.3333333333334
2013-07-20 10:00:00,758.9333333333334
2013-07-20 11:00:00,755.7333333333333
2013-07-20 12:00:00,739.7333333333333
2013-07-20 13:00:00,732.6222222222223
2013-07-20 14:00:00,717.5111111111112
2013-07-20 15:00:00,708.4444444444445
2013-07-20 16:00:00,707.9111111111112
2013-07-20 17:00:00,730.4888888888889
2013-07-20 18:00:00,763.9111111111112
2013-07-20 19:00:00,801.2444444444445
2013-07-20 20:00:00,748.9777777777778
2013-07-20 21:00:00,692.9777777777778
2013-07-20 22:00:00,621.3333333333334
2013-07-20 23:00:00,565.6888888888889
2013-07-21 00:00:00,520.1777777777778
2013-07-21 01:00:00,501.33333333333337
2013-07-21 02:00:00,475.73333333333335
2013-07-21 03:00:00,465.4222222222222
2013-07-21 04:00:00,487.8222222222223
2013-07-21 05:00:00,539.0222222222222
2013-07-21 06:00:00,605.3333333333334
2013-07-21 07:00:00,657.4222222222222
2013-07-21 08:00:00,679.8222222222222
2013-07-21 09:00:00,704.3555555555556
2013-07-21 10:00:00,699.9111111111112
2013-07-21 11:00:00,680.8888888888889
2013-07-21 12:00:00,659.7333333333333
2013-07-21 13:00:00,646.0444444444445
2013-07-21 14:00:00,630.5777777777778
2013-07-21 15:00:00,634.4888888888889
2013-07-21 16:00:00,639.8222222222222
2013-07-21 17:00:00,659.2
2013-07-21 18:00:00,704.8888888888889
2013-07-21 19:00:00,748.4444444444445
2013-07-21 20:00:00,734.4
2013-07-21 21:00:00,676.8000000000001
2013-07-21 22:00:00,608.8888888888889
2013-07-21 23:00:00,550.7555555555556
2013-07-22 00:00:00,515.2
2013-07-22 01:00:00,490.31111111111113
2013-07-22 02:00:00,474.1333333333333
2013-07-22 03:00:00,483.5555555555556
2013-07-22 04:00:00,549.6888888888889
2013-07-22 05:00:00,633.2444444444445
2013-07-22 06:00:00,691.7333333333333
2013-07-22 07:00:00,724.9777777777778
2013-07-22 08:00:00,740.088888888889
2013-07-22 09:00:00,752.3555555555556
2013-07-22 10:00:00,758.7555555555556
2013-07-22 11:00:00,760.0
2013-07-22 12:00:00,747.2
2013-07-22 13:00:00,736.3555555555556
2013-07-22 14:00:00,732.4444444444445
2013-07-22 15:00:00,723.5555555555555
2013-07-22 16:00:00,721.7777777777778
2013-07-22 17:00:00,736.1777777777778
2013-07-22 18:00:00,781.1555555555556
2013-07-22 19:00:00,824.5333333333334
2013-07-22 20:00:00,772.6222222222223
2013-07-22 21:00:00,710.4
2013-07-22 22:00:00,634.4888888888889
2013-07-22 23:00:00,573.1555555555556
2013-07-23 00:00:00,533.1555555555556
2013-07-23 01:00:00,502.4
2013-07-23 02:00:00,494.5777777777778
2013-07-23 03:00:00,495.1111111111112
2013-07-23 04:00:00,550.0444444444445
2013-07-23 05:00:00,627.9111111111112
2013-07-23 06:00:00,692.9777777777778
2013-07-23 07:00:00,726.0444444444445
2013-07-23 08:00:00,745.7777777777778
2013-07-23 09:00:00,762.6666666666667
2013-07-23 10:00:00,769.2444444444445
2013-07-23 11:00:00,773.3333333333334
2013-07-23 12:00:00,756.088888888889
2013-07-23 13:00:00,743.8222222222222
2013-07-23 14:00:00,736.3555555555556
2013-07-23 15:00:00,730.1333333333333
2013-07-23 16:00:00,731.3777777777779
2013-07-23 17:00:00,742.5777777777778
2013-07-23 18:00:00,788.2666666666667
2013-07-23 19:00:00,830.0444444444445
2013-07-23 20:00:00,781.3333333333334
2013-07-23 21:00:00,710.0444444444445
2013-07-23 22:00:00,636.2666666666667
2013-07-23 23:00:00,572.8000000000001
2013-07-24 00:00:00,534.7555555555556
2013-07-24 01:00:00,508.2666666666667
2013-07-24 02:00:00,494.5777777777778
2013-07-24 03:00:00,501.5111111111111
2013-07-24 04:00:00,557.1555555555556
2013-07-24 05:00:00,638.7555555555556
2013-07-24 06:00:00,704.3555555555556
2013-07-24 07:00:00,747.3777777777779
2013-07-24 08:00:00,785.6
2013-07-24 09:00:00,784.3555555555556
2013-07-24 10:00:00,798.2222222222223
2013-07-24 11:00:00,795.5555555555555
2013-07-24 12:00:00,791.6444444444445
2013-07-24 13:00:00,777.7777777777778
2013-07-24 14:00:00,761.9555555555556
2013-07-24 15:00:00,762.8444444444444
2013-07-24 16:00:00,761.2444444444445
2013-07-24 17:00:00,769.0666666666667
2013-07-24 18:00:00,812.6222222222223
2013-07-24 19:00:00,853.6888888888889
2013-07-24 20:00:00,793.7777777777778
2013-07-24 21:00:00,731.5555555555555
2013-07-24 22:00:00,651.2
2013-07-24 23:00:00,585.4222222222222
2013-07-25 00:00:00,545.6
2013-07-25 01:00:00,523.7333333333333
2013-07-25 02:00:00,511.4666666666667
2013-07-25 03:00:00,512.8888888888889
2013-07-25 04:00:00,576.3555555555556
2013-07-25 05:00:00,645.6888888888889
2013-07-25 06:00:00,702.5777777777778
2013-07-25 07:00:00,736.3555555555556
2013-07-25 08:00:00,763.5555555555555
2013-07-25 09:00:00,788.8000000000001
2013-07-25 10:00:00,804.088888888889
2013-07-25 11:00:00,804.8000000000001
2013-07-25 12:00:00,788.9777777777778
2013-07-25 13:00:00,777.0666666666667
2013-07-25 14:00:00,768.5333333333334
2013-07-25 15:00:00,763.2
2013-07-25 16:00:00,769.6
2013-07-25 17:00:00,777.6
2013-07-25 18:00:00,818.6666666666667
2013-07-25 19:00:00,845.5111111111112
2013-07-25 20:00:00,793.7777777777778
2013-07-25 21:00:00,732.8000000000001
2013-07-25 22:00:00,657.2444444444445
2013-07-25 23:00:00,604.4444444444445
2013-07-26 00:00:00,556.8000000000001
2013-07-26 01:00:00,529.2444444444444
2013-07-26 02:00:00,518.9333333333334
2013-07-26 03:00:00,527.8222222222222
2013-07-26 04:00:00,572.6222222222223
2013-07-26 05:00:00,639.8222222222222
2013-07-26 06:00:00,702.9333333333334
2013-07-26 07:00:00,742.4
2013-07-26 08:00:00,767.1111111111111
2013-07-26 09:00:00,788.2666666666667
2013-07-26 10:00:00,806.7555555555556
2013-07-26 11:00:00,801.0666666666667
2013-07-26 12:00:00,790.7555555555556
2013-07-26 13:00:00,781.6888888888889
2013-07-26 14:00:00,770.6666666666667
2013-07-26 15:00:00,761.4222222222222
2013-07-26 16:00:00,757.5111111111112
2013-07-26 17:00:00,767.2888888888889
2013-07-26 18:00:00,804.9777777777778
2013-07-26 19:00:00,836.2666666666667
2013-07-26 20:00:00,787.7333333333333
2013-07-26 21:00:00,732.6222222222223
2013-07-26 22:00:00,662.0444444444445
2013-07-26 23:00:00,605.3333333333334
2013-07-27 00:00:00,564.4444444444445
2013-07-27 01:00:00,527.4666666666667
2013-07-27 02:00:00,512.5333333333333
2013-07-27 03:00:00,507.9111111111112
2013-07-27 04:00:00,545.2444444444444
2013-07-27 05:00:00,611.3777777777779
2013-07-27 06:00:00,679.1111111111111
2013-07-27 07:00:00,729.2444444444445
2013-07-27 08:00:00,765.1555555555556
2013-07-27 09:00:00,784.5333333333334
2013-07-27 10:00:00,787.9111111111112
2013-07-27 11:00:00,782.7555555555556
2013-07-27 12:00:00,760.8888888888889
2013-07-27 13:00:00,752.3555555555556
2013-07-27 14:00:00,741.8666666666667
2013-07-27 15:00:00,740.088888888889
2013-07-27 16:00:00,732.9777777777778
2013-07-27 17:00:00,737.9555555555556
2013-07-27 18:00:00,782.7555555555556
2013-07-27 19:00:00,821.8666666666667
2013-07-27 20:00:00,774.9333333333334
2013-07-27 21:00:00,719.8222222222222
2013-07-27 22:00:00,654.4
2013-07-27 23:00:00,576.1777777777778
2013-07-28 00:00:00,537.4222222222222
2013-07-28 01:00:00,513.7777777777778
2013-07-28 02:00:00,496.8888888888889
2013-07-28 03:00:00,493.33333333333337
2013-07-28 04:00:00,512.8888888888889
2013-07-28 05:00:00,560.7111111111111
2013-07-28 06:00:00,637.1555555555556
2013-07-28 07:00:00,696.7111111111111
2013-07-28 08:00:00,740.088888888889
2013-07-28 09:00:00,760.5333333333334
2013-07-28 10:00:00,754.4888888888889
2013-07-28 11:00:00,748.2666666666667
2013-07-28 12:00:00,735.6444444444445
2013-07-28 13:00:00,714.4888888888889
2013-07-28 14:00:00,715.2
2013-07-28 15:00:00,716.088888888889
2013-07-28 16:00:00,707.9111111111112
2013-07-28 17:00:00,716.2666666666667
2013-07-28 18:00:00,753.6
2013-07-28 19:00:00,804.2666666666667
2013-07-28 20:00:00,773.5111111111112
2013-07-28 21:00:00,730.8444444444444
2013-07-28 22:00:00,658.4888888888889
2013-07-28 23:00:00,596.2666666666667
2013-07-29 00:00:00,553.0666666666667
2013-07-29 01:00:00,522.8444444444444
2013-07-29 02:00:00,513.9555555555555
2013-07-29 03:00:00,512.1777777777778
2013-07-29 04:00:00,590.7555555555556
2013-07-29 05:00:00,664.7111111111111
2013-07-29 06:00:00,739.9111111111112
2013-07-29 07:00:00,790.9333333333334
2013-07-29 08:00:00,819.9111111111112
2013-07-29 09:00:00,854.4
2013-07-29 10:00:00,868.9777777777778
2013-07-29 11:00:00,864.7111111111111
2013-07-29 12:00:00,853.8666666666667
2013-07-29 13:00:00,837.1555555555556
2013-07-29 14:00:00,829.5111111111112
2013-07-29 15:00:00,825.7777777777778
2013-07-29 16:00:00,827.3777777777779
2013-07-29 17:00:00,833.6
2013-07-29 18:00:00,869.8666666666667
2013-07-29 19:00:00,899.2
2013-07-29 20:00:00,845.5111111111112
2013-07-29 21:00:00,763.9111111111112
2013-07-29 22:00:00,685.5111111111112
2013-07-29 23:00:00,621.6888888888889
2013-07-30 00:00:00,571.3777777777779
2013-07-30 01:00:00,542.9333333333334
2013-07-30 02:00:00,535.1111111111111
2013-07-30 03:00:00,526.4
2013-07-30 04:00:00,562.8444444444444
2013-07-30 05:00:00,627.2
2013-07-30 06:00:00,678.2222222222223
2013-07-30 07:00:00,718.7555555555556
2013-07-30 08:00:00,741.8666666666667
2013-07-30 09:00:00,768.1777777777778
2013-07-30 10:00:00,768.1777777777778
2013-07-30 11:00:00,769.0666666666667
2013-07-30 12:00:00,749.8666666666667
2013-07-30 13:00:00,728.0
2013-07-30 14:00:00,711.4666666666667
2013-07-30 15:00:00,692.8000000000001
2013-07-30 16:00:00,701.5111111111112
2013-07-30 17:00:00,726.9333333333334
2013-07-30 18:00:00,792.8888888888889
2013-07-30 19:00:00,795.7333333333333
2013-07-30 20:00:00,761.9555555555556
2013-07-30 21:00:00,707.5555555555555
2013-07-30 22:00:00,640.5333333333333
2013-07-30 23:00:00,581.1555555555556
2013-07-31 00:00:00,540.4444444444445
2013-07-31 01:00:00,531.3777777777779
2013-07-31 02:00:00,507.3777777777778
2013-07-31 03:00:00,522.6666666666667
2013-07-31 04:00:00,556.4444444444445
2013-07-31 05:00:00,643.5555555555555
2013-07-31 06:00:00,704.7111111111111
2013-07-31 07:00:00,739.5555555555555
2013-07-31 08:00:00,743.4666666666667
2013-07-31 09:00:00,763.3777777777779
2013-07-31 10:00:00,771.5555555555555
2013-07-31 11:00:00,771.0222222222222
2013-07-31 12:00:00,757.5111111111112
2013-07-31 13:00:00,746.6666666666667
2013-07-31 14:00:00,738.4888888888889
2013-07-31 15:00:00,734.9333333333334
2013-07-31 16:00:00,727.8222222222222
2013-07-31 17:00:00,750.0444444444445
2013-07-31 18:00:00,804.6222222222223
2013-07-31 19:00:00,828.8000000000001
2013-07-31 20:00:00,778.1333333333333
2013-07-31 21:00:00,721.7777777777778
2013-07-31 22:00:00,644.9777777777778
2013-07-31 23:00:00,578.8444444444444
2013-08-01 00:00:00,540.9777777777778
2013-08-01 01:00:00,519.8222222222222
2013-08-01 02:00:00,508.0888888888889
2013-08-01 03:00:00,511.1111111111112
2013-08-01 04:00:00,560.5333333333333
2013-08-01 05:00:00,640.0
2013-08-01 06:00:00,701.6888888888889
2013-08-01 07:00:00,741.5111111111112
2013-08-01 08:00:00,762.8444444444444
2013-08-01 09:00:00,780.6222222222223
2013-08-01 10:00:00,784.5333333333334
2013-08-01 11:00:00,780.4444444444445
2013-08-01 12:00:00,770.3111111111111
2013-08-01 13:00:00,763.2
2013-08-01 14:00:00,759.4666666666667
2013-08-01 15:00:00,750.9333333333334
2013-08-01 16:00:00,760.3555555555556
2013-08-01 17:00:00,766.7555555555556
2013-08-01 18:00:00,817.7777777777778
2013-08-01 19:00:00,841.2444444444445
2013-08-01 20:00:00,791.2888888888889
2013-08-01 21:00:00,733.6888888888889
2013-08-01 22:00:00,652.4444444444445
2013-08-01 23:00:00,592.5333333333333
2013-08-02 00:00:00,551.1111111111111
2013-08-02 01:00:00,508.6222222222223
2013-08-02 02:00:00,511.8222222222223
2013-08-02 03:00:00,505.6
2013-08-02 04:00:00,549.5111111111112
2013-08-02 05:00:00,627.3777777777779
2013-08-02 06:00:00,686.4
2013-08-02 07:00:00,729.2444444444445
2013-08-02 08:00:00,752.0
2013-08-02 09:00:00,770.1333333333333
2013-08-02 10:00:00,769.4222222222222
2013-08-02 11:00:00,779.2
2013-08-02 12:00:00,767.2888888888889
2013-08-02 13:00:00,751.4666666666667
2013-08-02 14:00:00,745.0666666666667
2013-08-02 15:00:00,734.4
2013-08-02 16:00:00,737.7777777777778
2013-08-02 17:00:00,740.9777777777778
2013-08-02 18:00:00,782.2222222222223
2013-08-02 19:00:00,801.6
2013-08-02 20:00:00,759.6444444444445
2013-08-02 21:00:00,705.6
2013-08-02 22:00:00,641.2444444444445
2013-08-02 23:00:00,584.7111111111111
2013-08-03 00:00:00,547.5555555555555
2013-08-03 01:00:00,518.5777777777778
2013-08-03 02:00:00,497.77777777777777
2013-08-03 03:00:00,497.06666666666666
2013-08-03 04:00:00,524.2666666666667
2013-08-03 05:00:00,598.9333333333334
2013-08-03 06:00:00,661.3333333333334
2013-08-03 07:00:00,715.2
2013-08-03 08:00:00,747.7333333333333
2013-08-03 09:00:00,763.9111111111112
2013-08-03 10:00:00,782.5777777777778
2013-08-03 11:00:00,779.5555555555555
2013-08-03 12:00:00,768.3555555555556
2013-08-03 13:00:00,754.1333333333333
2013-08-03 14:00:00,747.5555555555555
2013-08-03 15:00:00,750.5777777777778
2013-08-03 16:00:00,752.0
2013-08-03 17:00:00,763.9111111111112
2013-08-03 18:00:00,807.2888888888889
2013-08-03 19:00:00,823.8222222222223
2013-08-03 20:00:00,776.1777777777778
2013-08-03 21:00:00,717.3333333333334
2013-08-03 22:00:00,648.1777777777778
2013-08-03 23:00:00,593.9555555555556
2013-08-04 00:00:00,546.3111111111111
2013-08-04 01:00:00,520.8888888888889
2013-08-04 02:00:00,499.2000000000001
2013-08-04 03:00:00,489.6
2013-08-04 04:00:00,500.2666666666667
2013-08-04 05:00:00,563.3777777777779
2013-08-04 06:00:00,627.2
2013-08-04 07:00:00,681.7777777777778
2013-08-04 08:00:00,725.6888888888889
2013-08-04 09:00:00,752.5333333333334
2013-08-04 10:00:00,761.6
2013-08-04 11:00:00,754.3111111111111
2013-08-04 12:00:00,729.4222222222222
2013-08-04 13:00:00,721.9555555555556
2013-08-04 14:00:00,719.1111111111111
2013-08-04 15:00:00,713.9555555555556
2013-08-04 16:00:00,716.4444444444445
2013-08-04 17:00:00,732.8000000000001
2013-08-04 18:00:00,788.6222222222223
2013-08-04 19:00:00,809.4222222222222
2013-08-04 20:00:00,760.1777777777778
2013-08-04 21:00:00,712.0
2013-08-04 22:00:00,630.2222222222223
2013-08-04 23:00:00,580.088888888889
2013-08-05 00:00:00,543.1111111111111
2013-08-05 01:00:00,512.7111111111111
2013-08-05 02:00:00,502.4
2013-08-05 03:00:00,503.1111111111112
2013-08-05 04:00:00,566.2222222222223
2013-08-05 05:00:00,637.6888888888889
2013-08-05 06:00:00,712.8888888888889
2013-08-05 07:00:00,758.5777777777778
2013-08-05 08:00:00,780.8000000000001
2013-08-05 09:00:00,808.8888888888889
2013-08-05 10:00:00,822.5777777777778
2013-08-05 11:00:00,818.8444444444444
2013-08-05 12:00:00,810.8444444444444
2013-08-05 13:00:00,794.6666666666667
2013-08-05 14:00:00,791.4666666666667
2013-08-05 15:00:00,785.2444444444445
2013-08-05 16:00:00,787.5555555555555
2013-08-05 17:00:00,785.0666666666667
2013-08-05 18:00:00,830.7555555555556
2013-08-05 19:00:00,853.8666666666667
2013-08-05 20:00:00,792.0
2013-08-05 21:00:00,730.3111111111111
2013-08-05 22:00:00,658.1333333333333
2013-08-05 23:00:00,590.9333333333334
2013-08-06 00:00:00,552.0
2013-08-06 01:00:00,528.0
2013-08-06 02:00:00,516.6222222222223
2013-08-06 03:00:00,513.4222222222222
2013-08-06 04:00:00,560.8888888888889
2013-08-06 05:00:00,649.9555555555556
2013-08-06 06:00:00,718.0444444444445
2013-08-06 07:00:00,766.0444444444445
2013-08-06 08:00:00,793.2444444444445
2013-08-06 09:00:00,821.8666666666667
2013-08-06 10:00:00,840.8888888888889
2013-08-06 11:00:00,841.2444444444445
2013-08-06 12:00:00,827.3777777777779
2013-08-06 13:00:00,814.4
2013-08-06 14:00:00,808.3555555555556
2013-08-06 15:00:00,799.2888888888889
2013-08-06 16:00:00,797.5111111111112
2013-08-06 17:00:00,802.3111111111111
2013-08-06 18:00:00,855.6444444444445
2013-08-06 19:00:00,859.0222222222222
2013-08-06 20:00:00,809.2444444444445
2013-08-06 21:00:00,759.6444444444445
2013-08-06 22:00:00,674.3111111111111
2013-08-06 23:00:00,603.0222222222222
2013-08-07 00:00:00,568.5333333333333
2013-08-07 01:00:00,542.7555555555556
2013-08-07 02:00:00,532.6222222222223
2013-08-07 03:00:00,529.2444444444444
2013-08-07 04:00:00,574.5777777777778
2013-08-07 05:00:00,665.2444444444445
2013-08-07 06:00:00,734.4
2013-08-07 07:00:00,780.9777777777778
2013-08-07 08:00:00,818.8444444444444
2013-08-07 09:00:00,845.8666666666667
2013-08-07 10:00:00,867.2
2013-08-07 11:00:00,869.8666666666667
2013-08-07 12:00:00,846.5777777777778
2013-08-07 13:00:00,843.0222222222222
2013-08-07 14:00:00,837.6888888888889
2013-08-07 15:00:00,823.1111111111111
2013-08-07 16:00:00,834.4888888888889
2013-08-07 17:00:00,840.5333333333334
2013-08-07 18:00:00,889.6
2013-08-07 19:00:00,909.6888888888888
2013-08-07 20:00:00,856.1777777777778
2013-08-07 21:00:00,789.5111111111112
2013-08-07 22:00:00,711.8222222222222
2013-08-07 23:00:00,637.3333333333334
2013-08-08 00:00:00,575.1111111111111
2013-08-08 01:00:00,552.5333333333333
2013-08-08 02:00:00,547.2
2013-08-08 03:00:00,572.4444444444445
2013-08-08 04:00:00,633.9555555555556
2013-08-08 05:00:00,714.8444444444444
2013-08-08 06:00:00,764.6222222222223
2013-08-08 07:00:00,796.9777777777778
2013-08-08 08:00:00,810.3111111111111
2013-08-08 09:00:00,835.5555555555555
2013-08-08 10:00:00,840.0
2013-08-08 11:00:00,839.4666666666667
2013-08-08 12:00:00,818.4888888888889
2013-08-08 13:00:00,804.8000000000001
2013-08-08 14:00:00,788.6222222222223
2013-08-08 15:00:00,795.3777777777779
2013-08-08 16:00:00,784.5333333333334
2013-08-08 17:00:00,795.5555555555555
2013-08-08 18:00:00,863.2888888888889
2013-08-08 19:00:00,869.5111111111112
2013-08-08 20:00:00,811.3777777777779
2013-08-08 21:00:00,756.6222222222223
2013-08-08 22:00:00,685.6888888888889
2013-08-08 23:00:00,619.0222222222222
2013-08-09 00:00:00,569.7777777777778
2013-08-09 01:00:00,550.0444444444445
2013-08-09 02:00:00,544.5333333333333
2013-08-09 03:00:00,544.5333333333333
2013-08-09 04:00:00,590.4
2013-08-09 05:00:00,669.8666666666667
2013-08-09 06:00:00,742.7555555555556
2013-08-09 07:00:00,791.2888888888889
2013-08-09 08:00:00,819.7333333333333
2013-08-09 09:00:00,843.3777777777779
2013-08-09 10:00:00,847.4666666666667
2013-08-09 11:00:00,850.8444444444444
2013-08-09 12:00:00,837.6888888888889
2013-08-09 13:00:00,821.3333333333334
2013-08-09 14:00:00,808.3555555555556
2013-08-09 15:00:00,794.8444444444444
2013-08-09 16:00:00,791.1111111111111
2013-08-09 17:00:00,790.9333333333334
2013-08-09 18:00:00,848.0
2013-08-09 19:00:00,844.9777777777778
2013-08-09 20:00:00,780.088888888889
2013-08-09 21:00:00,735.2888888888889
2013-08-09 22:00:00,671.1111111111111
2013-08-09 23:00:00,606.4
2013-08-10 00:00:00,558.5777777777778
2013-08-10 01:00:00,530.3111111111111
2013-08-10 02:00:00,519.8222222222222
2013-08-10 03:00:00,515.0222222222222
2013-08-10 04:00:00,545.2444444444444
2013-08-10 05:00:00,612.8000000000001
2013-08-10 06:00:00,680.5333333333333
2013-08-10 07:00:00,726.7555555555556
2013-08-10 08:00:00,747.0222222222222
2013-08-10 09:00:00,763.9111111111112
2013-08-10 10:00:00,774.9333333333334
2013-08-10 11:00:00,775.4666666666667
2013-08-10 12:00:00,762.1333333333333
2013-08-10 13:00:00,741.1555555555556
2013-08-10 14:00:00,729.9555555555556
2013-08-10 15:00:00,719.4666666666667
2013-08-10 16:00:00,703.2888888888889
2013-08-10 17:00:00,711.2888888888889
2013-08-10 18:00:00,775.8222222222223
2013-08-10 19:00:00,772.9777777777778
2013-08-10 20:00:00,720.7111111111111
2013-08-10 21:00:00,658.1333333333333
2013-08-10 22:00:00,627.9111111111112
2013-08-10 23:00:00,549.1555555555556
2013-08-11 00:00:00,508.0888888888889
2013-08-11 01:00:00,488.53333333333336
2013-08-11 02:00:00,481.77777777777777
2013-08-11 03:00:00,475.5555555555556
2013-08-11 04:00:00,480.1777777777778
2013-08-11 05:00:00,541.8666666666667
2013-08-11 06:00:00,612.6222222222223
2013-08-11 07:00:00,657.6
2013-08-11 08:00:00,687.1111111111111
2013-08-11 09:00:00,702.4
2013-08-11 10:00:00,709.8666666666667
2013-08-11 11:00:00,694.9333333333334
2013-08-11 12:00:00,675.3777777777779
2013-08-11 13:00:00,663.8222222222222
2013-08-11 14:00:00,658.3111111111111
2013-08-11 15:00:00,654.4
2013-08-11 16:00:00,651.7333333333333
2013-08-11 17:00:00,664.1777777777778
2013-08-11 18:00:00,746.8444444444444
2013-08-11 19:00:00,754.4888888888889
2013-08-11 20:00:00,726.0444444444445
2013-08-11 21:00:00,656.8888888888889
2013-08-11 22:00:00,595.2
2013-08-11 23:00:00,537.4222222222222
2013-08-12 00:00:00,488.0
2013-08-12 01:00:00,483.5555555555556
2013-08-12 02:00:00,480.1777777777778
2013-08-12 03:00:00,485.8666666666667
2013-08-12 04:00:00,545.4222222222222
2013-08-12 05:00:00,626.4888888888889
2013-08-12 06:00:00,692.6222222222223
2013-08-12 07:00:00,723.2
2013-08-12 08:00:00,745.0666666666667
2013-08-12 09:00:00,753.2444444444445
2013-08-12 10:00:00,765.8666666666667
2013-08-12 11:00:00,775.8222222222223
2013-08-12 12:00:00,767.2888888888889
2013-08-12 13:00:00,756.8000000000001
2013-08-12 14:00:00,748.9777777777778
2013-08-12 15:00:00,743.4666666666667
2013-08-12 16:00:00,732.2666666666667
2013-08-12 17:00:00,750.7555555555556
2013-08-12 18:00:00,828.088888888889
2013-08-12 19:00:00,815.1111111111111
2013-08-12 20:00:00,772.6222222222223
2013-08-12 21:00:00,700.088888888889
2013-08-12 22:00:00,637.8666666666667
2013-08-12 23:00:00,562.3111111111111
2013-08-13 00:00:00,532.6222222222223
2013-08-13 01:00:00,511.4666666666667
2013-08-13 02:00:00,507.9111111111112
2013-08-13 03:00:00,515.9111111111112
2013-08-13 04:00:00,557.8666666666667
2013-08-13 05:00:00,645.3333333333334
2013-08-13 06:00:00,711.6444444444445
2013-08-13 07:00:00,744.1777777777778
2013-08-13 08:00:00,762.6666666666667
2013-08-13 09:00:00,778.6666666666667
2013-08-13 10:00:00,801.4222222222222
2013-08-13 11:00:00,802.6666666666667
2013-08-13 12:00:00,797.5111111111112
2013-08-13 13:00:00,785.4222222222222
2013-08-13 14:00:00,775.2888888888889
2013-08-13 15:00:00,772.2666666666667
2013-08-13 16:00:00,766.4
2013-08-13 17:00:00,769.9555555555556
2013-08-13 18:00:00,849.9555555555556
2013-08-13 19:00:00,844.088888888889
2013-08-13 20:00:00,784.5333333333334
2013-08-13 21:00:00,718.4
2013-08-13 22:00:00,644.9777777777778
2013-08-13 23:00:00,575.6444444444445
2013-08-14 00:00:00,541.1555555555556
2013-08-14 01:00:00,511.4666666666667
2013-08-14 02:00:00,505.9555555555556
2013-08-14 03:00:00,516.4444444444445
2013-08-14 04:00:00,565.6888888888889
2013-08-14 05:00:00,646.4
2013-08-14 06:00:00,707.0222222222222
2013-08-14 07:00:00,717.1555555555556
2013-08-14 08:00:00,731.3777777777779
2013-08-14 09:00:00,750.7555555555556
2013-08-14 10:00:00,771.3777777777779
2013-08-14 11:00:00,769.4222222222222
2013-08-14 12:00:00,755.7333333333333
2013-08-14 13:00:00,744.8888888888889
2013-08-14 14:00:00,739.9111111111112
2013-08-14 15:00:00,723.7333333333333
2013-08-14 16:00:00,716.4444444444445
2013-08-14 17:00:00,740.6222222222223
2013-08-14 18:00:00,815.6444444444445
2013-08-14 19:00:00,799.8222222222223
2013-08-14 20:00:00,743.4666666666667
2013-08-14 21:00:00,675.7333333333333
2013-08-14 22:00:00,601.2444444444444
2013-08-14 23:00:00,548.6222222222223
2013-08-15 00:00:00,518.5777777777778
2013-08-15 01:00:00,484.6222222222223
2013-08-15 02:00:00,483.3777777777778
2013-08-15 03:00:00,498.8444444444445
2013-08-15 04:00:00,541.1555555555556
2013-08-15 05:00:00,616.7111111111111
2013-08-15 06:00:00,672.0
2013-08-15 07:00:00,701.8666666666667
2013-08-15 08:00:00,699.9111111111112
2013-08-15 09:00:00,710.4
2013-08-15 10:00:00,712.5333333333334
2013-08-15 11:00:00,717.5111111111112
2013-08-15 12:00:00,705.7777777777778
2013-08-15 13:00:00,693.1555555555556
2013-08-15 14:00:00,690.3111111111111
2013-08-15 15:00:00,685.8666666666667
2013-08-15 16:00:00,683.7333333333333
2013-08-15 17:00:00,710.2222222222223
2013-08-15 18:00:00,796.088888888889
2013-08-15 19:00:00,769.6
2013-08-15 20:00:00,720.5333333333334
2013-08-15 21:00:00,653.6888888888889
2013-08-15 22:00:00,587.5555555555555
2013-08-15 23:00:00,542.0444444444445
2013-08-16 00:00:00,500.44444444444446
2013-08-16 01:00:00,478.4
2013-08-16 02:00:00,482.31111111111113
2013-08-16 03:00:00,486.4
2013-08-16 04:00:00,537.4222222222222
2013-08-16 05:00:00,615.4666666666667
2013-08-16 06:00:00,669.6888888888889
2013-08-16 07:00:00,697.7777777777778
2013-08-16 08:00:00,711.2888888888889
2013-08-16 09:00:00,715.5555555555555
2013-08-16 10:00:00,730.3111111111111
2013-08-16 11:00:00,729.7777777777778
2013-08-16 12:00:00,724.4444444444445
2013-08-16 13:00:00,718.5777777777778
2013-08-16 14:00:00,704.3555555555556
2013-08-16 15:00:00,699.0222222222222
2013-08-16 16:00:00,683.7333333333333
2013-08-16 17:00:00,728.0
2013-08-16 18:00:00,807.8222222222223
2013-08-16 19:00:00,789.5111111111112
2013-08-16 20:00:00,731.5555555555555
2013-08-16 21:00:00,676.088888888889
2013-08-16 22:00:00,610.3111111111111
2013-08-16 23:00:00,548.4444444444445
2013-08-17 00:00:00,508.44444444444446
2013-08-17 01:00:00,493.8666666666667
2013-08-17 02:00:00,486.9333333333333
2013-08-17 03:00:00,491.5555555555556
2013-08-17 04:00:00,524.6222222222223
2013-08-17 05:00:00,589.6888888888889
2013-08-17 06:00:00,652.8000000000001
2013-08-17 07:00:00,696.8888888888889
2013-08-17 08:00:00,715.9111111111112
2013-08-17 09:00:00,725.1555555555556
2013-08-17 10:00:00,741.5111111111112
2013-08-17 11:00:00,732.6222222222223
2013-08-17 12:00:00,728.8888888888889
2013-08-17 13:00:00,705.0666666666667
2013-08-17 14:00:00,705.0666666666667
2013-08-17 15:00:00,694.5777777777778
2013-08-17 16:00:00,692.9777777777778
2013-08-17 17:00:00,724.4444444444445
2013-08-17 18:00:00,795.5555555555555
2013-08-17 19:00:00,780.9777777777778
2013-08-17 20:00:00,743.8222222222222
2013-08-17 21:00:00,659.9111111111112
2013-08-17 22:00:00,615.2888888888889
2013-08-17 23:00:00,549.8666666666667
2013-08-18 00:00:00,514.6666666666667
2013-08-18 01:00:00,491.3777777777778
2013-08-18 02:00:00,480.7111111111111
2013-08-18 03:00:00,472.0
2013-08-18 04:00:00,489.4222222222222
2013-08-18 05:00:00,547.5555555555555
2013-08-18 06:00:00,607.6444444444445
2013-08-18 07:00:00,664.0
2013-08-18 08:00:00,698.1333333333333
2013-08-18 09:00:00,720.0
2013-08-18 10:00:00,721.7777777777778
2013-08-18 11:00:00,716.9777777777778
2013-08-18 12:00:00,696.3555555555556
2013-08-18 13:00:00,682.4888888888889
2013-08-18 14:00:00,682.4888888888889
2013-08-18 15:00:00,675.7333333333333
2013-08-18 16:00:00,671.2888888888889
2013-08-18 17:00:00,695.6444444444445
2013-08-18 18:00:00,785.4222222222222
2013-08-18 19:00:00,778.4888888888889
2013-08-18 20:00:00,731.7333333333333
2013-08-18 21:00:00,678.9333333333334
2013-08-18 22:00:00,596.4444444444445
2013-08-18 23:00:00,540.4444444444445
2013-08-19 00:00:00,504.7111111111111
2013-08-19 01:00:00,486.22222222222223
2013-08-19 02:00:00,484.9777777777778
2013-08-19 03:00:00,491.2000000000001
2013-08-19 04:00:00,548.4444444444445
2013-08-19 05:00:00,630.0444444444445
2013-08-19 06:00:00,688.3555555555556
2013-08-19 07:00:00,727.6444444444445
2013-08-19 08:00:00,746.4888888888889
2013-08-19 09:00:00,765.8666666666667
2013-08-19 10:00:00,786.6666666666667
2013-08-19 11:00:00,786.3111111111111
2013-08-19 12:00:00,778.1333333333333
2013-08-19 13:00:00,766.4
2013-08-19 14:00:00,758.9333333333334
2013-08-19 15:00:00,740.4444444444445
2013-08-19 16:00:00,736.7111111111111
2013-08-19 17:00:00,757.8666666666667
2013-08-19 18:00:00,826.3111111111111
2013-08-19 19:00:00,813.1555555555556
2013-08-19 20:00:00,758.5777777777778
2013-08-19 21:00:00,700.9777777777778
2013-08-19 22:00:00,629.8666666666667
2013-08-19 23:00:00,562.3111111111111
2013-08-20 00:00:00,525.8666666666667
2013-08-20 01:00:00,507.2000000000001
2013-08-20 02:00:00,509.33333333333337
2013-08-20 03:00:00,518.4
2013-08-20 04:00:00,568.0
2013-08-20 05:00:00,650.3111111111111
2013-08-20 06:00:00,714.4888888888889
2013-08-20 07:00:00,753.6
2013-08-20 08:00:00,770.1333333333333
2013-08-20 09:00:00,782.2222222222223
2013-08-20 10:00:00,797.3333333333334
2013-08-20 11:00:00,809.6
2013-08-20 12:00:00,797.3333333333334
2013-08-20 13:00:00,780.8000000000001
2013-08-20 14:00:00,769.2444444444445
2013-08-20 15:00:00,752.8888888888889
2013-08-20 16:00:00,748.9777777777778
2013-08-20 17:00:00,785.7777777777778
2013-08-20 18:00:00,850.4888888888889
2013-08-20 19:00:00,822.0444444444445
2013-08-20 20:00:00,755.9111111111112
2013-08-20 21:00:00,697.9555555555556
2013-08-20 22:00:00,623.1111111111111
2013-08-20 23:00:00,566.2222222222223
2013-08-21 00:00:00,528.0
2013-08-21 01:00:00,514.3111111111111
2013-08-21 02:00:00,512.3555555555556
2013-08-21 03:00:00,518.5777777777778
2013-08-21 04:00:00,572.4444444444445
2013-08-21 05:00:00,651.9111111111112
2013-08-21 06:00:00,704.5333333333334
2013-08-21 07:00:00,729.4222222222222
2013-08-21 08:00:00,734.5777777777778
2013-08-21 09:00:00,741.6888888888889
2013-08-21 10:00:00,749.8666666666667
2013-08-21 11:00:00,744.8888888888889
2013-08-21 12:00:00,740.8000000000001
2013-08-21 13:00:00,730.4888888888889
2013-08-21 14:00:00,717.8666666666667
2013-08-21 15:00:00,711.1111111111111
2013-08-21 16:00:00,712.7111111111111
2013-08-21 17:00:00,749.6888888888889
2013-08-21 18:00:00,828.088888888889
2013-08-21 19:00:00,796.9777777777778
2013-08-21 20:00:00,740.2666666666667
2013-08-21 21:00:00,675.7333333333333
2013-08-21 22:00:00,608.8888888888889
2013-08-21 23:00:00,546.6666666666667
2013-08-22 00:00:00,518.7555555555556
2013-08-22 01:00:00,501.33333333333337
2013-08-22 02:00:00,501.8666666666667
2013-08-22 03:00:00,514.1333333333333
2013-08-22 04:00:00,561.7777777777778
2013-08-22 05:00:00,644.4444444444445
2013-08-22 06:00:00,696.7111111111111
2013-08-22 07:00:00,720.5333333333334
2013-08-22 08:00:00,732.2666666666667
2013-08-22 09:00:00,740.088888888889
2013-08-22 10:00:00,742.0444444444445
2013-08-22 11:00:00,758.9333333333334
2013-08-22 12:00:00,755.3777777777779
2013-08-22 13:00:00,742.5777777777778
2013-08-22 14:00:00,728.8888888888889
2013-08-22 15:00:00,717.3333333333334
2013-08-22 16:00:00,716.6222222222223
2013-08-22 17:00:00,759.8222222222222
2013-08-22 18:00:00,833.9555555555556
2013-08-22 19:00:00,805.5111111111112
2013-08-22 20:00:00,745.2444444444445
2013-08-22 21:00:00,686.0444444444445
2013-08-22 22:00:00,605.3333333333334
2013-08-22 23:00:00,554.1333333333333
2013-08-23 00:00:00,522.4888888888889
2013-08-23 01:00:00,502.0444444444445
2013-08-23 02:00:00,494.9333333333333
2013-08-23 03:00:00,510.22222222222223
2013-08-23 04:00:00,560.0
2013-08-23 05:00:00,634.4888888888889
2013-08-23 06:00:00,685.8666666666667
2013-08-23 07:00:00,719.2888888888889
2013-08-23 08:00:00,731.0222222222222
2013-08-23 09:00:00,741.3333333333334
2013-08-23 10:00:00,758.7555555555556
2013-08-23 11:00:00,753.4222222222222
2013-08-23 12:00:00,754.4888888888889
2013-08-23 13:00:00,742.5777777777778
2013-08-23 14:00:00,731.5555555555555
2013-08-23 15:00:00,716.4444444444445
2013-08-23 16:00:00,716.2666666666667
2013-08-23 17:00:00,761.9555555555556
2013-08-23 18:00:00,835.9111111111112
2013-08-23 19:00:00,807.8222222222223
2013-08-23 20:00:00,731.9111111111112
2013-08-23 21:00:00,677.6888888888889
2013-08-23 22:00:00,614.0444444444445
2013-08-23 23:00:00,557.6888888888889
2013-08-24 00:00:00,516.8000000000001
2013-08-24 01:00:00,497.77777777777777
2013-08-24 02:00:00,497.4222222222222
2013-08-24 03:00:00,496.53333333333336
2013-08-24 04:00:00,532.6222222222223
2013-08-24 05:00:00,595.2
2013-08-24 06:00:00,673.2444444444445
2013-08-24 07:00:00,710.9333333333334
2013-08-24 08:00:00,719.4666666666667
2013-08-24 09:00:00,718.0444444444445
2013-08-24 10:00:00,737.2444444444445
2013-08-24 11:00:00,734.7555555555556
2013-08-24 12:00:00,720.0
2013-08-24 13:00:00,699.2
2013-08-24 14:00:00,684.4444444444445
2013-08-24 15:00:00,670.0444444444445
2013-08-24 16:00:00,666.3111111111111
2013-08-24 17:00:00,717.1555555555556
2013-08-24 18:00:00,772.8000000000001
2013-08-24 19:00:00,747.0222222222222
2013-08-24 20:00:00,693.1555555555556
2013-08-24 21:00:00,637.1555555555556
2013-08-24 22:00:00,580.8000000000001
2013-08-24 23:00:00,522.8444444444444
2013-08-25 00:00:00,488.0
2013-08-25 01:00:00,473.06666666666666
2013-08-25 02:00:00,470.22222222222223
2013-08-25 03:00:00,467.9111111111112
2013-08-25 04:00:00,477.33333333333337
2013-08-25 05:00:00,536.7111111111111
2013-08-25 06:00:00,603.9111111111112
2013-08-25 07:00:00,655.4666666666667
2013-08-25 08:00:00,679.4666666666667
2013-08-25 09:00:00,691.2
2013-08-25 10:00:00,695.2888888888889
2013-08-25 11:00:00,691.9111111111112
2013-08-25 12:00:00,665.9555555555556
2013-08-25 13:00:00,649.4222222222222
2013-08-25 14:00:00,644.2666666666667
2013-08-25 15:00:00,641.4222222222222
2013-08-25 16:00:00,655.2888888888889
2013-08-25 17:00:00,707.9111111111112
2013-08-25 18:00:00,762.1333333333333
2013-08-25 19:00:00,739.0222222222222
2013-08-25 20:00:00,688.5333333333333
2013-08-25 21:00:00,628.8000000000001
2013-08-25 22:00:00,572.4444444444445
2013-08-25 23:00:00,518.4
2013-08-26 00:00:00,480.53333333333336
2013-08-26 01:00:00,471.2888888888889
2013-08-26 02:00:00,468.9777777777778
2013-08-26 03:00:00,489.24444444444447
2013-08-26 04:00:00,547.5555555555555
2013-08-26 05:00:00,629.8666666666667
2013-08-26 06:00:00,689.4222222222222
2013-08-26 07:00:00,722.4888888888889
2013-08-26 08:00:00,728.1777777777778
2013-08-26 09:00:00,737.4222222222222
2013-08-26 10:00:00,751.4666666666667
2013-08-26 11:00:00,749.5111111111112
2013-08-26 12:00:00,733.6888888888889
2013-08-26 13:00:00,718.9333333333334
2013-08-26 14:00:00,725.1555555555556
2013-08-26 15:00:00,707.0222222222222
2013-08-26 16:00:00,711.4666666666667
2013-08-26 17:00:00,759.2888888888889
2013-08-26 18:00:00,829.1555555555556
2013-08-26 19:00:00,803.2
2013-08-26 20:00:00,729.9555555555556
2013-08-26 21:00:00,670.4
2013-08-26 22:00:00,590.5777777777778
2013-08-26 23:00:00,535.4666666666667
2013-08-27 00:00:00,491.02222222222224
2013-08-27 01:00:00,484.8
2013-08-27 02:00:00,485.8666666666667
2013-08-27 03:00:00,497.77777777777777
2013-08-27 04:00:00,550.9333333333334
2013-08-27 05:00:00,625.6
2013-08-27 06:00:00,670.9333333333334
2013-08-27 07:00:00,705.6
2013-08-27 08:00:00,718.0444444444445
2013-08-27 09:00:00,725.8666666666667
2013-08-27 10:00:00,753.2444444444445
2013-08-27 11:00:00,766.5777777777778
2013-08-27 12:00:00,742.2222222222223
2013-08-27 13:00:00,732.2666666666667
2013-08-27 14:00:00,720.8888888888889
2013-08-27 15:00:00,715.7333333333333
2013-08-27 16:00:00,714.4888888888889
2013-08-27 17:00:00,784.3555555555556
2013-08-27 18:00:00,850.4888888888889
2013-08-27 19:00:00,820.4444444444445
2013-08-27 20:00:00,752.5333333333334
2013-08-27 21:00:00,673.4222222222222
2013-08-27 22:00:00,615.4666666666667
2013-08-27 23:00:00,550.9333333333334
2013-08-28 00:00:00,510.4
2013-08-28 01:00:00,495.1111111111112
2013-08-28 02:00:00,503.6444444444445
2013-08-28 03:00:00,510.0444444444445
2013-08-28 04:00:00,562.1333333333333
2013-08-28 05:00:00,645.8666666666667
2013-08-28 06:00:00,704.0
2013-08-28 07:00:00,723.9111111111112
2013-08-28 08:00:00,721.7777777777778
2013-08-28 09:00:00,733.6888888888889
2013-08-28 10:00:00,736.3555555555556
2013-08-28 11:00:00,744.8888888888889
2013-08-28 12:00:00,724.2666666666667
2013-08-28 13:00:00,712.8888888888889
2013-08-28 14:00:00,697.0666666666667
2013-08-28 15:00:00,691.0222222222222
2013-08-28 16:00:00,702.9333333333334
2013-08-28 17:00:00,757.6888888888889
2013-08-28 18:00:00,820.8000000000001
2013-08-28 19:00:00,780.2666666666667
2013-08-28 20:00:00,715.2
2013-08-28 21:00:00,664.0
2013-08-28 22:00:00,607.2888888888889
2013-08-28 23:00:00,551.1111111111111
2013-08-29 00:00:00,512.0
2013-08-29 01:00:00,497.24444444444447
2013-08-29 02:00:00,498.1333333333333
2013-08-29 03:00:00,520.1777777777778
2013-08-29 04:00:00,574.0444444444445
2013-08-29 05:00:00,651.9111111111112
2013-08-29 06:00:00,703.6444444444445
2013-08-29 07:00:00,727.1111111111111
2013-08-29 08:00:00,727.2888888888889
2013-08-29 09:00:00,738.1333333333333
2013-08-29 10:00:00,740.6222222222223
2013-08-29 11:00:00,734.0444444444445
2013-08-29 12:00:00,724.8000000000001
2013-08-29 13:00:00,712.5333333333334
2013-08-29 14:00:00,710.4
2013-08-29 15:00:00,704.8888888888889
2013-08-29 16:00:00,718.9333333333334
2013-08-29 17:00:00,786.6666666666667
2013-08-29 18:00:00,836.2666666666667
2013-08-29 19:00:00,806.4
2013-08-29 20:00:00,758.4
2013-08-29 21:00:00,684.2666666666667
2013-08-29 22:00:00,626.4888888888889
2013-08-29 23:00:00,557.3333333333334
2013-08-30 00:00:00,534.0444444444445
2013-08-30 01:00:00,516.4444444444445
2013-08-30 02:00:00,512.7111111111111
2013-08-30 03:00:00,532.088888888889
2013-08-30 04:00:00,588.6222222222223
2013-08-30 05:00:00,657.6
2013-08-30 06:00:00,696.0
2013-08-30 07:00:00,729.2444444444445
2013-08-30 08:00:00,734.7555555555556
2013-08-30 09:00:00,740.6222222222223
2013-08-30 10:00:00,745.2444444444445
2013-08-30 11:00:00,741.8666666666667
2013-08-30 12:00:00,732.2666666666667
2013-08-30 13:00:00,722.6666666666667
2013-08-30 14:00:00,720.0
2013-08-30 15:00:00,715.0222222222222
2013-08-30 16:00:00,716.2666666666667
2013-08-30 17:00:00,774.9333333333334
2013-08-30 18:00:00,837.6888888888889
2013-08-30 19:00:00,802.4888888888889
2013-08-30 20:00:00,743.4666666666667
2013-08-30 21:00:00,681.2444444444445
2013-08-30 22:00:00,625.0666666666667
2013-08-30 23:00:00,570.6666666666667
2013-08-31 00:00:00,531.2
2013-08-31 01:00:00,513.0666666666667
2013-08-31 02:00:00,508.6222222222223
2013-08-31 03:00:00,515.7333333333333
2013-08-31 04:00:00,520.7111111111111
2013-08-31 05:00:00,588.4444444444445
2013-08-31 06:00:00,655.8222222222222
2013-08-31 07:00:00,696.0
2013-08-31 08:00:00,699.3777777777779
2013-08-31 09:00:00,712.8888888888889
2013-08-31 10:00:00,707.0222222222222
2013-08-31 11:00:00,708.2666666666667
2013-08-31 12:00:00,692.9777777777778
2013-08-31 13:00:00,676.9777777777778
2013-08-31 14:00:00,675.3777777777779
2013-08-31 15:00:00,664.3555555555556
2013-08-31 16:00:00,667.5555555555555
2013-08-31 17:00:00,740.9777777777778
2013-08-31 18:00:00,810.1333333333333
2013-08-31 19:00:00,766.2222222222223
2013-08-31 20:00:00,704.3555555555556
2013-08-31 21:00:00,642.8444444444444
2013-08-31 22:00:00,579.5555555555555
2013-08-31 23:00:00,527.4666666666667
2013-09-01 00:00:00,489.4222222222222
2013-09-01 01:00:00,471.4666666666667
2013-09-01 02:00:00,466.4888888888889
2013-09-01 03:00:00,466.1333333333333
2013-09-01 04:00:00,479.6444444444445
2013-09-01 05:00:00,545.2444444444444
2013-09-01 06:00:00,608.7111111111111
2013-09-01 07:00:00,661.3333333333334
2013-09-01 08:00:00,679.4666666666667
2013-09-01 09:00:00,716.6222222222223
2013-09-01 10:00:00,695.8222222222222
2013-09-01 11:00:00,689.4222222222222
2013-09-01 12:00:00,665.9555555555556
2013-09-01 13:00:00,642.6666666666667
2013-09-01 14:00:00,632.5333333333333
2013-09-01 15:00:00,628.8000000000001
2013-09-01 16:00:00,637.1555555555556
2013-09-01 17:00:00,732.088888888889
2013-09-01 18:00:00,804.9777777777778
2013-09-01 19:00:00,751.6444444444445
2013-09-01 20:00:00,713.7777777777778
2013-09-01 21:00:00,660.8000000000001
2013-09-01 22:00:00,581.1555555555556
2013-09-01 23:00:00,517.1555555555556
2013-09-02 00:00:00,478.7555555555556
2013-09-02 01:00:00,466.6666666666667
2013-09-02 02:00:00,468.8
2013-09-02 03:00:00,497.6
2013-09-02 04:00:00,569.7777777777778
2013-09-02 05:00:00,658.1333333333333
2013-09-02 06:00:00,701.8666666666667
2013-09-02 07:00:00,724.088888888889
2013-09-02 08:00:00,730.4888888888889
2013-09-02 09:00:00,727.6444444444445
2013-09-02 10:00:00,723.9111111111112
2013-09-02 11:00:00,727.2888888888889
2013-09-02 12:00:00,705.0666666666667
2013-09-02 13:00:00,696.0
2013-09-02 14:00:00,693.5111111111112
2013-09-02 15:00:00,691.0222222222222
2013-09-02 16:00:00,701.1555555555556
2013-09-02 17:00:00,788.4444444444445
2013-09-02 18:00:00,832.1777777777778
2013-09-02 19:00:00,787.5555555555555
2013-09-02 20:00:00,732.6222222222223
2013-09-02 21:00:00,657.7777777777778
2013-09-02 22:00:00,593.4222222222222
2013-09-02 23:00:00,536.0
2013-09-03 00:00:00,500.2666666666667
2013-09-03 01:00:00,484.2666666666667
2013-09-03 02:00:00,486.9333333333333
2013-09-03 03:00:00,507.5555555555556
2013-09-03 04:00:00,573.8666666666667
2013-09-03 05:00:00,659.2
2013-09-03 06:00:00,708.4444444444445
2013-09-03 07:00:00,723.7333333333333
2013-09-03 08:00:00,727.4666666666667
2013-09-03 09:00:00,736.3555555555556
2013-09-03 10:00:00,748.088888888889
2013-09-03 11:00:00,735.2888888888889
2013-09-03 12:00:00,722.1333333333333
2013-09-03 13:00:00,718.7555555555556
2013-09-03 14:00:00,716.088888888889
2013-09-03 15:00:00,718.5777777777778
2013-09-03 16:00:00,738.6666666666667
2013-09-03 17:00:00,806.4
2013-09-03 18:00:00,840.0
2013-09-03 19:00:00,808.3555555555556
2013-09-03 20:00:00,730.6666666666667
2013-09-03 21:00:00,660.9777777777778
2013-09-03 22:00:00,591.6444444444445
2013-09-03 23:00:00,529.9555555555555
2013-09-04 00:00:00,504.3555555555556
2013-09-04 01:00:00,486.4
2013-09-04 02:00:00,486.22222222222223
2013-09-04 03:00:00,511.2888888888889
2013-09-04 04:00:00,574.0444444444445
2013-09-04 05:00:00,664.1777777777778
2013-09-04 06:00:00,713.9555555555556
2013-09-04 07:00:00,719.2888888888889
2013-09-04 08:00:00,730.8444444444444
2013-09-04 09:00:00,732.2666666666667
2013-09-04 10:00:00,737.4222222222222
2013-09-04 11:00:00,730.6666666666667
2013-09-04 12:00:00,717.3333333333334
2013-09-04 13:00:00,715.2
2013-09-04 14:00:00,706.1333333333333
2013-09-04 15:00:00,698.4888888888889
2013-09-04 16:00:00,709.6888888888889
2013-09-04 17:00:00,798.9333333333334
2013-09-04 18:00:00,852.8000000000001
2013-09-04 19:00:00,808.8888888888889
2013-09-04 20:00:00,748.2666666666667
2013-09-04 21:00:00,675.3777777777779
2013-09-04 22:00:00,597.8666666666667
2013-09-04 23:00:00,537.9555555555555
2013-09-05 00:00:00,500.8
2013-09-05 01:00:00,484.0888888888889
2013-09-05 02:00:00,486.22222222222223
2013-09-05 03:00:00,510.9333333333333
2013-09-05 04:00:00,596.8000000000001
2013-09-05 05:00:00,674.4888888888889
2013-09-05 06:00:00,709.8666666666667
2013-09-05 07:00:00,724.088888888889
2013-09-05 08:00:00,740.088888888889
2013-09-05 09:00:00,742.2222222222223
2013-09-05 10:00:00,753.4222222222222
2013-09-05 11:00:00,738.3111111111111
2013-09-05 12:00:00,725.3333333333334
2013-09-05 13:00:00,719.8222222222222
2013-09-05 14:00:00,709.5111111111112
2013-09-05 15:00:00,707.7333333333333
2013-09-05 16:00:00,715.9111111111112
2013-09-05 17:00:00,811.5555555555555
2013-09-05 18:00:00,848.0
2013-09-05 19:00:00,807.4666666666667
2013-09-05 20:00:00,748.8000000000001
2013-09-05 21:00:00,675.9111111111112
2013-09-05 22:00:00,601.2444444444444
2013-09-05 23:00:00,536.0
2013-09-06 00:00:00,502.7555555555556
2013-09-06 01:00:00,500.6222222222223
2013-09-06 02:00:00,497.9555555555556
2013-09-06 03:00:00,519.6444444444445
2013-09-06 04:00:00,584.8888888888889
2013-09-06 05:00:00,667.0222222222222
2013-09-06 06:00:00,698.6666666666667
2013-09-06 07:00:00,722.4888888888889
2013-09-06 08:00:00,728.3555555555556
2013-09-06 09:00:00,732.4444444444445
2013-09-06 10:00:00,743.6444444444445
2013-09-06 11:00:00,737.6
2013-09-06 12:00:00,715.3777777777779
2013-09-06 13:00:00,707.5555555555555
2013-09-06 14:00:00,700.6222222222223
2013-09-06 15:00:00,696.8888888888889
2013-09-06 16:00:00,707.7333333333333
2013-09-06 17:00:00,804.2666666666667
2013-09-06 18:00:00,833.9555555555556
2013-09-06 19:00:00,795.2
2013-09-06 20:00:00,734.9333333333334
2013-09-06 21:00:00,667.0222222222222
2013-09-06 22:00:00,602.3111111111111
2013-09-06 23:00:00,542.5777777777778
2013-09-07 00:00:00,500.6222222222223
2013-09-07 01:00:00,483.73333333333335
2013-09-07 02:00:00,482.8444444444445
2013-09-07 03:00:00,499.2000000000001
2013-09-07 04:00:00,528.3555555555556
2013-09-07 05:00:00,609.7777777777778
2013-09-07 06:00:00,677.5111111111112
2013-09-07 07:00:00,710.0444444444445
2013-09-07 08:00:00,713.4222222222222
2013-09-07 09:00:00,724.9777777777778
2013-09-07 10:00:00,725.3333333333334
2013-09-07 11:00:00,719.8222222222222
2013-09-07 12:00:00,698.6666666666667
2013-09-07 13:00:00,682.4888888888889
2013-09-07 14:00:00,672.0
2013-09-07 15:00:00,665.7777777777778
2013-09-07 16:00:00,672.3555555555556
2013-09-07 17:00:00,764.4444444444445
2013-09-07 18:00:00,801.7777777777778
2013-09-07 19:00:00,767.4666666666667
2013-09-07 20:00:00,705.7777777777778
2013-09-07 21:00:00,643.7333333333333
2013-09-07 22:00:00,582.0444444444445
2013-09-07 23:00:00,524.088888888889
2013-09-08 00:00:00,486.7555555555556
2013-09-08 01:00:00,470.22222222222223
2013-09-08 02:00:00,462.9333333333333
2013-09-08 03:00:00,469.33333333333337
2013-09-08 04:00:00,485.5111111111111
2013-09-08 05:00:00,553.9555555555555
2013-09-08 06:00:00,620.9777777777778
2013-09-08 07:00:00,676.9777777777778
2013-09-08 08:00:00,697.9555555555556
2013-09-08 09:00:00,706.4888888888889
2013-09-08 10:00:00,703.4666666666667
2013-09-08 11:00:00,689.4222222222222
2013-09-08 12:00:00,668.6222222222223
2013-09-08 13:00:00,641.6
2013-09-08 14:00:00,634.3111111111111
2013-09-08 15:00:00,632.8888888888889
2013-09-08 16:00:00,652.8000000000001
2013-09-08 17:00:00,756.9777777777778
2013-09-08 18:00:00,809.9555555555556
2013-09-08 19:00:00,774.0444444444445
2013-09-08 20:00:00,710.4
2013-09-08 21:00:00,649.4222222222222
2013-09-08 22:00:00,573.3333333333334
2013-09-08 23:00:00,508.0888888888889
2013-09-09 00:00:00,474.1333333333333
2013-09-09 01:00:00,460.9777777777778
2013-09-09 02:00:00,464.7111111111111
2013-09-09 03:00:00,494.7555555555556
2013-09-09 04:00:00,571.2
2013-09-09 05:00:00,670.5777777777778
2013-09-09 06:00:00,709.3333333333334
2013-09-09 07:00:00,722.3111111111111
2013-09-09 08:00:00,726.7555555555556
2013-09-09 09:00:00,741.3333333333334
2013-09-09 10:00:00,746.6666666666667
2013-09-09 11:00:00,741.6888888888889
2013-09-09 12:00:00,729.2444444444445
2013-09-09 13:00:00,723.9111111111112
2013-09-09 14:00:00,714.8444444444444
2013-09-09 15:00:00,715.5555555555555
2013-09-09 16:00:00,746.3111111111111
2013-09-09 17:00:00,821.3333333333334
2013-09-09 18:00:00,830.9333333333334
2013-09-09 19:00:00,798.2222222222223
2013-09-09 20:00:00,738.4888888888889
2013-09-09 21:00:00,670.7555555555556
2013-09-09 22:00:00,599.4666666666667
2013-09-09 23:00:00,542.4
2013-09-10 00:00:00,505.24444444444447
2013-09-10 01:00:00,487.6444444444445
2013-09-10 02:00:00,487.2888888888889
2013-09-10 03:00:00,512.3555555555556
2013-09-10 04:00:00,610.3111111111111
2013-09-10 05:00:00,670.2222222222223
2013-09-10 06:00:00,709.8666666666667
2013-09-10 07:00:00,729.6
2013-09-10 08:00:00,731.7333333333333
2013-09-10 09:00:00,734.9333333333334
2013-09-10 10:00:00,740.2666666666667
2013-09-10 11:00:00,728.1777777777778
2013-09-10 12:00:00,725.3333333333334
2013-09-10 13:00:00,716.4444444444445
2013-09-10 14:00:00,711.1111111111111
2013-09-10 15:00:00,708.9777777777778
2013-09-10 16:00:00,723.7333333333333
2013-09-10 17:00:00,837.3333333333334
2013-09-10 18:00:00,866.8444444444444
2013-09-10 19:00:00,817.2444444444445
2013-09-10 20:00:00,751.1111111111111
2013-09-10 21:00:00,673.2444444444445
2013-09-10 22:00:00,597.8666666666667
2013-09-10 23:00:00,540.088888888889
2013-09-11 00:00:00,503.4666666666667
2013-09-11 01:00:00,490.8444444444445
2013-09-11 02:00:00,488.53333333333336
2013-09-11 03:00:00,523.5555555555555
2013-09-11 04:00:00,576.7111111111111
2013-09-11 05:00:00,664.0
2013-09-11 06:00:00,708.2666666666667
2013-09-11 07:00:00,732.4444444444445
2013-09-11 08:00:00,740.4444444444445
2013-09-11 09:00:00,748.2666666666667
2013-09-11 10:00:00,750.9333333333334
2013-09-11 11:00:00,735.1111111111111
2013-09-11 12:00:00,722.8444444444444
2013-09-11 13:00:00,716.4444444444445
2013-09-11 14:00:00,706.6666666666667
2013-09-11 15:00:00,703.2888888888889
2013-09-11 16:00:00,731.0222222222222
2013-09-11 17:00:00,830.0444444444445
2013-09-11 18:00:00,847.2888888888889
2013-09-11 19:00:00,799.8222222222223
2013-09-11 20:00:00,739.2
2013-09-11 21:00:00,668.2666666666667
2013-09-11 22:00:00,604.2666666666667
2013-09-11 23:00:00,553.9555555555555
2013-09-12 00:00:00,510.4
2013-09-12 01:00:00,491.73333333333335
2013-09-12 02:00:00,493.33333333333337
2013-09-12 03:00:00,517.6888888888889
2013-09-12 04:00:00,594.3111111111111
2013-09-12 05:00:00,679.6444444444445
2013-09-12 06:00:00,721.9555555555556
2013-09-12 07:00:00,747.9111111111112
2013-09-12 08:00:00,738.1333333333333
2013-09-12 09:00:00,758.7555555555556
2013-09-12 10:00:00,763.5555555555555
2013-09-12 11:00:00,753.0666666666667
2013-09-12 12:00:00,744.1777777777778
2013-09-12 13:00:00,735.1111111111111
2013-09-12 14:00:00,740.2666666666667
2013-09-12 15:00:00,745.4222222222222
2013-09-12 16:00:00,785.6
2013-09-12 17:00:00,860.6222222222223
2013-09-12 18:00:00,844.6222222222223
2013-09-12 19:00:00,812.9777777777778
2013-09-12 20:00:00,745.0666666666667
2013-09-12 21:00:00,666.4888888888889
2013-09-12 22:00:00,604.2666666666667
2013-09-12 23:00:00,544.3555555555556
2013-09-13 00:00:00,508.8
2013-09-13 01:00:00,494.4
2013-09-13 02:00:00,497.4222222222222
2013-09-13 03:00:00,526.9333333333334
2013-09-13 04:00:00,585.9555555555556
2013-09-13 05:00:00,675.7333333333333
2013-09-13 06:00:00,722.6666666666667
2013-09-13 07:00:00,748.2666666666667
2013-09-13 08:00:00,754.6666666666667
2013-09-13 09:00:00,749.5111111111112
2013-09-13 10:00:00,748.4444444444445
2013-09-13 11:00:00,742.0444444444445
2013-09-13 12:00:00,730.8444444444444
2013-09-13 13:00:00,723.3777777777779
2013-09-13 14:00:00,716.6222222222223
2013-09-13 15:00:00,718.0444444444445
2013-09-13 16:00:00,752.1777777777778
2013-09-13 17:00:00,840.8888888888889
2013-09-13 18:00:00,843.3777777777779
2013-09-13 19:00:00,792.1777777777778
2013-09-13 20:00:00,731.3777777777779
2013-09-13 21:00:00,657.2444444444445
2013-09-13 22:00:00,609.7777777777778
2013-09-13 23:00:00,545.9555555555555
2013-09-14 00:00:00,506.31111111111113
2013-09-14 01:00:00,491.9111111111112
2013-09-14 02:00:00,488.1777777777778
2013-09-14 03:00:00,504.1777777777778
2013-09-14 04:00:00,534.2222222222223
2013-09-14 05:00:00,605.1555555555556
2013-09-14 06:00:00,677.6888888888889
2013-09-14 07:00:00,713.6
2013-09-14 08:00:00,721.7777777777778
2013-09-14 09:00:00,728.3555555555556
2013-09-14 10:00:00,724.6222222222223
2013-09-14 11:00:00,716.088888888889
2013-09-14 12:00:00,703.2888888888889
2013-09-14 13:00:00,694.5777777777778
2013-09-14 14:00:00,688.8888888888889
2013-09-14 15:00:00,688.7111111111111
2013-09-14 16:00:00,718.5777777777778
2013-09-14 17:00:00,822.7555555555556
2013-09-14 18:00:00,826.8444444444444
2013-09-14 19:00:00,769.4222222222222
2013-09-14 20:00:00,717.1555555555556
2013-09-14 21:00:00,642.3111111111111
2013-09-14 22:00:00,589.8666666666667
2013-09-14 23:00:00,540.6222222222223
2013-09-15 00:00:00,495.6444444444445
2013-09-15 01:00:00,477.33333333333337
2013-09-15 02:00:00,472.8888888888889
2013-09-15 03:00:00,485.1555555555556
2013-09-15 04:00:00,500.2666666666667
2013-09-15 05:00:00,573.8666666666667
2013-09-15 06:00:00,638.4
2013-09-15 07:00:00,687.2888888888889
2013-09-15 08:00:00,712.1777777777778
2013-09-15 09:00:00,714.8444444444444
2013-09-15 10:00:00,708.2666666666667
2013-09-15 11:00:00,694.2222222222223
2013-09-15 12:00:00,680.7111111111111
2013-09-15 13:00:00,657.2444444444445
2013-09-15 14:00:00,651.2
2013-09-15 15:00:00,643.3777777777779
2013-09-15 16:00:00,678.7555555555556
2013-09-15 17:00:00,798.9333333333334
2013-09-15 18:00:00,835.0222222222222
2013-09-15 19:00:00,798.2222222222223
2013-09-15 20:00:00,734.2222222222223
2013-09-15 21:00:00,651.5555555555555
2013-09-15 22:00:00,595.3777777777779
2013-09-15 23:00:00,528.7111111111111
2013-09-16 00:00:00,478.4
2013-09-16 01:00:00,472.8888888888889
2013-09-16 02:00:00,479.4666666666667
2013-09-16 03:00:00,512.5333333333333
2013-09-16 04:00:00,586.8444444444444
2013-09-16 05:00:00,678.5777777777778
2013-09-16 06:00:00,730.4888888888889
2013-09-16 07:00:00,749.5111111111112
2013-09-16 08:00:00,756.9777777777778
2013-09-16 09:00:00,758.2222222222223
2013-09-16 10:00:00,751.8222222222222
2013-09-16 11:00:00,744.7111111111111
2013-09-16 12:00:00,721.6
2013-09-16 13:00:00,715.9111111111112
2013-09-16 14:00:00,725.8666666666667
2013-09-16 15:00:00,717.8666666666667
2013-09-16 16:00:00,747.3777777777779
2013-09-16 17:00:00,854.2222222222223
2013-09-16 18:00:00,867.0222222222222
2013-09-16 19:00:00,822.4
2013-09-16 20:00:00,752.1777777777778
2013-09-16 21:00:00,660.4444444444445
2013-09-16 22:00:00,615.1111111111111
2013-09-16 23:00:00,548.4444444444445
2013-09-17 00:00:00,513.9555555555555
2013-09-17 01:00:00,492.2666666666667
2013-09-17 02:00:00,498.31111111111113
2013-09-17 03:00:00,529.9555555555555
2013-09-17 04:00:00,595.2
2013-09-17 05:00:00,679.1111111111111
2013-09-17 06:00:00,732.088888888889
2013-09-17 07:00:00,755.0222222222222
2013-09-17 08:00:00,761.7777777777778
2013-09-17 09:00:00,763.7333333333333
2013-09-17 10:00:00,761.9555555555556
2013-09-17 11:00:00,756.2666666666667
2013-09-17 12:00:00,740.8000000000001
2013-09-17 13:00:00,734.4
2013-09-17 14:00:00,742.2222222222223
2013-09-17 15:00:00,754.1333333333333
2013-09-17 16:00:00,800.1777777777778
2013-09-17 17:00:00,873.4222222222222
2013-09-17 18:00:00,864.7111111111111
2013-09-17 19:00:00,825.6
2013-09-17 20:00:00,753.4222222222222
2013-09-17 21:00:00,662.0444444444445
2013-09-17 22:00:00,614.9333333333334
2013-09-17 23:00:00,542.2222222222223
2013-09-18 00:00:00,516.2666666666667
2013-09-18 01:00:00,503.4666666666667
2013-09-18 02:00:00,501.33333333333337
2013-09-18 03:00:00,531.5555555555555
2013-09-18 04:00:00,595.2
2013-09-18 05:00:00,696.7111111111111
2013-09-18 06:00:00,752.5333333333334
2013-09-18 07:00:00,761.2444444444445
2013-09-18 08:00:00,768.0
2013-09-18 09:00:00,770.3111111111111
2013-09-18 10:00:00,758.5777777777778
2013-09-18 11:00:00,752.3555555555556
2013-09-18 12:00:00,731.9111111111112
2013-09-18 13:00:00,725.6888888888889
2013-09-18 14:00:00,718.9333333333334
2013-09-18 15:00:00,725.6888888888889
2013-09-18 16:00:00,765.3333333333334
2013-09-18 17:00:00,888.5333333333334
2013-09-18 18:00:00,889.0666666666667
2013-09-18 19:00:00,844.8000000000001
2013-09-18 20:00:00,776.5333333333334
2013-09-18 21:00:00,702.9333333333334
2013-09-18 22:00:00,622.4
2013-09-18 23:00:00,564.8000000000001
2013-09-19 00:00:00,516.6222222222223
2013-09-19 01:00:00,495.2888888888889
2013-09-19 02:00:00,507.73333333333335
2013-09-19 03:00:00,525.6888888888889
2013-09-19 04:00:00,618.6666666666667
2013-09-19 05:00:00,710.0444444444445
2013-09-19 06:00:00,759.2888888888889
2013-09-19 07:00:00,786.3111111111111
2013-09-19 08:00:00,800.5333333333334
2013-09-19 09:00:00,803.7333333333333
2013-09-19 10:00:00,793.2444444444445
2013-09-19 11:00:00,794.1333333333333
2013-09-19 12:00:00,779.7333333333333
2013-09-19 13:00:00,763.7333333333333
2013-09-19 14:00:00,771.5555555555555
2013-09-19 15:00:00,779.7333333333333
2013-09-19 16:00:00,816.1777777777778
2013-09-19 17:00:00,897.0666666666667
2013-09-19 18:00:00,900.4444444444445
2013-09-19 19:00:00,868.8000000000001
2013-09-19 20:00:00,795.0222222222222
2013-09-19 21:00:00,718.4
2013-09-19 22:00:00,650.6666666666667
2013-09-19 23:00:00,579.7333333333333
2013-09-20 00:00:00,538.1333333333333
2013-09-20 01:00:00,526.2222222222223
2013-09-20 02:00:00,532.6222222222223
2013-09-20 03:00:00,546.4888888888889
2013-09-20 04:00:00,630.9333333333334
2013-09-20 05:00:00,731.3777777777779
2013-09-20 06:00:00,767.1111111111111
2013-09-20 07:00:00,785.2444444444445
2013-09-20 08:00:00,774.9333333333334
2013-09-20 09:00:00,777.2444444444445
2013-09-20 10:00:00,776.8888888888889
2013-09-20 11:00:00,756.8000000000001
2013-09-20 12:00:00,742.5777777777778
2013-09-20 13:00:00,739.9111111111112
2013-09-20 14:00:00,734.9333333333334
2013-09-20 15:00:00,739.5555555555555
2013-09-20 16:00:00,791.1111111111111
2013-09-20 17:00:00,911.1111111111112
2013-09-20 18:00:00,908.2666666666668
2013-09-20 19:00:00,869.1555555555556
2013-09-20 20:00:00,806.2222222222223
2013-09-20 21:00:00,722.3111111111111
2013-09-20 22:00:00,654.2222222222223
2013-09-20 23:00:00,587.3777777777779
2013-09-21 00:00:00,538.8444444444444
2013-09-21 01:00:00,517.5111111111112
2013-09-21 02:00:00,515.9111111111112
2013-09-21 03:00:00,527.4666666666667
2013-09-21 04:00:00,569.7777777777778
2013-09-21 05:00:00,636.9777777777778
2013-09-21 06:00:00,713.0666666666667
2013-09-21 07:00:00,740.2666666666667
2013-09-21 08:00:00,741.3333333333334
2013-09-21 09:00:00,737.0666666666667
2013-09-21 10:00:00,740.088888888889
2013-09-21 11:00:00,731.2
2013-09-21 12:00:00,716.8000000000001
2013-09-21 13:00:00,700.8000000000001
2013-09-21 14:00:00,693.3333333333334
2013-09-21 15:00:00,701.5111111111112
2013-09-21 16:00:00,754.8444444444444
2013-09-21 17:00:00,853.3333333333334
2013-09-21 18:00:00,849.0666666666667
2013-09-21 19:00:00,798.7555555555556
2013-09-21 20:00:00,747.2
2013-09-21 21:00:00,685.6888888888889
2013-09-21 22:00:00,628.4444444444445
2013-09-21 23:00:00,567.2888888888889
2013-09-22 00:00:00,521.6
2013-09-22 01:00:00,501.8666666666667
2013-09-22 02:00:00,496.0
2013-09-22 03:00:00,506.31111111111113
2013-09-22 04:00:00,530.4888888888889
2013-09-22 05:00:00,595.0222222222222
2013-09-22 06:00:00,672.0
2013-09-22 07:00:00,723.9111111111112
2013-09-22 08:00:00,744.8888888888889
2013-09-22 09:00:00,749.3333333333334
2013-09-22 10:00:00,740.088888888889
2013-09-22 11:00:00,726.2222222222223
2013-09-22 12:00:00,709.3333333333334
2013-09-22 13:00:00,684.9777777777778
2013-09-22 14:00:00,678.4
2013-09-22 15:00:00,694.2222222222223
2013-09-22 16:00:00,772.2666666666667
2013-09-22 17:00:00,888.1777777777778
2013-09-22 18:00:00,883.7333333333333
2013-09-22 19:00:00,847.6444444444445
2013-09-22 20:00:00,790.7555555555556
2013-09-22 21:00:00,706.6666666666667
2013-09-22 22:00:00,639.2888888888889
2013-09-22 23:00:00,570.6666666666667
2013-09-23 00:00:00,524.088888888889
2013-09-23 01:00:00,508.0888888888889
2013-09-23 02:00:00,511.6444444444445
2013-09-23 03:00:00,549.6888888888889
2013-09-23 04:00:00,641.6
2013-09-23 05:00:00,743.4666666666667
2013-09-23 06:00:00,797.5111111111112
2013-09-23 07:00:00,811.7333333333333
2013-09-23 08:00:00,810.8444444444444
2013-09-23 09:00:00,804.088888888889
2013-09-23 10:00:00,796.4444444444445
2013-09-23 11:00:00,786.4888888888889
2013-09-23 12:00:00,772.088888888889
2013-09-23 13:00:00,767.4666666666667
2013-09-23 14:00:00,772.8000000000001
2013-09-23 15:00:00,793.6
2013-09-23 16:00:00,850.1333333333333
2013-09-23 17:00:00,951.2888888888888
2013-09-23 18:00:00,933.3333333333334
2013-09-23 19:00:00,891.2
2013-09-23 20:00:00,810.8444444444444
2013-09-23 21:00:00,736.3555555555556
2013-09-23 22:00:00,655.1111111111111
2013-09-23 23:00:00,593.2444444444444
2013-09-24 00:00:00,548.6222222222223
2013-09-24 01:00:00,517.3333333333334
2013-09-24 02:00:00,538.8444444444444
2013-09-24 03:00:00,564.4444444444445
2013-09-24 04:00:00,638.4
2013-09-24 05:00:00,739.7333333333333
2013-09-24 06:00:00,780.8000000000001
2013-09-24 07:00:00,795.9111111111112
2013-09-24 08:00:00,784.5333333333334
2013-09-24 09:00:00,778.8444444444444
2013-09-24 10:00:00,773.6888888888889
2013-09-24 11:00:00,761.7777777777778
2013-09-24 12:00:00,745.7777777777778
2013-09-24 13:00:00,741.3333333333334
2013-09-24 14:00:00,730.6666666666667
2013-09-24 15:00:00,736.1777777777778
2013-09-24 16:00:00,798.4
2013-09-24 17:00:00,923.7333333333332
2013-09-24 18:00:00,917.3333333333334
2013-09-24 19:00:00,872.0
2013-09-24 20:00:00,805.3333333333334
2013-09-24 21:00:00,719.4666666666667
2013-09-24 22:00:00,643.5555555555555
2013-09-24 23:00:00,576.5333333333333
2013-09-25 00:00:00,536.0
2013-09-25 01:00:00,519.4666666666667
2013-09-25 02:00:00,519.2888888888889
2013-09-25 03:00:00,555.9111111111112
2013-09-25 04:00:00,641.6
2013-09-25 05:00:00,735.4666666666667
2013-09-25 06:00:00,765.6888888888889
2013-09-25 07:00:00,779.2
2013-09-25 08:00:00,768.8888888888889
2013-09-25 09:00:00,769.9555555555556
2013-09-25 10:00:00,765.6888888888889
2013-09-25 11:00:00,757.1555555555556
2013-09-25 12:00:00,734.2222222222223
2013-09-25 13:00:00,740.4444444444445
2013-09-25 14:00:00,735.2888888888889
2013-09-25 15:00:00,737.0666666666667
2013-09-25 16:00:00,795.7333333333333
2013-09-25 17:00:00,918.0444444444444
2013-09-25 18:00:00,901.5111111111112
2013-09-25 19:00:00,864.5333333333334
2013-09-25 20:00:00,806.0444444444445
2013-09-25 21:00:00,715.2
2013-09-25 22:00:00,644.4444444444445
2013-09-25 23:00:00,577.9555555555556
2013-09-26 00:00:00,531.3777777777779
2013-09-26 01:00:00,518.7555555555556
2013-09-26 02:00:00,518.7555555555556
2013-09-26 03:00:00,554.3111111111111
2013-09-26 04:00:00,640.0
2013-09-26 05:00:00,737.6
2013-09-26 06:00:00,769.0666666666667
2013-09-26 07:00:00,783.6444444444445
2013-09-26 08:00:00,777.9555555555556
2013-09-26 09:00:00,772.8000000000001
2013-09-26 10:00:00,769.0666666666667
2013-09-26 11:00:00,760.3555555555556
2013-09-26 12:00:00,750.4
2013-09-26 13:00:00,740.9777777777778
2013-09-26 14:00:00,740.088888888889
2013-09-26 15:00:00,740.8000000000001
2013-09-26 16:00:00,811.0222222222222
2013-09-26 17:00:00,918.2222222222224
2013-09-26 18:00:00,910.4
2013-09-26 19:00:00,867.5555555555555
2013-09-26 20:00:00,791.6444444444445
2013-09-26 21:00:00,718.2222222222223
2013-09-26 22:00:00,637.6888888888889
2013-09-26 23:00:00,572.4444444444445
2013-09-27 00:00:00,531.0222222222222
2013-09-27 01:00:00,517.1555555555556
2013-09-27 02:00:00,517.6888888888889
2013-09-27 03:00:00,549.1555555555556
2013-09-27 04:00:00,624.0
2013-09-27 05:00:00,716.9777777777778
2013-09-27 06:00:00,755.5555555555555
2013-09-27 07:00:00,770.6666666666667
2013-09-27 08:00:00,768.5333333333334
2013-09-27 09:00:00,772.4444444444445
2013-09-27 10:00:00,764.2666666666667
2013-09-27 11:00:00,751.8222222222222
2013-09-27 12:00:00,743.1111111111111
2013-09-27 13:00:00,732.6222222222223
2013-09-27 14:00:00,733.1555555555556
2013-09-27 15:00:00,737.0666666666667
2013-09-27 16:00:00,808.5333333333334
2013-09-27 17:00:00,889.0666666666667
2013-09-27 18:00:00,869.8666666666667
2013-09-27 19:00:00,825.9555555555556
2013-09-27 20:00:00,766.0444444444445
2013-09-27 21:00:00,702.9333333333334
2013-09-27 22:00:00,645.1555555555556
2013-09-27 23:00:00,583.4666666666667
2013-09-28 00:00:00,551.4666666666667
2013-09-28 01:00:00,522.4888888888889
2013-09-28 02:00:00,521.0666666666667
2013-09-28 03:00:00,539.7333333333333
2013-09-28 04:00:00,577.2444444444444
2013-09-28 05:00:00,658.1333333333333
2013-09-28 06:00:00,728.5333333333334
2013-09-28 07:00:00,767.4666666666667
2013-09-28 08:00:00,780.9777777777778
2013-09-28 09:00:00,785.2444444444445
2013-09-28 10:00:00,772.088888888889
2013-09-28 11:00:00,772.088888888889
2013-09-28 12:00:00,740.4444444444445
2013-09-28 13:00:00,729.4222222222222
2013-09-28 14:00:00,723.3777777777779
2013-09-28 15:00:00,728.1777777777778
2013-09-28 16:00:00,799.8222222222223
2013-09-28 17:00:00,886.0444444444445
2013-09-28 18:00:00,868.6222222222223
2013-09-28 19:00:00,816.5333333333334
2013-09-28 20:00:00,763.3777777777779
2013-09-28 21:00:00,701.5111111111112
2013-09-28 22:00:00,638.2222222222223
2013-09-28 23:00:00,577.9555555555556
2013-09-29 00:00:00,532.4444444444445
2013-09-29 01:00:00,503.1111111111112
2013-09-29 02:00:00,500.8
2013-09-29 03:00:00,512.5333333333333
2013-09-29 04:00:00,536.0
2013-09-29 05:00:00,605.3333333333334
2013-09-29 06:00:00,674.1333333333333
2013-09-29 07:00:00,724.9777777777778
2013-09-29 08:00:00,746.4888888888889
2013-09-29 09:00:00,768.5333333333334
2013-09-29 10:00:00,766.5777777777778
2013-09-29 11:00:00,757.1555555555556
2013-09-29 12:00:00,740.2666666666667
2013-09-29 13:00:00,721.7777777777778
2013-09-29 14:00:00,719.4666666666667
2013-09-29 15:00:00,755.2
2013-09-29 16:00:00,831.8222222222223
2013-09-29 17:00:00,891.5555555555555
2013-09-29 18:00:00,883.7333333333333
2013-09-29 19:00:00,844.9777777777778
2013-09-29 20:00:00,785.0666666666667
2013-09-29 21:00:00,714.4888888888889
2013-09-29 22:00:00,648.8888888888889
2013-09-29 23:00:00,587.0222222222222
2013-09-30 00:00:00,538.4888888888889
2013-09-30 01:00:00,514.3111111111111
2013-09-30 02:00:00,513.2444444444444
2013-09-30 03:00:00,542.0444444444445
2013-09-30 04:00:00,632.0
2013-09-30 05:00:00,736.7111111111111
2013-09-30 06:00:00,807.2888888888889
2013-09-30 07:00:00,850.4888888888889
2013-09-30 08:00:00,859.9111111111112
2013-09-30 09:00:00,860.9777777777778
2013-09-30 10:00:00,851.7333333333333
2013-09-30 11:00:00,835.5555555555555
2013-09-30 12:00:00,826.4888888888889
2013-09-30 13:00:00,826.4888888888889
2013-09-30 14:00:00,845.1555555555556
2013-09-30 15:00:00,868.8000000000001
2013-09-30 16:00:00,933.1555555555556
2013-09-30 17:00:00,972.2666666666668
2013-09-30 18:00:00,942.0444444444444
2013-09-30 19:00:00,894.9333333333334
2013-09-30 20:00:00,829.6888888888889
2013-09-30 21:00:00,751.2888888888889
2013-09-30 22:00:00,701.6888888888889
2013-09-30 23:00:00,620.088888888889
2013-10-01 00:00:00,574.5777777777778
2013-10-01 01:00:00,551.1111111111111
2013-10-01 02:00:00,548.088888888889
2013-10-01 03:00:00,572.9777777777778
2013-10-01 04:00:00,677.1555555555556
2013-10-01 05:00:00,769.6
2013-10-01 06:00:00,817.2444444444445
2013-10-01 07:00:00,859.2
2013-10-01 08:00:00,854.4
2013-10-01 09:00:00,854.5777777777778
2013-10-01 10:00:00,851.7333333333333
2013-10-01 11:00:00,839.8222222222223
2013-10-01 12:00:00,826.3111111111111
2013-10-01 13:00:00,825.7777777777778
2013-10-01 14:00:00,838.2222222222223
2013-10-01 15:00:00,865.7777777777778
2013-10-01 16:00:00,931.9111111111112
2013-10-01 17:00:00,981.8666666666668
2013-10-01 18:00:00,955.5555555555557
2013-10-01 19:00:00,911.6444444444444
2013-10-01 20:00:00,853.8666666666667
2013-10-01 21:00:00,778.1333333333333
2013-10-01 22:00:00,711.8222222222222
2013-10-01 23:00:00,640.0
2013-10-02 00:00:00,590.4
2013-10-02 01:00:00,564.088888888889
2013-10-02 02:00:00,559.8222222222222
2013-10-02 03:00:00,591.6444444444445
2013-10-02 04:00:00,689.6
2013-10-02 05:00:00,799.6444444444445
2013-10-02 06:00:00,859.9111111111112
2013-10-02 07:00:00,885.1555555555556
2013-10-02 08:00:00,897.9555555555556
2013-10-02 09:00:00,901.5111111111112
2013-10-02 10:00:00,891.3777777777779
2013-10-02 11:00:00,882.4888888888889
2013-10-02 12:00:00,866.6666666666667
2013-10-02 13:00:00,857.6
2013-10-02 14:00:00,863.2888888888889
2013-10-02 15:00:00,896.0
2013-10-02 16:00:00,968.1777777777778
2013-10-02 17:00:00,1019.2
2013-10-02 18:00:00,1002.6666666666669
2013-10-02 19:00:00,967.2888888888888
2013-10-02 20:00:00,903.6444444444444
2013-10-02 21:00:00,832.8888888888889
2013-10-02 22:00:00,761.7777777777778
2013-10-02 23:00:00,683.2
2013-10-03 00:00:00,626.4888888888889
2013-10-03 01:00:00,604.8000000000001
2013-10-03 02:00:00,597.8666666666667
2013-10-03 03:00:00,633.9555555555556
2013-10-03 04:00:00,736.7111111111111
2013-10-03 05:00:00,849.6
2013-10-03 06:00:00,901.5111111111112
2013-10-03 07:00:00,905.7777777777778
2013-10-03 08:00:00,913.4222222222222
2013-10-03 09:00:00,915.0222222222222
2013-10-03 10:00:00,906.4888888888888
2013-10-03 11:00:00,887.6444444444445
2013-10-03 12:00:00,875.9111111111112
2013-10-03 13:00:00,876.4444444444445
2013-10-03 14:00:00,888.0
2013-10-03 15:00:00,912.8888888888888
2013-10-03 16:00:00,1005.8666666666668
2013-10-03 17:00:00,1071.288888888889
2013-10-03 18:00:00,1049.6
2013-10-03 19:00:00,1016.5333333333334
2013-10-03 20:00:00,945.6
2013-10-03 21:00:00,871.2888888888889
2013-10-03 22:00:00,804.2666666666667
2013-10-03 23:00:00,729.4222222222222
2013-10-04 00:00:00,674.1333333333333
2013-10-04 01:00:00,641.7777777777778
2013-10-04 02:00:00,639.4666666666667
2013-10-04 03:00:00,679.4666666666667
2013-10-04 04:00:00,771.9111111111112
2013-10-04 05:00:00,881.0666666666667
2013-10-04 06:00:00,921.0666666666668
2013-10-04 07:00:00,930.8444444444444
2013-10-04 08:00:00,919.8222222222224
2013-10-04 09:00:00,907.0222222222222
2013-10-04 10:00:00,897.6
2013-10-04 11:00:00,881.6
2013-10-04 12:00:00,845.8666666666667
2013-10-04 13:00:00,837.5111111111112
2013-10-04 14:00:00,844.8000000000001
2013-10-04 15:00:00,872.0
2013-10-04 16:00:00,984.1777777777778
2013-10-04 17:00:00,1056.7111111111112
2013-10-04 18:00:00,1054.4
2013-10-04 19:00:00,1026.6666666666667
2013-10-04 20:00:00,954.4888888888888
2013-10-04 21:00:00,885.6888888888889
2013-10-04 22:00:00,833.0666666666667
2013-10-04 23:00:00,756.8000000000001
2013-10-05 00:00:00,698.8444444444444
2013-10-05 01:00:00,666.8444444444444
2013-10-05 02:00:00,654.5777777777778
2013-10-05 03:00:00,662.5777777777778
2013-10-05 04:00:00,733.1555555555556
2013-10-05 05:00:00,803.0222222222222
2013-10-05 06:00:00,879.2888888888889
2013-10-05 07:00:00,906.6666666666669
2013-10-05 08:00:00,893.5111111111112
2013-10-05 09:00:00,880.0
2013-10-05 10:00:00,861.8666666666667
2013-10-05 11:00:00,845.8666666666667
2013-10-05 12:00:00,823.2888888888889
2013-10-05 13:00:00,813.5111111111112
2013-10-05 14:00:00,819.3777777777779
2013-10-05 15:00:00,843.3777777777779
2013-10-05 16:00:00,952.0
2013-10-05 17:00:00,1015.6444444444444
2013-10-05 18:00:00,1019.0222222222222
2013-10-05 19:00:00,972.9777777777778
2013-10-05 20:00:00,921.9555555555556
2013-10-05 21:00:00,858.4888888888889
2013-10-05 22:00:00,807.1111111111111
2013-10-05 23:00:00,738.4888888888889
2013-10-06 00:00:00,672.5333333333333
2013-10-06 01:00:00,637.8666666666667
2013-10-06 02:00:00,625.6
2013-10-06 03:00:00,630.2222222222223
2013-10-06 04:00:00,659.2
2013-10-06 05:00:00,734.4
2013-10-06 06:00:00,790.0444444444445
2013-10-06 07:00:00,837.5111111111112
2013-10-06 08:00:00,849.0666666666667
2013-10-06 09:00:00,840.3555555555556
2013-10-06 10:00:00,823.8222222222223
2013-10-06 11:00:00,804.4444444444445
2013-10-06 12:00:00,767.1111111111111
2013-10-06 13:00:00,757.1555555555556
2013-10-06 14:00:00,758.0444444444445
2013-10-06 15:00:00,788.9777777777778
2013-10-06 16:00:00,916.088888888889
2013-10-06 17:00:00,993.0666666666668
2013-10-06 18:00:00,996.088888888889
2013-10-06 19:00:00,957.1555555555556
2013-10-06 20:00:00,911.8222222222224
2013-10-06 21:00:00,845.1555555555556
2013-10-06 22:00:00,787.5555555555555
2013-10-06 23:00:00,695.4666666666667
2013-10-07 00:00:00,637.1555555555556
2013-10-07 01:00:00,611.0222222222222
2013-10-07 02:00:00,599.1111111111111
2013-10-07 03:00:00,636.088888888889
2013-10-07 04:00:00,745.7777777777778
2013-10-07 05:00:00,862.0444444444445
2013-10-07 06:00:00,905.0666666666668
2013-10-07 07:00:00,912.1777777777778
2013-10-07 08:00:00,885.6888888888889
2013-10-07 09:00:00,873.9555555555556
2013-10-07 10:00:00,854.7555555555556
2013-10-07 11:00:00,842.8444444444444
2013-10-07 12:00:00,828.8000000000001
2013-10-07 13:00:00,825.0666666666667
2013-10-07 14:00:00,831.2888888888889
2013-10-07 15:00:00,863.4666666666667
2013-10-07 16:00:00,980.2666666666668
2013-10-07 17:00:00,1030.9333333333334
2013-10-07 18:00:00,1023.6444444444444
2013-10-07 19:00:00,987.7333333333332
2013-10-07 20:00:00,921.4222222222222
2013-10-07 21:00:00,850.1333333333333
2013-10-07 22:00:00,788.088888888889
2013-10-07 23:00:00,699.2
2013-10-08 00:00:00,650.3111111111111
2013-10-08 01:00:00,620.9777777777778
2013-10-08 02:00:00,618.3111111111111
2013-10-08 03:00:00,649.7777777777778
2013-10-08 04:00:00,746.6666666666667
2013-10-08 05:00:00,843.5555555555555
2013-10-08 06:00:00,878.9333333333334
2013-10-08 07:00:00,879.6444444444445
2013-10-08 08:00:00,859.9111111111112
2013-10-08 09:00:00,841.7777777777778
2013-10-08 10:00:00,820.2666666666667
2013-10-08 11:00:00,807.6444444444445
2013-10-08 12:00:00,786.6666666666667
2013-10-08 13:00:00,781.5111111111112
2013-10-08 14:00:00,790.0444444444445
2013-10-08 15:00:00,825.2444444444445
2013-10-08 16:00:00,949.5111111111112
2013-10-08 17:00:00,1010.8444444444444
2013-10-08 18:00:00,997.8666666666668
2013-10-08 19:00:00,958.2222222222224
2013-10-08 20:00:00,890.4888888888889
2013-10-08 21:00:00,822.4
2013-10-08 22:00:00,757.5111111111112
2013-10-08 23:00:00,683.2
2013-10-09 00:00:00,623.6444444444445
2013-10-09 01:00:00,602.8444444444444
2013-10-09 02:00:00,597.3333333333334
2013-10-09 03:00:00,626.1333333333333
2013-10-09 04:00:00,721.0666666666667
2013-10-09 05:00:00,814.7555555555556
2013-10-09 06:00:00,864.5333333333334
2013-10-09 07:00:00,884.088888888889
2013-10-09 08:00:00,872.7111111111111
2013-10-09 09:00:00,869.1555555555556
2013-10-09 10:00:00,852.088888888889
2013-10-09 11:00:00,834.3111111111111
2013-10-09 12:00:00,815.8222222222223
2013-10-09 13:00:00,808.3555555555556
2013-10-09 14:00:00,810.4888888888889
2013-10-09 15:00:00,851.9111111111112
2013-10-09 16:00:00,957.5111111111112
2013-10-09 17:00:00,989.3333333333334
2013-10-09 18:00:00,974.9333333333334
2013-10-09 19:00:00,939.2
2013-10-09 20:00:00,878.0444444444445
2013-10-09 21:00:00,809.2444444444445
2013-10-09 22:00:00,742.0444444444445
2013-10-09 23:00:00,674.1333333333333
2013-10-10 00:00:00,618.8444444444444
2013-10-10 01:00:00,606.7555555555556
2013-10-10 02:00:00,577.2444444444444
2013-10-10 03:00:00,625.0666666666667
2013-10-10 04:00:00,714.6666666666667
2013-10-10 05:00:00,823.4666666666667
2013-10-10 06:00:00,841.7777777777778
2013-10-10 07:00:00,845.6888888888889
2013-10-10 08:00:00,831.4666666666667
2013-10-10 09:00:00,827.7333333333333
2013-10-10 10:00:00,813.6888888888889
2013-10-10 11:00:00,798.4
2013-10-10 12:00:00,783.6444444444445
2013-10-10 13:00:00,778.6666666666667
2013-10-10 14:00:00,782.2222222222223
2013-10-10 15:00:00,807.1111111111111
2013-10-10 16:00:00,909.6888888888888
2013-10-10 17:00:00,964.6222222222224
2013-10-10 18:00:00,961.2444444444444
2013-10-10 19:00:00,915.2
2013-10-10 20:00:00,863.4666666666667
2013-10-10 21:00:00,794.4888888888889
2013-10-10 22:00:00,719.1111111111111
2013-10-10 23:00:00,640.7111111111111
2013-10-11 00:00:00,589.6888888888889
2013-10-11 01:00:00,572.2666666666667
2013-10-11 02:00:00,566.4
2013-10-11 03:00:00,606.4
2013-10-11 04:00:00,711.1111111111111
2013-10-11 05:00:00,793.4222222222222
2013-10-11 06:00:00,829.5111111111112
2013-10-11 07:00:00,842.1333333333333
2013-10-11 08:00:00,831.1111111111112
2013-10-11 09:00:00,830.2222222222223
2013-10-11 10:00:00,816.5333333333334
2013-10-11 11:00:00,793.2444444444445
2013-10-11 12:00:00,780.9777777777778
2013-10-11 13:00:00,772.8000000000001
2013-10-11 14:00:00,775.6444444444445
2013-10-11 15:00:00,794.4888888888889
2013-10-11 16:00:00,900.8
2013-10-11 17:00:00,954.6666666666669
2013-10-11 18:00:00,931.2
2013-10-11 19:00:00,894.0444444444445
2013-10-11 20:00:00,826.8444444444444
2013-10-11 21:00:00,770.6666666666667
2013-10-11 22:00:00,710.7555555555556
2013-10-11 23:00:00,632.0
2013-10-12 00:00:00,588.8000000000001
2013-10-12 01:00:00,566.5777777777778
2013-10-12 02:00:00,557.3333333333334
2013-10-12 03:00:00,571.2
2013-10-12 04:00:00,625.7777777777778
2013-10-12 05:00:00,696.3555555555556
2013-10-12 06:00:00,756.8000000000001
2013-10-12 07:00:00,790.7555555555556
2013-10-12 08:00:00,787.5555555555555
2013-10-12 09:00:00,790.2222222222223
2013-10-12 10:00:00,784.0
2013-10-12 11:00:00,772.4444444444445
2013-10-12 12:00:00,753.7777777777778
2013-10-12 13:00:00,741.3333333333334
2013-10-12 14:00:00,740.8000000000001
2013-10-12 15:00:00,776.8888888888889
2013-10-12 16:00:00,880.1777777777778
2013-10-12 17:00:00,903.2888888888888
2013-10-12 18:00:00,885.6888888888889
2013-10-12 19:00:00,844.8000000000001
2013-10-12 20:00:00,779.5555555555555
2013-10-12 21:00:00,733.3333333333334
2013-10-12 22:00:00,687.1111111111111
2013-10-12 23:00:00,621.5111111111112
2013-10-13 00:00:00,564.9777777777778
2013-10-13 01:00:00,537.7777777777778
2013-10-13 02:00:00,531.0222222222222
2013-10-13 03:00:00,540.6222222222223
2013-10-13 04:00:00,570.3111111111111
2013-10-13 05:00:00,624.3555555555556
2013-10-13 06:00:00,700.8000000000001
2013-10-13 07:00:00,739.9111111111112
2013-10-13 08:00:00,758.9333333333334
2013-10-13 09:00:00,764.2666666666667
2013-10-13 10:00:00,753.9555555555556
2013-10-13 11:00:00,741.6888888888889
2013-10-13 12:00:00,717.1555555555556
2013-10-13 13:00:00,704.1777777777778
2013-10-13 14:00:00,696.8888888888889
2013-10-13 15:00:00,725.5111111111112
2013-10-13 16:00:00,846.5777777777778
2013-10-13 17:00:00,896.8888888888889
2013-10-13 18:00:00,894.7555555555556
2013-10-13 19:00:00,845.1555555555556
2013-10-13 20:00:00,794.6666666666667
2013-10-13 21:00:00,736.0
2013-10-13 22:00:00,664.1777777777778
2013-10-13 23:00:00,597.1555555555556
2013-10-14 00:00:00,546.3111111111111
2013-10-14 01:00:00,526.0444444444445
2013-10-14 02:00:00,528.7111111111111
2013-10-14 03:00:00,563.7333333333333
2013-10-14 04:00:00,657.4222222222222
2013-10-14 05:00:00,764.088888888889
2013-10-14 06:00:00,803.2
2013-10-14 07:00:00,816.3555555555556
2013-10-14 08:00:00,807.4666666666667
2013-10-14 09:00:00,799.8222222222223
2013-10-14 10:00:00,785.6
2013-10-14 11:00:00,771.7333333333333
2013-10-14 12:00:00,755.0222222222222
2013-10-14 13:00:00,749.3333333333334
2013-10-14 14:00:00,754.6666666666667
2013-10-14 15:00:00,782.4
2013-10-14 16:00:00,904.1777777777778
2013-10-14 17:00:00,951.2888888888888
2013-10-14 18:00:00,933.3333333333334
2013-10-14 19:00:00,895.1111111111112
2013-10-14 20:00:00,838.4
2013-10-14 21:00:00,769.9555555555556
2013-10-14 22:00:00,697.4222222222222
2013-10-14 23:00:00,626.4888888888889
2013-10-15 00:00:00,573.5111111111112
2013-10-15 01:00:00,554.3111111111111
2013-10-15 02:00:00,557.3333333333334
2013-10-15 03:00:00,595.5555555555555
2013-10-15 04:00:00,712.0
2013-10-15 05:00:00,804.4444444444445
2013-10-15 06:00:00,830.0444444444445
2013-10-15 07:00:00,830.0444444444445
2013-10-15 08:00:00,812.8000000000001
2013-10-15 09:00:00,790.5777777777778
2013-10-15 10:00:00,775.8222222222223
2013-10-15 11:00:00,756.2666666666667
2013-10-15 12:00:00,735.1111111111111
2013-10-15 13:00:00,725.6888888888889
2013-10-15 14:00:00,733.5111111111112
2013-10-15 15:00:00,767.8222222222223
2013-10-15 16:00:00,886.0444444444445
2013-10-15 17:00:00,923.0222222222222
2013-10-15 18:00:00,900.8
2013-10-15 19:00:00,844.9777777777778
2013-10-15 20:00:00,803.0222222222222
2013-10-15 21:00:00,752.5333333333334
2013-10-15 22:00:00,673.0666666666667
2013-10-15 23:00:00,612.2666666666667
2013-10-16 00:00:00,571.7333333333333
2013-10-16 01:00:00,550.4
2013-10-16 02:00:00,547.9111111111112
2013-10-16 03:00:00,581.6888888888889
2013-10-16 04:00:00,690.1333333333333
2013-10-16 05:00:00,765.8666666666667
2013-10-16 06:00:00,812.4444444444445
2013-10-16 07:00:00,842.8444444444444
2013-10-16 08:00:00,844.8000000000001
2013-10-16 09:00:00,847.4666666666667
2013-10-16 10:00:00,847.1111111111112
2013-10-16 11:00:00,835.9111111111112
2013-10-16 12:00:00,832.8888888888889
2013-10-16 13:00:00,835.5555555555555
2013-10-16 14:00:00,851.2
2013-10-16 15:00:00,884.4444444444445
2013-10-16 16:00:00,961.7777777777778
2013-10-16 17:00:00,969.0666666666668
2013-10-16 18:00:00,942.7555555555556
2013-10-16 19:00:00,905.6
2013-10-16 20:00:00,839.6444444444445
2013-10-16 21:00:00,784.5333333333334
2013-10-16 22:00:00,726.0444444444445
2013-10-16 23:00:00,661.8666666666667
2013-10-17 00:00:00,614.2222222222223
2013-10-17 01:00:00,593.2444444444444
2013-10-17 02:00:00,587.5555555555555
2013-10-17 03:00:00,625.0666666666667
2013-10-17 04:00:00,717.1555555555556
2013-10-17 05:00:00,816.1777777777778
2013-10-17 06:00:00,868.4444444444445
2013-10-17 07:00:00,894.2222222222223
2013-10-17 08:00:00,905.7777777777778
2013-10-17 09:00:00,907.5555555555557
2013-10-17 10:00:00,902.7555555555556
2013-10-17 11:00:00,887.1111111111112
2013-10-17 12:00:00,880.3555555555556
2013-10-17 13:00:00,877.3333333333334
2013-10-17 14:00:00,900.9777777777778
2013-10-17 15:00:00,928.5333333333334
2013-10-17 16:00:00,995.7333333333332
2013-10-17 17:00:00,1001.2444444444444
2013-10-17 18:00:00,971.0222222222222
2013-10-17 19:00:00,932.4444444444443
2013-10-17 20:00:00,881.7777777777778
2013-10-17 21:00:00,826.4888888888889
2013-10-17 22:00:00,758.5777777777778
2013-10-17 23:00:00,684.2666666666667
2013-10-18 00:00:00,630.7555555555556
2013-10-18 01:00:00,602.4888888888889
2013-10-18 02:00:00,602.4888888888889
2013-10-18 03:00:00,639.1111111111111
2013-10-18 04:00:00,743.2888888888889
2013-10-18 05:00:00,837.3333333333334
2013-10-18 06:00:00,874.1333333333333
2013-10-18 07:00:00,873.9555555555556
2013-10-18 08:00:00,862.7555555555556
2013-10-18 09:00:00,858.1333333333333
2013-10-18 10:00:00,834.8444444444444
2013-10-18 11:00:00,809.2444444444445
2013-10-18 12:00:00,797.1555555555556
2013-10-18 13:00:00,788.8000000000001
2013-10-18 14:00:00,796.2666666666667
2013-10-18 15:00:00,831.4666666666667
2013-10-18 16:00:00,958.2222222222224
2013-10-18 17:00:00,993.9555555555556
2013-10-18 18:00:00,962.4888888888888
2013-10-18 19:00:00,931.5555555555557
2013-10-18 20:00:00,859.3777777777779
2013-10-18 21:00:00,810.6666666666667
2013-10-18 22:00:00,747.3777777777779
2013-10-18 23:00:00,677.8666666666667
2013-10-19 00:00:00,624.8888888888889
2013-10-19 01:00:00,594.4888888888889
2013-10-19 02:00:00,588.9777777777778
2013-10-19 03:00:00,613.6888888888889
2013-10-19 04:00:00,666.3111111111111
2013-10-19 05:00:00,740.9777777777778
2013-10-19 06:00:00,811.3777777777779
2013-10-19 07:00:00,833.9555555555556
2013-10-19 08:00:00,824.0
2013-10-19 09:00:00,807.6444444444445
2013-10-19 10:00:00,789.1555555555556
2013-10-19 11:00:00,784.5333333333334
2013-10-19 12:00:00,763.5555555555555
2013-10-19 13:00:00,748.8000000000001
2013-10-19 14:00:00,756.2666666666667
2013-10-19 15:00:00,785.7777777777778
2013-10-19 16:00:00,930.6666666666669
2013-10-19 17:00:00,965.688888888889
2013-10-19 18:00:00,939.9111111111112
2013-10-19 19:00:00,902.0444444444444
2013-10-19 20:00:00,833.6
2013-10-19 21:00:00,792.7111111111111
2013-10-19 22:00:00,745.6
2013-10-19 23:00:00,676.8000000000001
2013-10-20 00:00:00,617.9555555555556
2013-10-20 01:00:00,587.2
2013-10-20 02:00:00,576.3555555555556
2013-10-20 03:00:00,582.0444444444445
2013-10-20 04:00:00,621.5111111111112
2013-10-20 05:00:00,676.9777777777778
2013-10-20 06:00:00,747.0222222222222
2013-10-20 07:00:00,786.6666666666667
2013-10-20 08:00:00,795.0222222222222
2013-10-20 09:00:00,789.3333333333334
2013-10-20 10:00:00,776.8888888888889
2013-10-20 11:00:00,761.0666666666667
2013-10-20 12:00:00,729.7777777777778
2013-10-20 13:00:00,705.2444444444445
2013-10-20 14:00:00,705.0666666666667
2013-10-20 15:00:00,750.5777777777778
2013-10-20 16:00:00,886.9333333333334
2013-10-20 17:00:00,931.9111111111112
2013-10-20 18:00:00,930.4888888888888
2013-10-20 19:00:00,879.1111111111112
2013-10-20 20:00:00,829.1555555555556
2013-10-20 21:00:00,775.2888888888889
2013-10-20 22:00:00,705.7777777777778
2013-10-20 23:00:00,631.4666666666667
2013-10-21 00:00:00,576.1777777777778
2013-10-21 01:00:00,553.6
2013-10-21 02:00:00,556.9777777777778
2013-10-21 03:00:00,596.088888888889
2013-10-21 04:00:00,700.6222222222223
2013-10-21 05:00:00,806.9333333333334
2013-10-21 06:00:00,841.4222222222222
2013-10-21 07:00:00,828.8000000000001
2013-10-21 08:00:00,816.1777777777778
2013-10-21 09:00:00,797.6888888888889
2013-10-21 10:00:00,792.0
2013-10-21 11:00:00,779.9111111111112
2013-10-21 12:00:00,758.9333333333334
2013-10-21 13:00:00,755.3777777777779
2013-10-21 14:00:00,755.2
2013-10-21 15:00:00,795.7333333333333
2013-10-21 16:00:00,938.4888888888888
2013-10-21 17:00:00,956.8
2013-10-21 18:00:00,939.7333333333332
2013-10-21 19:00:00,902.5777777777778
2013-10-21 20:00:00,844.088888888889
2013-10-21 21:00:00,771.9111111111112
2013-10-21 22:00:00,704.3555555555556
2013-10-21 23:00:00,631.6444444444445
2013-10-22 00:00:00,587.7333333333333
2013-10-22 01:00:00,564.9777777777778
2013-10-22 02:00:00,571.0222222222222
2013-10-22 03:00:00,612.2666666666667
2013-10-22 04:00:00,711.4666666666667
2013-10-22 05:00:00,786.1333333333333
2013-10-22 06:00:00,808.7111111111111
2013-10-22 07:00:00,806.4
2013-10-22 08:00:00,792.5333333333334
2013-10-22 09:00:00,793.4222222222222
2013-10-22 10:00:00,794.4888888888889
2013-10-22 11:00:00,781.6888888888889
2013-10-22 12:00:00,766.5777777777778
2013-10-22 13:00:00,759.8222222222222
2013-10-22 14:00:00,764.2666666666667
2013-10-22 15:00:00,806.4
2013-10-22 16:00:00,934.5777777777778
2013-10-22 17:00:00,957.3333333333334
2013-10-22 18:00:00,952.8888888888888
2013-10-22 19:00:00,902.5777777777778
2013-10-22 20:00:00,837.1555555555556
2013-10-22 21:00:00,776.7111111111111
2013-10-22 22:00:00,703.1111111111111
2013-10-22 23:00:00,627.3777777777779
2013-10-23 00:00:00,576.1777777777778
2013-10-23 01:00:00,555.5555555555555
2013-10-23 02:00:00,557.3333333333334
2013-10-23 03:00:00,599.1111111111111
2013-10-23 04:00:00,693.6888888888889
2013-10-23 05:00:00,787.3777777777779
2013-10-23 06:00:00,823.8222222222223
2013-10-23 07:00:00,824.8888888888889
2013-10-23 08:00:00,817.7777777777778
2013-10-23 09:00:00,799.1111111111111
2013-10-23 10:00:00,785.6
2013-10-23 11:00:00,778.8444444444444
2013-10-23 12:00:00,758.5777777777778
2013-10-23 13:00:00,754.4888888888889
2013-10-23 14:00:00,751.2888888888889
2013-10-23 15:00:00,794.6666666666667
2013-10-23 16:00:00,947.9111111111112
2013-10-23 17:00:00,964.4444444444443
2013-10-23 18:00:00,938.1333333333332
2013-10-23 19:00:00,897.9555555555556
2013-10-23 20:00:00,819.0222222222222
2013-10-23 21:00:00,752.1777777777778
2013-10-23 22:00:00,688.0
2013-10-23 23:00:00,618.8444444444444
2013-10-24 00:00:00,568.1777777777778
2013-10-24 01:00:00,540.6222222222223
2013-10-24 02:00:00,546.4888888888889
2013-10-24 03:00:00,586.8444444444444
2013-10-24 04:00:00,675.3777777777779
2013-10-24 05:00:00,763.0222222222222
2013-10-24 06:00:00,806.9333333333334
2013-10-24 07:00:00,797.1555555555556
2013-10-24 08:00:00,794.1333333333333
2013-10-24 09:00:00,779.7333333333333
2013-10-24 10:00:00,769.6
2013-10-24 11:00:00,758.9333333333334
2013-10-24 12:00:00,748.2666666666667
2013-10-24 13:00:00,741.6888888888889
2013-10-24 14:00:00,745.2444444444445
2013-10-24 15:00:00,787.9111111111112
2013-10-24 16:00:00,918.9333333333334
2013-10-24 17:00:00,938.4888888888888
2013-10-24 18:00:00,916.6222222222224
2013-10-24 19:00:00,877.6888888888889
2013-10-24 20:00:00,818.3111111111111
2013-10-24 21:00:00,745.6
2013-10-24 22:00:00,675.9111111111112
2013-10-24 23:00:00,601.6
2013-10-25 00:00:00,554.8444444444444
2013-10-25 01:00:00,536.1777777777778
2013-10-25 02:00:00,539.7333333333333
2013-10-25 03:00:00,581.1555555555556
2013-10-25 04:00:00,681.7777777777778
2013-10-25 05:00:00,761.2444444444445
2013-10-25 06:00:00,802.1333333333333
2013-10-25 07:00:00,800.8888888888889
2013-10-25 08:00:00,791.4666666666667
2013-10-25 09:00:00,781.3333333333334
2013-10-25 10:00:00,776.3555555555556
2013-10-25 11:00:00,766.9333333333334
2013-10-25 12:00:00,746.6666666666667
2013-10-25 13:00:00,737.9555555555556
2013-10-25 14:00:00,741.8666666666667
2013-10-25 15:00:00,788.2666666666667
2013-10-25 16:00:00,917.1555555555556
2013-10-25 17:00:00,934.4
2013-10-25 18:00:00,904.3555555555556
2013-10-25 19:00:00,858.3111111111111
2013-10-25 20:00:00,801.6
2013-10-25 21:00:00,748.9777777777778
2013-10-25 22:00:00,684.2666666666667
2013-10-25 23:00:00,614.2222222222223
2013-10-26 00:00:00,563.5555555555555
2013-10-26 01:00:00,541.8666666666667
2013-10-26 02:00:00,532.4444444444445
2013-10-26 03:00:00,554.3111111111111
2013-10-26 04:00:00,613.8666666666667
2013-10-26 05:00:00,682.6666666666667
2013-10-26 06:00:00,759.2888888888889
2013-10-26 07:00:00,788.088888888889
2013-10-26 08:00:00,791.2888888888889
2013-10-26 09:00:00,785.0666666666667
2013-10-26 10:00:00,768.8888888888889
2013-10-26 11:00:00,770.1333333333333
2013-10-26 12:00:00,741.3333333333334
2013-10-26 13:00:00,724.9777777777778
2013-10-26 14:00:00,726.4
2013-10-26 15:00:00,775.2888888888889
2013-10-26 16:00:00,891.2
2013-10-26 17:00:00,907.0222222222222
2013-10-26 18:00:00,889.9555555555556
2013-10-26 19:00:00,837.8666666666667
2013-10-26 20:00:00,783.1111111111111
2013-10-26 21:00:00,726.7555555555556
2013-10-26 22:00:00,666.8444444444444
2013-10-26 23:00:00,573.8666666666667
2013-10-27 00:00:00,613.3333333333334
2013-10-27 01:00:00,564.0
2013-10-27 02:00:00,514.6666666666667
2013-10-27 03:00:00,516.088888888889
2013-10-27 04:00:00,542.0444444444445
2013-10-27 05:00:00,597.8666666666667
2013-10-27 06:00:00,673.0666666666667
2013-10-27 07:00:00,730.4888888888889
2013-10-27 08:00:00,741.8666666666667
2013-10-27 09:00:00,727.6444444444445
2013-10-27 10:00:00,714.8444444444444
2013-10-27 11:00:00,701.6888888888889
2013-10-27 12:00:00,692.2666666666667
2013-10-27 13:00:00,671.8222222222222
2013-10-27 14:00:00,671.8222222222222
2013-10-27 15:00:00,715.0222222222222
2013-10-27 16:00:00,811.0222222222222
2013-10-27 17:00:00,833.0666666666667
2013-10-27 18:00:00,835.2
2013-10-27 19:00:00,820.6222222222223
2013-10-27 20:00:00,780.6222222222223
2013-10-27 21:00:00,735.2888888888889
2013-10-27 22:00:00,673.0666666666667
2013-10-27 23:00:00,618.1333333333333
2013-10-28 00:00:00,557.6888888888889
2013-10-28 01:00:00,523.9111111111112
2013-10-28 02:00:00,507.5555555555556
2013-10-28 03:00:00,517.8666666666667
2013-10-28 04:00:00,566.9333333333334
2013-10-28 05:00:00,667.9111111111112
2013-10-28 06:00:00,761.7777777777778
2013-10-28 07:00:00,804.6222222222223
2013-10-28 08:00:00,775.2888888888889
2013-10-28 09:00:00,754.4888888888889
2013-10-28 10:00:00,762.3111111111111
2013-10-28 11:00:00,759.8222222222222
2013-10-28 12:00:00,757.1555555555556
2013-10-28 13:00:00,746.3111111111111
2013-10-28 14:00:00,745.7777777777778
2013-10-28 15:00:00,806.4
2013-10-28 16:00:00,912.5333333333334
2013-10-28 17:00:00,931.9111111111112
2013-10-28 18:00:00,906.6666666666669
2013-10-28 19:00:00,878.2222222222223
2013-10-28 20:00:00,830.4
2013-10-28 21:00:00,790.7555555555556
2013-10-28 22:00:00,718.5777777777778
2013-10-28 23:00:00,658.4888888888889
2013-10-29 00:00:00,595.0222222222222
2013-10-29 01:00:00,555.3777777777779
2013-10-29 02:00:00,542.4
2013-10-29 03:00:00,547.7333333333333
2013-10-29 04:00:00,600.0
2013-10-29 05:00:00,681.4222222222222
2013-10-29 06:00:00,779.9111111111112
2013-10-29 07:00:00,797.8666666666667
2013-10-29 08:00:00,778.3111111111111
2013-10-29 09:00:00,780.8000000000001
2013-10-29 10:00:00,784.0
2013-10-29 11:00:00,769.4222222222222
2013-10-29 12:00:00,766.9333333333334
2013-10-29 13:00:00,752.1777777777778
2013-10-29 14:00:00,748.088888888889
2013-10-29 15:00:00,803.7333333333333
2013-10-29 16:00:00,897.2444444444445
2013-10-29 17:00:00,934.4
2013-10-29 18:00:00,925.8666666666668
2013-10-29 19:00:00,907.377777777778
2013-10-29 20:00:00,851.0222222222222
2013-10-29 21:00:00,797.3333333333334
2013-10-29 22:00:00,741.3333333333334
2013-10-29 23:00:00,654.2222222222223
2013-10-30 00:00:00,589.6888888888889
2013-10-30 01:00:00,555.3777777777779
2013-10-30 02:00:00,533.5111111111112
2013-10-30 03:00:00,539.2
2013-10-30 04:00:00,587.9111111111112
2013-10-30 05:00:00,681.7777777777778
2013-10-30 06:00:00,772.9777777777778
2013-10-30 07:00:00,802.6666666666667
2013-10-30 08:00:00,808.7111111111111
2013-10-30 09:00:00,796.4444444444445
2013-10-30 10:00:00,794.4888888888889
2013-10-30 11:00:00,772.8000000000001
2013-10-30 12:00:00,774.9333333333334
2013-10-30 13:00:00,754.3111111111111
2013-10-30 14:00:00,756.2666666666667
2013-10-30 15:00:00,836.9777777777778
2013-10-30 16:00:00,947.2
2013-10-30 17:00:00,965.3333333333334
2013-10-30 18:00:00,951.1111111111112
2013-10-30 19:00:00,914.3111111111112
2013-10-30 20:00:00,883.0222222222222
2013-10-30 21:00:00,818.8444444444444
2013-10-30 22:00:00,744.1777777777778
2013-10-30 23:00:00,680.7111111111111
2013-10-31 00:00:00,612.4444444444445
2013-10-31 01:00:00,575.4666666666667
2013-10-31 02:00:00,553.2444444444444
2013-10-31 03:00:00,558.5777777777778
2013-10-31 04:00:00,603.0222222222222
2013-10-31 05:00:00,684.6222222222223
2013-10-31 06:00:00,772.2666666666667
2013-10-31 07:00:00,820.6222222222223
2013-10-31 08:00:00,822.9333333333334
2013-10-31 09:00:00,809.7777777777778
2013-10-31 10:00:00,797.3333333333334
2013-10-31 11:00:00,791.1111111111111
2013-10-31 12:00:00,781.8666666666667
2013-10-31 13:00:00,766.5777777777778
2013-10-31 14:00:00,760.5333333333334
2013-10-31 15:00:00,834.6666666666667
2013-10-31 16:00:00,943.4666666666668
2013-10-31 17:00:00,939.377777777778
2013-10-31 18:00:00,928.8888888888888
2013-10-31 19:00:00,905.9555555555556
2013-10-31 20:00:00,868.2666666666667
2013-10-31 21:00:00,809.6
2013-10-31 22:00:00,776.1777777777778
2013-10-31 23:00:00,678.7555555555556
2013-11-01 00:00:00,616.3555555555556
2013-11-01 01:00:00,579.2
2013-11-01 02:00:00,562.8444444444444
2013-11-01 03:00:00,566.5777777777778
2013-11-01 04:00:00,608.3555555555556
2013-11-01 05:00:00,705.2444444444445
2013-11-01 06:00:00,794.3111111111111
2013-11-01 07:00:00,825.6
2013-11-01 08:00:00,832.5333333333334
2013-11-01 09:00:00,806.2222222222223
2013-11-01 10:00:00,801.0666666666667
2013-11-01 11:00:00,789.3333333333334
2013-11-01 12:00:00,779.9111111111112
2013-11-01 13:00:00,768.5333333333334
2013-11-01 14:00:00,775.2888888888889
2013-11-01 15:00:00,846.0444444444445
2013-11-01 16:00:00,951.8222222222224
2013-11-01 17:00:00,959.6444444444444
2013-11-01 18:00:00,950.4
2013-11-01 19:00:00,918.5777777777778
2013-11-01 20:00:00,875.5555555555555
2013-11-01 21:00:00,830.7555555555556
2013-11-01 22:00:00,769.4222222222222
2013-11-01 23:00:00,699.7333333333333
2013-11-02 00:00:00,636.2666666666667
2013-11-02 01:00:00,592.8888888888889
2013-11-02 02:00:00,568.3555555555556
2013-11-02 03:00:00,568.8888888888889
2013-11-02 04:00:00,598.4
2013-11-02 05:00:00,645.6888888888889
2013-11-02 06:00:00,718.4
2013-11-02 07:00:00,776.0
2013-11-02 08:00:00,796.8000000000001
2013-11-02 09:00:00,788.9777777777778
2013-11-02 10:00:00,773.6888888888889
2013-11-02 11:00:00,765.6888888888889
2013-11-02 12:00:00,748.088888888889
2013-11-02 13:00:00,735.2888888888889
2013-11-02 14:00:00,738.1333333333333
2013-11-02 15:00:00,819.3777777777779
2013-11-02 16:00:00,926.2222222222224
2013-11-02 17:00:00,928.0
2013-11-02 18:00:00,906.4888888888888
2013-11-02 19:00:00,887.6444444444445
2013-11-02 20:00:00,835.0222222222222
2013-11-02 21:00:00,790.5777777777778
2013-11-02 22:00:00,743.4666666666667
2013-11-02 23:00:00,685.1555555555556
2013-11-03 00:00:00,622.0444444444445
2013-11-03 01:00:00,568.0
2013-11-03 02:00:00,545.4222222222222
2013-11-03 03:00:00,539.7333333333333
2013-11-03 04:00:00,563.9111111111112
2013-11-03 05:00:00,592.3555555555556
2013-11-03 06:00:00,657.7777777777778
2013-11-03 07:00:00,723.5555555555555
2013-11-03 08:00:00,768.0
2013-11-03 09:00:00,784.8888888888889
2013-11-03 10:00:00,780.6222222222223
2013-11-03 11:00:00,771.7333333333333
2013-11-03 12:00:00,763.7333333333333
2013-11-03 13:00:00,739.7333333333333
2013-11-03 14:00:00,735.2888888888889
2013-11-03 15:00:00,800.5333333333334
2013-11-03 16:00:00,894.4000000000001
2013-11-03 17:00:00,904.5333333333334
2013-11-03 18:00:00,900.4444444444445
2013-11-03 19:00:00,885.3333333333334
2013-11-03 20:00:00,834.1333333333333
2013-11-03 21:00:00,800.5333333333334
2013-11-03 22:00:00,740.6222222222223
2013-11-03 23:00:00,668.4444444444445
2013-11-04 00:00:00,605.5111111111112
2013-11-04 01:00:00,559.6444444444445
2013-11-04 02:00:00,547.3777777777779
2013-11-04 03:00:00,548.4444444444445
2013-11-04 04:00:00,588.9777777777778
2013-11-04 05:00:00,683.2
2013-11-04 06:00:00,777.9555555555556
2013-11-04 07:00:00,811.3777777777779
2013-11-04 08:00:00,828.6222222222223
2013-11-04 09:00:00,816.8888888888889
2013-11-04 10:00:00,802.6666666666667
2013-11-04 11:00:00,786.6666666666667
2013-11-04 12:00:00,776.7111111111111
2013-11-04 13:00:00,767.2888888888889
2013-11-04 14:00:00,777.2444444444445
2013-11-04 15:00:00,855.1111111111112
2013-11-04 16:00:00,951.8222222222224
2013-11-04 17:00:00,953.0666666666668
2013-11-04 18:00:00,940.4444444444443
2013-11-04 19:00:00,907.9111111111112
2013-11-04 20:00:00,868.8000000000001
2013-11-04 21:00:00,825.2444444444445
2013-11-04 22:00:00,759.1111111111111
2013-11-04 23:00:00,679.8222222222222
2013-11-05 00:00:00,614.5777777777778
2013-11-05 01:00:00,571.7333333333333
2013-11-05 02:00:00,546.4888888888889
2013-11-05 03:00:00,553.9555555555555
2013-11-05 04:00:00,599.4666666666667
2013-11-05 05:00:00,676.088888888889
2013-11-05 06:00:00,777.0666666666667
2013-11-05 07:00:00,808.7111111111111
2013-11-05 08:00:00,815.6444444444445
2013-11-05 09:00:00,807.6444444444445
2013-11-05 10:00:00,811.0222222222222
2013-11-05 11:00:00,807.4666666666667
2013-11-05 12:00:00,781.5111111111112
2013-11-05 13:00:00,793.0666666666667
2013-11-05 14:00:00,817.2444444444445
2013-11-05 15:00:00,891.3777777777779
2013-11-05 16:00:00,951.1111111111112
2013-11-05 17:00:00,951.6444444444444
2013-11-05 18:00:00,942.5777777777778
2013-11-05 19:00:00,918.0444444444444
2013-11-05 20:00:00,861.3333333333334
2013-11-05 21:00:00,824.1777777777778
2013-11-05 22:00:00,772.088888888889
2013-11-05 23:00:00,699.3777777777779
2013-11-06 00:00:00,627.3777777777779
2013-11-06 01:00:00,576.0
2013-11-06 02:00:00,565.1555555555556
2013-11-06 03:00:00,560.8888888888889
2013-11-06 04:00:00,610.1333333333333
2013-11-06 05:00:00,704.8888888888889
2013-11-06 06:00:00,803.9111111111112
2013-11-06 07:00:00,842.1333333333333
2013-11-06 08:00:00,863.1111111111112
2013-11-06 09:00:00,857.9555555555556
2013-11-06 10:00:00,852.9777777777778
2013-11-06 11:00:00,836.9777777777778
2013-11-06 12:00:00,823.6444444444445
2013-11-06 13:00:00,820.8000000000001
2013-11-06 14:00:00,829.3333333333334
2013-11-06 15:00:00,915.0222222222222
2013-11-06 16:00:00,1000.8888888888888
2013-11-06 17:00:00,1007.6444444444444
2013-11-06 18:00:00,995.0222222222222
2013-11-06 19:00:00,972.9777777777778
2013-11-06 20:00:00,926.2222222222224
2013-11-06 21:00:00,871.4666666666667
2013-11-06 22:00:00,822.0444444444445
2013-11-06 23:00:00,737.2444444444445
2013-11-07 00:00:00,662.2222222222223
2013-11-07 01:00:00,615.1111111111111
2013-11-07 02:00:00,593.0666666666667
2013-11-07 03:00:00,604.6222222222223
2013-11-07 04:00:00,651.2
2013-11-07 05:00:00,725.5111111111112
2013-11-07 06:00:00,844.6222222222223
2013-11-07 07:00:00,878.2222222222223
2013-11-07 08:00:00,868.8000000000001
2013-11-07 09:00:00,868.4444444444445
2013-11-07 10:00:00,835.0222222222222
2013-11-07 11:00:00,823.6444444444445
2013-11-07 12:00:00,803.0222222222222
2013-11-07 13:00:00,789.8666666666667
2013-11-07 14:00:00,799.8222222222223
2013-11-07 15:00:00,888.0
2013-11-07 16:00:00,1005.688888888889
2013-11-07 17:00:00,1015.1111111111112
2013-11-07 18:00:00,1000.1777777777778
2013-11-07 19:00:00,970.8444444444444
2013-11-07 20:00:00,935.2888888888888
2013-11-07 21:00:00,887.8222222222223
2013-11-07 22:00:00,813.1555555555556
2013-11-07 23:00:00,744.1777777777778
2013-11-08 00:00:00,669.8666666666667
2013-11-08 01:00:00,611.9111111111112
2013-11-08 02:00:00,595.9111111111112
2013-11-08 03:00:00,599.2888888888889
2013-11-08 04:00:00,645.1555555555556
2013-11-08 05:00:00,726.7555555555556
2013-11-08 06:00:00,822.2222222222223
2013-11-08 07:00:00,849.7777777777778
2013-11-08 08:00:00,844.088888888889
2013-11-08 09:00:00,822.4
2013-11-08 10:00:00,798.5777777777778
2013-11-08 11:00:00,792.7111111111111
2013-11-08 12:00:00,769.4222222222222
2013-11-08 13:00:00,761.9555555555556
2013-11-08 14:00:00,771.9111111111112
2013-11-08 15:00:00,865.0666666666667
2013-11-08 16:00:00,958.9333333333334
2013-11-08 17:00:00,964.8
2013-11-08 18:00:00,951.6444444444444
2013-11-08 19:00:00,921.9555555555556
2013-11-08 20:00:00,889.0666666666667
2013-11-08 21:00:00,841.0666666666667
2013-11-08 22:00:00,791.1111111111111
2013-11-08 23:00:00,731.3777777777779
2013-11-09 00:00:00,665.4222222222222
2013-11-09 01:00:00,616.0
2013-11-09 02:00:00,595.5555555555555
2013-11-09 03:00:00,590.5777777777778
2013-11-09 04:00:00,618.4888888888889
2013-11-09 05:00:00,665.7777777777778
2013-11-09 06:00:00,741.8666666666667
2013-11-09 07:00:00,806.0444444444445
2013-11-09 08:00:00,824.3555555555556
2013-11-09 09:00:00,801.7777777777778
2013-11-09 10:00:00,794.4888888888889
2013-11-09 11:00:00,783.6444444444445
2013-11-09 12:00:00,776.3555555555556
2013-11-09 13:00:00,759.6444444444445
2013-11-09 14:00:00,764.4444444444445
2013-11-09 15:00:00,860.4444444444445
2013-11-09 16:00:00,946.4888888888888
2013-11-09 17:00:00,950.7555555555556
2013-11-09 18:00:00,938.4888888888888
2013-11-09 19:00:00,916.6222222222224
2013-11-09 20:00:00,858.4888888888889
2013-11-09 21:00:00,816.7111111111111
2013-11-09 22:00:00,768.8888888888889
2013-11-09 23:00:00,728.5333333333334
2013-11-10 00:00:00,662.7555555555556
2013-11-10 01:00:00,603.7333333333333
2013-11-10 02:00:00,577.0666666666667
2013-11-10 03:00:00,571.5555555555555
2013-11-10 04:00:00,584.0
2013-11-10 05:00:00,618.6666666666667
2013-11-10 06:00:00,674.4888888888889
2013-11-10 07:00:00,746.4888888888889
2013-11-10 08:00:00,802.3111111111111
2013-11-10 09:00:00,813.5111111111112
2013-11-10 10:00:00,820.4444444444445
2013-11-10 11:00:00,805.6888888888889
2013-11-10 12:00:00,774.9333333333334
2013-11-10 13:00:00,766.4
2013-11-10 14:00:00,778.3111111111111
2013-11-10 15:00:00,855.6444444444445
2013-11-10 16:00:00,912.1777777777778
2013-11-10 17:00:00,911.8222222222224
2013-11-10 18:00:00,907.9111111111112
2013-11-10 19:00:00,883.9111111111112
2013-11-10 20:00:00,842.3111111111111
2013-11-10 21:00:00,807.6444444444445
2013-11-10 22:00:00,773.6888888888889
2013-11-10 23:00:00,717.5111111111112
2013-11-11 00:00:00,653.6888888888889
2013-11-11 01:00:00,595.3777777777779
2013-11-11 02:00:00,572.4444444444445
2013-11-11 03:00:00,561.9555555555555
2013-11-11 04:00:00,585.2444444444444
2013-11-11 05:00:00,639.8222222222222
2013-11-11 06:00:00,713.2444444444445
2013-11-11 07:00:00,783.2888888888889
2013-11-11 08:00:00,820.2666666666667
2013-11-11 09:00:00,809.7777777777778
2013-11-11 10:00:00,817.9555555555556
2013-11-11 11:00:00,818.1333333333333
2013-11-11 12:00:00,815.1111111111111
2013-11-11 13:00:00,807.6444444444445
2013-11-11 14:00:00,825.0666666666667
2013-11-11 15:00:00,902.7555555555556
2013-11-11 16:00:00,962.1333333333332
2013-11-11 17:00:00,968.1777777777778
2013-11-11 18:00:00,959.1111111111112
2013-11-11 19:00:00,936.1777777777778
2013-11-11 20:00:00,902.4
2013-11-11 21:00:00,852.4444444444445
2013-11-11 22:00:00,802.4888888888889
2013-11-11 23:00:00,739.3777777777779
2013-11-12 00:00:00,664.7111111111111
2013-11-12 01:00:00,607.8222222222222
2013-11-12 02:00:00,581.1555555555556
2013-11-12 03:00:00,578.8444444444444
2013-11-12 04:00:00,625.9555555555556
2013-11-12 05:00:00,724.6222222222223
2013-11-12 06:00:00,838.9333333333334
2013-11-12 07:00:00,881.4222222222222
2013-11-12 08:00:00,906.1333333333332
2013-11-12 09:00:00,899.5555555555555
2013-11-12 10:00:00,900.9777777777778
2013-11-12 11:00:00,892.4444444444445
2013-11-12 12:00:00,881.9555555555556
2013-11-12 13:00:00,874.1333333333333
2013-11-12 14:00:00,890.4888888888889
2013-11-12 15:00:00,966.0444444444444
2013-11-12 16:00:00,1013.1555555555556
2013-11-12 17:00:00,1015.2888888888888
2013-11-12 18:00:00,1002.4888888888888
2013-11-12 19:00:00,971.9111111111112
2013-11-12 20:00:00,928.1777777777778
2013-11-12 21:00:00,881.4222222222222
2013-11-12 22:00:00,845.3333333333334
2013-11-12 23:00:00,782.9333333333334
2013-11-13 00:00:00,700.088888888889
2013-11-13 01:00:00,651.5555555555555
2013-11-13 02:00:00,626.1333333333333
2013-11-13 03:00:00,622.2222222222223
2013-11-13 04:00:00,667.5555555555555
2013-11-13 05:00:00,761.9555555555556
2013-11-13 06:00:00,852.8000000000001
2013-11-13 07:00:00,887.4666666666667
2013-11-13 08:00:00,902.2222222222224
2013-11-13 09:00:00,881.2444444444445
2013-11-13 10:00:00,877.3333333333334
2013-11-13 11:00:00,879.4666666666667
2013-11-13 12:00:00,867.0222222222222
2013-11-13 13:00:00,867.7333333333333
2013-11-13 14:00:00,884.4444444444445
2013-11-13 15:00:00,972.088888888889
2013-11-13 16:00:00,1025.4222222222222
2013-11-13 17:00:00,1025.9555555555555
2013-11-13 18:00:00,1017.0666666666668
2013-11-13 19:00:00,991.2888888888888
2013-11-13 20:00:00,953.9555555555556
2013-11-13 21:00:00,903.1111111111112
2013-11-13 22:00:00,845.6888888888889
2013-11-13 23:00:00,784.0
2013-11-14 00:00:00,715.2
2013-11-14 01:00:00,663.6444444444445
2013-11-14 02:00:00,627.0222222222222
2013-11-14 03:00:00,625.6
2013-11-14 04:00:00,665.7777777777778
2013-11-14 05:00:00,756.6222222222223
2013-11-14 06:00:00,850.1333333333333
2013-11-14 07:00:00,899.2
2013-11-14 08:00:00,914.4888888888888
2013-11-14 09:00:00,914.6666666666669
2013-11-14 10:00:00,922.3111111111112
2013-11-14 11:00:00,910.9333333333334
2013-11-14 12:00:00,911.8222222222224
2013-11-14 13:00:00,906.6666666666669
2013-11-14 14:00:00,918.9333333333334
2013-11-14 15:00:00,993.0666666666668
2013-11-14 16:00:00,1036.088888888889
2013-11-14 17:00:00,1021.8666666666668
2013-11-14 18:00:00,1015.8222222222224
2013-11-14 19:00:00,997.3333333333334
2013-11-14 20:00:00,959.2888888888888
2013-11-14 21:00:00,920.1777777777778
2013-11-14 22:00:00,857.0666666666667
2013-11-14 23:00:00,805.5111111111112
2013-11-15 00:00:00,732.4444444444445
2013-11-15 01:00:00,676.4444444444445
2013-11-15 02:00:00,649.4222222222222
2013-11-15 03:00:00,643.7333333333333
2013-11-15 04:00:00,688.0
2013-11-15 05:00:00,779.3777777777779
2013-11-15 06:00:00,871.8222222222223
2013-11-15 07:00:00,895.1111111111112
2013-11-15 08:00:00,895.6444444444445
2013-11-15 09:00:00,885.1555555555556
2013-11-15 10:00:00,883.2
2013-11-15 11:00:00,873.7777777777778
2013-11-15 12:00:00,860.6222222222223
2013-11-15 13:00:00,855.6444444444445
2013-11-15 14:00:00,876.2666666666667
2013-11-15 15:00:00,974.7555555555556
2013-11-15 16:00:00,1048.888888888889
2013-11-15 17:00:00,1048.5333333333333
2013-11-15 18:00:00,1035.3777777777775
2013-11-15 19:00:00,1002.6666666666669
2013-11-15 20:00:00,966.9333333333334
2013-11-15 21:00:00,920.5333333333334
2013-11-15 22:00:00,865.9555555555556
2013-11-15 23:00:00,818.6666666666667
2013-11-16 00:00:00,747.0222222222222
2013-11-16 01:00:00,688.0
2013-11-16 02:00:00,659.3777777777779
2013-11-16 03:00:00,651.3777777777779
2013-11-16 04:00:00,670.9333333333334
2013-11-16 05:00:00,711.1111111111111
2013-11-16 06:00:00,787.9111111111112
2013-11-16 07:00:00,846.0444444444445
2013-11-16 08:00:00,879.1111111111112
2013-11-16 09:00:00,878.0444444444445
2013-11-16 10:00:00,858.6666666666667
2013-11-16 11:00:00,850.1333333333333
2013-11-16 12:00:00,843.5555555555555
2013-11-16 13:00:00,826.3111111111111
2013-11-16 14:00:00,837.6888888888889
2013-11-16 15:00:00,934.2222222222224
2013-11-16 16:00:00,1002.8444444444444
2013-11-16 17:00:00,991.1111111111112
2013-11-16 18:00:00,987.2
2013-11-16 19:00:00,948.2666666666668
2013-11-16 20:00:00,914.6666666666669
2013-11-16 21:00:00,875.0222222222222
2013-11-16 22:00:00,844.6222222222223
2013-11-16 23:00:00,818.3111111111111
2013-11-17 00:00:00,754.8444444444444
2013-11-17 01:00:00,685.3333333333334
2013-11-17 02:00:00,645.6888888888889
2013-11-17 03:00:00,634.3111111111111
2013-11-17 04:00:00,644.8000000000001
2013-11-17 05:00:00,672.3555555555556
2013-11-17 06:00:00,728.3555555555556
2013-11-17 07:00:00,798.4
2013-11-17 08:00:00,861.8666666666667
2013-11-17 09:00:00,872.1777777777778
2013-11-17 10:00:00,884.4444444444445
2013-11-17 11:00:00,873.6
2013-11-17 12:00:00,869.8666666666667
2013-11-17 13:00:00,851.7333333333333
2013-11-17 14:00:00,852.4444444444445
2013-11-17 15:00:00,924.088888888889
2013-11-17 16:00:00,979.0222222222222
2013-11-17 17:00:00,980.2666666666668
2013-11-17 18:00:00,985.6
2013-11-17 19:00:00,970.4888888888888
2013-11-17 20:00:00,935.6444444444444
2013-11-17 21:00:00,900.088888888889
2013-11-17 22:00:00,872.8888888888889
2013-11-17 23:00:00,813.8666666666667
2013-11-18 00:00:00,740.088888888889
2013-11-18 01:00:00,683.7333333333333
2013-11-18 02:00:00,648.8888888888889
2013-11-18 03:00:00,645.6888888888889
2013-11-18 04:00:00,690.1333333333333
2013-11-18 05:00:00,780.4444444444445
2013-11-18 06:00:00,893.8666666666667
2013-11-18 07:00:00,936.5333333333334
2013-11-18 08:00:00,957.8666666666668
2013-11-18 09:00:00,946.4888888888888
2013-11-18 10:00:00,931.9111111111112
2013-11-18 11:00:00,911.8222222222224
2013-11-18 12:00:00,902.2222222222224
2013-11-18 13:00:00,883.7333333333333
2013-11-18 14:00:00,902.2222222222224
2013-11-18 15:00:00,998.4
2013-11-18 16:00:00,1050.6666666666667
2013-11-18 17:00:00,1052.088888888889
2013-11-18 18:00:00,1048.7111111111112
2013-11-18 19:00:00,1027.5555555555557
2013-11-18 20:00:00,976.0
2013-11-18 21:00:00,949.6888888888888
2013-11-18 22:00:00,897.2444444444445
2013-11-18 23:00:00,838.9333333333334
2013-11-19 00:00:00,762.4888888888889
2013-11-19 01:00:00,704.0
2013-11-19 02:00:00,667.7333333333333
2013-11-19 03:00:00,662.9333333333334
2013-11-19 04:00:00,701.5111111111112
2013-11-19 05:00:00,797.6888888888889
2013-11-19 06:00:00,891.3777777777779
2013-11-19 07:00:00,932.9777777777778
2013-11-19 08:00:00,945.9555555555556
2013-11-19 09:00:00,926.7555555555556
2013-11-19 10:00:00,915.9111111111112
2013-11-19 11:00:00,891.7333333333333
2013-11-19 12:00:00,888.1777777777778
2013-11-19 13:00:00,871.2888888888889
2013-11-19 14:00:00,907.2
2013-11-19 15:00:00,1015.6444444444444
2013-11-19 16:00:00,1055.4666666666667
2013-11-19 17:00:00,1057.9555555555555
2013-11-19 18:00:00,1054.4
2013-11-19 19:00:00,1035.3777777777775
2013-11-19 20:00:00,988.088888888889
2013-11-19 21:00:00,952.8888888888888
2013-11-19 22:00:00,906.4888888888888
2013-11-19 23:00:00,833.0666666666667
2013-11-20 00:00:00,764.2666666666667
2013-11-20 01:00:00,708.4444444444445
2013-11-20 02:00:00,674.1333333333333
2013-11-20 03:00:00,667.3777777777779
2013-11-20 04:00:00,704.5333333333334
2013-11-20 05:00:00,802.6666666666667
2013-11-20 06:00:00,895.8222222222223
2013-11-20 07:00:00,924.8
2013-11-20 08:00:00,946.4888888888888
2013-11-20 09:00:00,913.0666666666668
2013-11-20 10:00:00,910.5777777777778
2013-11-20 11:00:00,906.4888888888888
2013-11-20 12:00:00,897.7777777777778
2013-11-20 13:00:00,895.6444444444445
2013-11-20 14:00:00,916.2666666666668
2013-11-20 15:00:00,1006.5777777777778
2013-11-20 16:00:00,1061.3333333333337
2013-11-20 17:00:00,1057.9555555555555
2013-11-20 18:00:00,1042.1333333333334
2013-11-20 19:00:00,1013.5111111111112
2013-11-20 20:00:00,989.8666666666668
2013-11-20 21:00:00,932.2666666666668
2013-11-20 22:00:00,887.8222222222223
2013-11-20 23:00:00,823.6444444444445
2013-11-21 00:00:00,751.4666666666667
2013-11-21 01:00:00,693.8666666666667
2013-11-21 02:00:00,648.0
2013-11-21 03:00:00,649.7777777777778
2013-11-21 04:00:00,685.6888888888889
2013-11-21 05:00:00,761.7777777777778
2013-11-21 06:00:00,860.4444444444445
2013-11-21 07:00:00,893.6888888888889
2013-11-21 08:00:00,896.7111111111111
2013-11-21 09:00:00,889.7777777777778
2013-11-21 10:00:00,884.6222222222223
2013-11-21 11:00:00,872.0
2013-11-21 12:00:00,861.6888888888889
2013-11-21 13:00:00,848.0
2013-11-21 14:00:00,868.8000000000001
2013-11-21 15:00:00,952.0
2013-11-21 16:00:00,983.1111111111112
2013-11-21 17:00:00,975.6444444444444
2013-11-21 18:00:00,963.7333333333332
2013-11-21 19:00:00,941.8666666666668
2013-11-21 20:00:00,920.8888888888888
2013-11-21 21:00:00,880.1777777777778
2013-11-21 22:00:00,856.0
2013-11-21 23:00:00,807.4666666666667
2013-11-22 00:00:00,739.9111111111112
2013-11-22 01:00:00,688.1777777777778
2013-11-22 02:00:00,648.1777777777778
2013-11-22 03:00:00,647.6444444444445
2013-11-22 04:00:00,686.0444444444445
2013-11-22 05:00:00,784.3555555555556
2013-11-22 06:00:00,868.2666666666667
2013-11-22 07:00:00,900.8
2013-11-22 08:00:00,907.2
2013-11-22 09:00:00,884.9777777777778
2013-11-22 10:00:00,870.0444444444445
2013-11-22 11:00:00,854.7555555555556
2013-11-22 12:00:00,841.7777777777778
2013-11-22 13:00:00,829.5111111111112
2013-11-22 14:00:00,862.0444444444445
2013-11-22 15:00:00,963.7333333333332
2013-11-22 16:00:00,1014.4
2013-11-22 17:00:00,1007.8222222222224
2013-11-22 18:00:00,993.4222222222222
2013-11-22 19:00:00,969.0666666666668
2013-11-22 20:00:00,931.5555555555557
2013-11-22 21:00:00,896.0
2013-11-22 22:00:00,856.5333333333334
2013-11-22 23:00:00,815.8222222222223
2013-11-23 00:00:00,751.8222222222222
2013-11-23 01:00:00,686.5777777777778
2013-11-23 02:00:00,654.9333333333334
2013-11-23 03:00:00,647.4666666666667
2013-11-23 04:00:00,663.1111111111111
2013-11-23 05:00:00,714.8444444444444
2013-11-23 06:00:00,780.9777777777778
2013-11-23 07:00:00,843.5555555555555
2013-11-23 08:00:00,877.6888888888889
2013-11-23 09:00:00,881.6
2013-11-23 10:00:00,889.0666666666667
2013-11-23 11:00:00,893.8666666666667
2013-11-23 12:00:00,891.9111111111112
2013-11-23 13:00:00,888.8888888888889
2013-11-23 14:00:00,915.7333333333332
2013-11-23 15:00:00,984.1777777777778
2013-11-23 16:00:00,1013.1555555555556
2013-11-23 17:00:00,999.1111111111112
2013-11-23 18:00:00,982.7555555555556
2013-11-23 19:00:00,961.4222222222222
2013-11-23 20:00:00,929.4222222222222
2013-11-23 21:00:00,880.3555555555556
2013-11-23 22:00:00,849.6
2013-11-23 23:00:00,821.1555555555556
2013-11-24 00:00:00,758.7555555555556
2013-11-24 01:00:00,692.2666666666667
2013-11-24 02:00:00,652.8000000000001
2013-11-24 03:00:00,636.6222222222223
2013-11-24 04:00:00,647.8222222222222
2013-11-24 05:00:00,657.6
2013-11-24 06:00:00,718.2222222222223
2013-11-24 07:00:00,775.4666666666667
2013-11-24 08:00:00,835.0222222222222
2013-11-24 09:00:00,868.9777777777778
2013-11-24 10:00:00,884.088888888889
2013-11-24 11:00:00,884.9777777777778
2013-11-24 12:00:00,880.7111111111111
2013-11-24 13:00:00,871.1111111111112
2013-11-24 14:00:00,885.3333333333334
2013-11-24 15:00:00,960.1777777777778
2013-11-24 16:00:00,985.2444444444444
2013-11-24 17:00:00,985.4222222222222
2013-11-24 18:00:00,987.0222222222222
2013-11-24 19:00:00,975.8222222222224
2013-11-24 20:00:00,944.8888888888888
2013-11-24 21:00:00,917.8666666666668
2013-11-24 22:00:00,888.5333333333334
2013-11-24 23:00:00,824.1777777777778
2013-11-25 00:00:00,760.0
2013-11-25 01:00:00,703.2888888888889
2013-11-25 02:00:00,664.5333333333333
2013-11-25 03:00:00,665.4222222222222
2013-11-25 04:00:00,707.2
2013-11-25 05:00:00,798.9333333333334
2013-11-25 06:00:00,913.2444444444444
2013-11-25 07:00:00,970.4888888888888
2013-11-25 08:00:00,990.5777777777778
2013-11-25 09:00:00,1001.0666666666668
2013-11-25 10:00:00,1007.6444444444444
2013-11-25 11:00:00,1006.5777777777778
2013-11-25 12:00:00,1000.8888888888888
2013-11-25 13:00:00,985.9555555555556
2013-11-25 14:00:00,1004.6222222222224
2013-11-25 15:00:00,1066.6666666666667
2013-11-25 16:00:00,1086.4
2013-11-25 17:00:00,1088.5333333333333
2013-11-25 18:00:00,1079.8222222222223
2013-11-25 19:00:00,1051.7333333333331
2013-11-25 20:00:00,1025.7777777777778
2013-11-25 21:00:00,998.4
2013-11-25 22:00:00,960.7111111111112
2013-11-25 23:00:00,910.2222222222224
2013-11-26 00:00:00,837.8666666666667
2013-11-26 01:00:00,779.3777777777779
2013-11-26 02:00:00,747.5555555555555
2013-11-26 03:00:00,739.9111111111112
2013-11-26 04:00:00,779.7333333333333
2013-11-26 05:00:00,873.6
2013-11-26 06:00:00,978.1333333333332
2013-11-26 07:00:00,1019.377777777778
2013-11-26 08:00:00,1036.2666666666669
2013-11-26 09:00:00,1036.4444444444446
2013-11-26 10:00:00,1040.7111111111112
2013-11-26 11:00:00,1042.3111111111111
2013-11-26 12:00:00,1030.2222222222222
2013-11-26 13:00:00,1022.2222222222224
2013-11-26 14:00:00,1043.5555555555557
2013-11-26 15:00:00,1099.2
2013-11-26 16:00:00,1126.7555555555557
2013-11-26 17:00:00,1123.3777777777775
2013-11-26 18:00:00,1119.288888888889
2013-11-26 19:00:00,1095.288888888889
2013-11-26 20:00:00,1061.8666666666668
2013-11-26 21:00:00,1038.4
2013-11-26 22:00:00,1001.4222222222222
2013-11-26 23:00:00,948.9777777777778
2013-11-27 00:00:00,880.5333333333334
2013-11-27 01:00:00,816.7111111111111
2013-11-27 02:00:00,783.1111111111111
2013-11-27 03:00:00,771.3777777777779
2013-11-27 04:00:00,810.3111111111111
2013-11-27 05:00:00,899.3777777777779
2013-11-27 06:00:00,988.8
2013-11-27 07:00:00,1027.2
2013-11-27 08:00:00,1039.4666666666667
2013-11-27 09:00:00,1042.3111111111111
2013-11-27 10:00:00,1044.8
2013-11-27 11:00:00,1043.7333333333331
2013-11-27 12:00:00,1030.9333333333334
2013-11-27 13:00:00,1020.8
2013-11-27 14:00:00,1030.9333333333334
2013-11-27 15:00:00,1102.7555555555557
2013-11-27 16:00:00,1127.8222222222223
2013-11-27 17:00:00,1129.9555555555555
2013-11-27 18:00:00,1123.3777777777775
2013-11-27 19:00:00,1099.5555555555557
2013-11-27 20:00:00,1064.3555555555556
2013-11-27 21:00:00,1022.4
2013-11-27 22:00:00,977.0666666666668
2013-11-27 23:00:00,950.9333333333334
2013-11-28 00:00:00,878.4
2013-11-28 01:00:00,824.1777777777778
2013-11-28 02:00:00,791.2888888888889
2013-11-28 03:00:00,780.6222222222223
2013-11-28 04:00:00,811.0222222222222
2013-11-28 05:00:00,904.0
2013-11-28 06:00:00,987.5555555555557
2013-11-28 07:00:00,1034.4888888888888
2013-11-28 08:00:00,1046.0444444444445
2013-11-28 09:00:00,1046.0444444444445
2013-11-28 10:00:00,1041.4222222222222
2013-11-28 11:00:00,1031.4666666666667
2013-11-28 12:00:00,1019.2
2013-11-28 13:00:00,998.2222222222224
2013-11-28 14:00:00,1016.7111111111112
2013-11-28 15:00:00,1107.0222222222224
2013-11-28 16:00:00,1140.2666666666669
2013-11-28 17:00:00,1138.1333333333334
2013-11-28 18:00:00,1140.8
2013-11-28 19:00:00,1123.2
2013-11-28 20:00:00,1099.911111111111
2013-11-28 21:00:00,1058.4888888888888
2013-11-28 22:00:00,1024.7111111111112
2013-11-28 23:00:00,980.088888888889
2013-11-29 00:00:00,908.8
2013-11-29 01:00:00,846.9333333333334
2013-11-29 02:00:00,814.5777777777778
2013-11-29 03:00:00,797.8666666666667
2013-11-29 04:00:00,832.1777777777778
2013-11-29 05:00:00,926.5777777777778
2013-11-29 06:00:00,1019.5555555555557
2013-11-29 07:00:00,1055.4666666666667
2013-11-29 08:00:00,1062.2222222222222
2013-11-29 09:00:00,1047.8222222222223
2013-11-29 10:00:00,1048.3555555555556
2013-11-29 11:00:00,1042.4888888888888
2013-11-29 12:00:00,1029.1555555555556
2013-11-29 13:00:00,1021.3333333333334
2013-11-29 14:00:00,1030.0444444444445
2013-11-29 15:00:00,1110.9333333333334
2013-11-29 16:00:00,1147.2
2013-11-29 17:00:00,1143.8222222222223
2013-11-29 18:00:00,1123.7333333333331
2013-11-29 19:00:00,1106.8444444444444
2013-11-29 20:00:00,1074.1333333333334
2013-11-29 21:00:00,1042.8444444444444
2013-11-29 22:00:00,1008.1777777777778
2013-11-29 23:00:00,977.4222222222222
2013-11-30 00:00:00,911.1111111111112
2013-11-30 01:00:00,850.4888888888889
2013-11-30 02:00:00,815.1111111111111
2013-11-30 03:00:00,797.8666666666667
2013-11-30 04:00:00,810.1333333333333
2013-11-30 05:00:00,859.5555555555555
2013-11-30 06:00:00,918.2222222222224
2013-11-30 07:00:00,983.8222222222224
2013-11-30 08:00:00,1013.5111111111112
2013-11-30 09:00:00,1005.1555555555556
2013-11-30 10:00:00,1000.0
2013-11-30 11:00:00,990.2222222222224
2013-11-30 12:00:00,982.4
2013-11-30 13:00:00,977.7777777777778
2013-11-30 14:00:00,982.4
2013-11-30 15:00:00,1079.4666666666667
2013-11-30 16:00:00,1107.5555555555557
2013-11-30 17:00:00,1102.4
2013-11-30 18:00:00,1105.6
2013-11-30 19:00:00,1089.0666666666666
2013-11-30 20:00:00,1051.0222222222224
2013-11-30 21:00:00,1001.6
2013-11-30 22:00:00,972.2666666666668
2013-11-30 23:00:00,965.8666666666668
2013-12-01 00:00:00,901.1555555555556
2013-12-01 01:00:00,834.6666666666667
2013-12-01 02:00:00,784.3555555555556
2013-12-01 03:00:00,763.0222222222222
2013-12-01 04:00:00,767.8222222222223
2013-12-01 05:00:00,787.7333333333333
2013-12-01 06:00:00,831.8222222222223
2013-12-01 07:00:00,900.4444444444445
2013-12-01 08:00:00,954.6666666666669
2013-12-01 09:00:00,980.9777777777778
2013-12-01 10:00:00,996.4444444444443
2013-12-01 11:00:00,1012.4444444444443
2013-12-01 12:00:00,1002.8444444444444
2013-12-01 13:00:00,982.7555555555556
2013-12-01 14:00:00,994.6666666666669
2013-12-01 15:00:00,1070.7555555555557
2013-12-01 16:00:00,1092.2666666666669
2013-12-01 17:00:00,1091.5555555555557
2013-12-01 18:00:00,1101.1555555555556
2013-12-01 19:00:00,1089.2444444444443
2013-12-01 20:00:00,1053.3333333333337
2013-12-01 21:00:00,1039.8222222222223
2013-12-01 22:00:00,990.9333333333334
2013-12-01 23:00:00,956.8
2013-12-02 00:00:00,872.1777777777778
2013-12-02 01:00:00,808.7111111111111
2013-12-02 02:00:00,765.3333333333334
2013-12-02 03:00:00,760.5333333333334
2013-12-02 04:00:00,805.1555555555556
2013-12-02 05:00:00,894.9333333333334
2013-12-02 06:00:00,1001.4222222222222
2013-12-02 07:00:00,1045.5111111111112
2013-12-02 08:00:00,1061.6888888888889
2013-12-02 09:00:00,1058.3111111111111
2013-12-02 10:00:00,1047.6444444444444
2013-12-02 11:00:00,1040.5333333333333
2013-12-02 12:00:00,1031.6444444444444
2013-12-02 13:00:00,1016.1777777777778
2013-12-02 14:00:00,1026.6666666666667
2013-12-02 15:00:00,1101.8666666666668
2013-12-02 16:00:00,1140.6222222222225
2013-12-02 17:00:00,1142.7555555555557
2013-12-02 18:00:00,1116.2666666666669
2013-12-02 19:00:00,1121.6
2013-12-02 20:00:00,1091.911111111111
2013-12-02 21:00:00,1057.9555555555555
2013-12-02 22:00:00,1014.9333333333334
2013-12-02 23:00:00,967.8222222222224
2013-12-03 00:00:00,900.8
2013-12-03 01:00:00,846.7555555555556
2013-12-03 02:00:00,805.3333333333334
2013-12-03 03:00:00,794.3111111111111
2013-12-03 04:00:00,830.0444444444445
2013-12-03 05:00:00,932.2666666666668
2013-12-03 06:00:00,1023.1111111111112
2013-12-03 07:00:00,1044.088888888889
2013-12-03 08:00:00,1049.9555555555555
2013-12-03 09:00:00,1040.7111111111112
2013-12-03 10:00:00,1036.977777777778
2013-12-03 11:00:00,1021.1555555555556
2013-12-03 12:00:00,1009.2444444444444
2013-12-03 13:00:00,996.9777777777778
2013-12-03 14:00:00,1021.5111111111112
2013-12-03 15:00:00,1111.111111111111
2013-12-03 16:00:00,1167.111111111111
2013-12-03 17:00:00,1175.6444444444444
2013-12-03 18:00:00,1162.1333333333334
2013-12-03 19:00:00,1147.7333333333331
2013-12-03 20:00:00,1116.2666666666669
2013-12-03 21:00:00,1077.3333333333337
2013-12-03 22:00:00,1038.0444444444445
2013-12-03 23:00:00,988.6222222222224
2013-12-04 00:00:00,920.8888888888888
2013-12-04 01:00:00,860.2666666666667
2013-12-04 02:00:00,820.4444444444445
2013-12-04 03:00:00,812.088888888889
2013-12-04 04:00:00,842.3111111111111
2013-12-04 05:00:00,949.1555555555556
2013-12-04 06:00:00,1035.3777777777775
2013-12-04 07:00:00,1063.4666666666667
2013-12-04 08:00:00,1056.888888888889
2013-12-04 09:00:00,1041.9555555555555
2013-12-04 10:00:00,1028.8
2013-12-04 11:00:00,1010.6666666666669
2013-12-04 12:00:00,1008.7111111111112
2013-12-04 13:00:00,995.0222222222222
2013-12-04 14:00:00,1008.5333333333334
2013-12-04 15:00:00,1113.6
2013-12-04 16:00:00,1161.4222222222222
2013-12-04 17:00:00,1164.088888888889
2013-12-04 18:00:00,1163.2
2013-12-04 19:00:00,1139.9111111111113
2013-12-04 20:00:00,1126.7555555555557
2013-12-04 21:00:00,1082.3111111111111
2013-12-04 22:00:00,1014.5777777777778
2013-12-04 23:00:00,999.8222222222224
2013-12-05 00:00:00,928.3555555555556
2013-12-05 01:00:00,872.0
2013-12-05 02:00:00,834.6666666666667
2013-12-05 03:00:00,820.4444444444445
2013-12-05 04:00:00,865.6
2013-12-05 05:00:00,965.5111111111112
2013-12-05 06:00:00,1070.2222222222222
2013-12-05 07:00:00,1090.8444444444444
2013-12-05 08:00:00,1099.3777777777775
2013-12-05 09:00:00,1102.9333333333334
2013-12-05 10:00:00,1092.2666666666669
2013-12-05 11:00:00,1076.8
2013-12-05 12:00:00,1056.7111111111112
2013-12-05 13:00:00,1054.0444444444445
2013-12-05 14:00:00,1066.6666666666667
2013-12-05 15:00:00,1152.5333333333333
2013-12-05 16:00:00,1185.7777777777778
2013-12-05 17:00:00,1189.6888888888889
2013-12-05 18:00:00,1179.7333333333331
2013-12-05 19:00:00,1157.3333333333337
2013-12-05 20:00:00,1134.4
2013-12-05 21:00:00,1096.177777777778
2013-12-05 22:00:00,1038.2222222222222
2013-12-05 23:00:00,1013.1555555555556
2013-12-06 00:00:00,942.9333333333334
2013-12-06 01:00:00,880.1777777777778
2013-12-06 02:00:00,842.3111111111111
2013-12-06 03:00:00,828.8000000000001
2013-12-06 04:00:00,865.9555555555556
2013-12-06 05:00:00,958.4
2013-12-06 06:00:00,1051.0222222222224
2013-12-06 07:00:00,1062.2222222222222
2013-12-06 08:00:00,1068.4444444444446
2013-12-06 09:00:00,1055.4666666666667
2013-12-06 10:00:00,1049.6
2013-12-06 11:00:00,1049.9555555555555
2013-12-06 12:00:00,1050.6666666666667
2013-12-06 13:00:00,1051.2
2013-12-06 14:00:00,1066.4888888888888
2013-12-06 15:00:00,1136.5333333333333
2013-12-06 16:00:00,1163.0222222222224
2013-12-06 17:00:00,1176.5333333333333
2013-12-06 18:00:00,1157.6888888888889
2013-12-06 19:00:00,1132.2666666666669
2013-12-06 20:00:00,1107.2
2013-12-06 21:00:00,1066.6666666666667
2013-12-06 22:00:00,1031.6444444444444
2013-12-06 23:00:00,996.2666666666668
2013-12-07 00:00:00,933.5111111111112
2013-12-07 01:00:00,861.5111111111112
2013-12-07 02:00:00,824.8888888888889
2013-12-07 03:00:00,813.8666666666667
2013-12-07 04:00:00,832.8888888888889
2013-12-07 05:00:00,865.0666666666667
2013-12-07 06:00:00,941.8666666666668
2013-12-07 07:00:00,1011.5555555555557
2013-12-07 08:00:00,1053.6888888888889
2013-12-07 09:00:00,1054.0444444444445
2013-12-07 10:00:00,1067.911111111111
2013-12-07 11:00:00,1062.0444444444445
2013-12-07 12:00:00,1053.6888888888889
2013-12-07 13:00:00,1033.0666666666666
2013-12-07 14:00:00,1047.288888888889
2013-12-07 15:00:00,1128.0
2013-12-07 16:00:00,1156.088888888889
2013-12-07 17:00:00,1151.288888888889
2013-12-07 18:00:00,1139.2
2013-12-07 19:00:00,1119.111111111111
2013-12-07 20:00:00,1084.6222222222225
2013-12-07 21:00:00,1044.088888888889
2013-12-07 22:00:00,1014.2222222222224
2013-12-07 23:00:00,1000.5333333333334
2013-12-08 00:00:00,935.6444444444444
2013-12-08 01:00:00,867.9111111111112
2013-12-08 02:00:00,824.5333333333334
2013-12-08 03:00:00,800.8888888888889
2013-12-08 04:00:00,802.6666666666667
2013-12-08 05:00:00,826.6666666666667
2013-12-08 06:00:00,869.6888888888889
2013-12-08 07:00:00,936.5333333333334
2013-12-08 08:00:00,997.1555555555556
2013-12-08 09:00:00,1009.7777777777778
2013-12-08 10:00:00,1032.3555555555556
2013-12-08 11:00:00,1023.1111111111112
2013-12-08 12:00:00,1005.1555555555556
2013-12-08 13:00:00,979.7333333333332
2013-12-08 14:00:00,996.8
2013-12-08 15:00:00,1077.1555555555556
2013-12-08 16:00:00,1122.8444444444444
2013-12-08 17:00:00,1121.7777777777778
2013-12-08 18:00:00,1129.4222222222222
2013-12-08 19:00:00,1122.1333333333334
2013-12-08 20:00:00,1093.6888888888889
2013-12-08 21:00:00,1067.3777777777775
2013-12-08 22:00:00,1026.6666666666667
2013-12-08 23:00:00,979.2
2013-12-09 00:00:00,906.4888888888888
2013-12-09 01:00:00,839.2888888888889
2013-12-09 02:00:00,806.0444444444445
2013-12-09 03:00:00,788.6222222222223
2013-12-09 04:00:00,829.6888888888889
2013-12-09 05:00:00,933.6888888888888
2013-12-09 06:00:00,1034.8444444444444
2013-12-09 07:00:00,1072.177777777778
2013-12-09 08:00:00,1079.6444444444444
2013-12-09 09:00:00,1065.4222222222222
2013-12-09 10:00:00,1051.0222222222224
2013-12-09 11:00:00,1027.5555555555557
2013-12-09 12:00:00,1019.377777777778
2013-12-09 13:00:00,1010.3111111111112
2013-12-09 14:00:00,1028.977777777778
2013-12-09 15:00:00,1115.0222222222224
2013-12-09 16:00:00,1145.2444444444443
2013-12-09 17:00:00,1144.888888888889
2013-12-09 18:00:00,1128.7111111111112
2013-12-09 19:00:00,1118.9333333333334
2013-12-09 20:00:00,1082.1333333333334
2013-12-09 21:00:00,1042.8444444444444
2013-12-09 22:00:00,1004.9777777777778
2013-12-09 23:00:00,969.7777777777778
2013-12-10 00:00:00,899.3777777777779
2013-12-10 01:00:00,840.0
2013-12-10 02:00:00,808.0
2013-12-10 03:00:00,794.1333333333333
2013-12-10 04:00:00,825.4222222222222
2013-12-10 05:00:00,917.6888888888888
2013-12-10 06:00:00,1012.8
2013-12-10 07:00:00,1050.6666666666667
2013-12-10 08:00:00,1068.4444444444446
2013-12-10 09:00:00,1055.8222222222223
2013-12-10 10:00:00,1053.6888888888889
2013-12-10 11:00:00,1050.6666666666667
2013-12-10 12:00:00,1025.6
2013-12-10 13:00:00,1009.4222222222222
2013-12-10 14:00:00,1017.2444444444444
2013-12-10 15:00:00,1107.911111111111
2013-12-10 16:00:00,1148.977777777778
2013-12-10 17:00:00,1151.111111111111
2013-12-10 18:00:00,1153.6
2013-12-10 19:00:00,1141.3333333333337
2013-12-10 20:00:00,1112.888888888889
2013-12-10 21:00:00,1076.6222222222225
2013-12-10 22:00:00,1030.9333333333334
2013-12-10 23:00:00,989.8666666666668
2013-12-11 00:00:00,923.5555555555557
2013-12-11 01:00:00,865.4222222222222
2013-12-11 02:00:00,824.1777777777778
2013-12-11 03:00:00,814.9333333333334
2013-12-11 04:00:00,847.6444444444445
2013-12-11 05:00:00,961.2444444444444
2013-12-11 06:00:00,1044.8
2013-12-11 07:00:00,1069.6888888888889
2013-12-11 08:00:00,1078.5777777777778
2013-12-11 09:00:00,1064.0
2013-12-11 10:00:00,1056.5333333333333
2013-12-11 11:00:00,1029.6888888888889
2013-12-11 12:00:00,1019.9111111111112
2013-12-11 13:00:00,1008.1777777777778
2013-12-11 14:00:00,1027.3777777777775
2013-12-11 15:00:00,1132.977777777778
2013-12-11 16:00:00,1178.1333333333334
2013-12-11 17:00:00,1183.8222222222223
2013-12-11 18:00:00,1177.4222222222222
2013-12-11 19:00:00,1159.4666666666667
2013-12-11 20:00:00,1136.7111111111112
2013-12-11 21:00:00,1101.5111111111112
2013-12-11 22:00:00,1060.977777777778
2013-12-11 23:00:00,1009.9555555555556
2013-12-12 00:00:00,942.5777777777778
2013-12-12 01:00:00,883.0222222222222
2013-12-12 02:00:00,845.6888888888889
2013-12-12 03:00:00,834.1333333333333
2013-12-12 04:00:00,864.8888888888889
2013-12-12 05:00:00,971.9111111111112
2013-12-12 06:00:00,1065.7777777777778
2013-12-12 07:00:00,1091.0222222222224
2013-12-12 08:00:00,1098.8444444444444
2013-12-12 09:00:00,1087.111111111111
2013-12-12 10:00:00,1072.3555555555556
2013-12-12 11:00:00,1056.7111111111112
2013-12-12 12:00:00,1049.9555555555555
2013-12-12 13:00:00,1039.4666666666667
2013-12-12 14:00:00,1058.3111111111111
2013-12-12 15:00:00,1151.4666666666667
2013-12-12 16:00:00,1186.4888888888888
2013-12-12 17:00:00,1187.0222222222224
2013-12-12 18:00:00,1185.9555555555555
2013-12-12 19:00:00,1165.6888888888889
2013-12-12 20:00:00,1134.9333333333334
2013-12-12 21:00:00,1098.6666666666667
2013-12-12 22:00:00,1055.4666666666667
2013-12-12 23:00:00,1005.8666666666668
2013-12-13 00:00:00,931.7333333333332
2013-12-13 01:00:00,871.6444444444445
2013-12-13 02:00:00,837.5111111111112
2013-12-13 03:00:00,831.2888888888889
2013-12-13 04:00:00,862.4
2013-12-13 05:00:00,958.0444444444444
2013-12-13 06:00:00,1054.0444444444445
2013-12-13 07:00:00,1074.4888888888888
2013-12-13 08:00:00,1079.6444444444444
2013-12-13 09:00:00,1068.088888888889
2013-12-13 10:00:00,1054.5777777777778
2013-12-13 11:00:00,1029.8666666666668
2013-12-13 12:00:00,1010.3111111111112
2013-12-13 13:00:00,998.2222222222224
2013-12-13 14:00:00,1016.5333333333334
2013-12-13 15:00:00,1119.6444444444444
2013-12-13 16:00:00,1168.3555555555556
2013-12-13 17:00:00,1169.4222222222222
2013-12-13 18:00:00,1158.4
2013-12-13 19:00:00,1137.0666666666666
2013-12-13 20:00:00,1108.4444444444446
2013-12-13 21:00:00,1072.3555555555556
2013-12-13 22:00:00,1044.4444444444446
2013-12-13 23:00:00,1008.7111111111112
2013-12-14 00:00:00,946.3111111111112
2013-12-14 01:00:00,887.1111111111112
2013-12-14 02:00:00,843.0222222222222
2013-12-14 03:00:00,829.5111111111112
2013-12-14 04:00:00,841.2444444444445
2013-12-14 05:00:00,885.5111111111112
2013-12-14 06:00:00,955.2
2013-12-14 07:00:00,1023.1111111111112
2013-12-14 08:00:00,1070.7555555555557
2013-12-14 09:00:00,1067.3777777777775
2013-12-14 10:00:00,1069.6888888888889
2013-12-14 11:00:00,1064.0
2013-12-14 12:00:00,1057.9555555555555
2013-12-14 13:00:00,1049.4222222222222
2013-12-14 14:00:00,1069.8666666666668
2013-12-14 15:00:00,1140.4444444444446
2013-12-14 16:00:00,1158.9333333333334
2013-12-14 17:00:00,1155.0222222222224
2013-12-14 18:00:00,1153.9555555555555
2013-12-14 19:00:00,1126.4
2013-12-14 20:00:00,1096.5333333333333
2013-12-14 21:00:00,1062.9333333333334
2013-12-14 22:00:00,1031.6444444444444
2013-12-14 23:00:00,1016.7111111111112
2013-12-15 00:00:00,944.8888888888888
2013-12-15 01:00:00,881.4222222222222
2013-12-15 02:00:00,838.0444444444445
2013-12-15 03:00:00,810.3111111111111
2013-12-15 04:00:00,810.8444444444444
2013-12-15 05:00:00,843.9111111111112
2013-12-15 06:00:00,885.8666666666667
2013-12-15 07:00:00,953.7777777777778
2013-12-15 08:00:00,1020.088888888889
2013-12-15 09:00:00,1056.0
2013-12-15 10:00:00,1079.288888888889
2013-12-15 11:00:00,1078.2222222222222
2013-12-15 12:00:00,1062.7555555555557
2013-12-15 13:00:00,1042.8444444444444
2013-12-15 14:00:00,1042.4888888888888
2013-12-15 15:00:00,1128.3555555555556
2013-12-15 16:00:00,1149.1555555555556
2013-12-15 17:00:00,1148.2666666666669
2013-12-15 18:00:00,1150.0444444444445
2013-12-15 19:00:00,1147.0222222222224
2013-12-15 20:00:00,1123.5555555555557
2013-12-15 21:00:00,1101.3333333333337
2013-12-15 22:00:00,1057.2444444444443
2013-12-15 23:00:00,1003.2
2013-12-16 00:00:00,930.1333333333332
2013-12-16 01:00:00,863.6444444444445
2013-12-16 02:00:00,829.5111111111112
2013-12-16 03:00:00,815.6444444444445
2013-12-16 04:00:00,856.8888888888889
2013-12-16 05:00:00,963.2
2013-12-16 06:00:00,1066.4888888888888
2013-12-16 07:00:00,1105.6
2013-12-16 08:00:00,1121.4222222222222
2013-12-16 09:00:00,1108.088888888889
2013-12-16 10:00:00,1112.5333333333333
2013-12-16 11:00:00,1091.911111111111
2013-12-16 12:00:00,1092.977777777778
2013-12-16 13:00:00,1072.0
2013-12-16 14:00:00,1094.2222222222222
2013-12-16 15:00:00,1166.5777777777778
2013-12-16 16:00:00,1188.8
2013-12-16 17:00:00,1195.5555555555557
2013-12-16 18:00:00,1195.2
2013-12-16 19:00:00,1171.5555555555557
2013-12-16 20:00:00,1133.5111111111112
2013-12-16 21:00:00,1094.9333333333334
2013-12-16 22:00:00,1068.977777777778
2013-12-16 23:00:00,1016.5333333333334
2013-12-17 00:00:00,941.6888888888888
2013-12-17 01:00:00,884.9777777777778
2013-12-17 02:00:00,847.6444444444445
2013-12-17 03:00:00,834.6666666666667
2013-12-17 04:00:00,858.3111111111111
2013-12-17 05:00:00,958.5777777777778
2013-12-17 06:00:00,1063.111111111111
2013-12-17 07:00:00,1101.6888888888889
2013-12-17 08:00:00,1119.111111111111
2013-12-17 09:00:00,1117.6888888888889
2013-12-17 10:00:00,1108.977777777778
2013-12-17 11:00:00,1095.4666666666667
2013-12-17 12:00:00,1081.6
2013-12-17 13:00:00,1072.3555555555556
2013-12-17 14:00:00,1090.3111111111111
2013-12-17 15:00:00,1166.5777777777778
2013-12-17 16:00:00,1205.5111111111112
2013-12-17 17:00:00,1207.111111111111
2013-12-17 18:00:00,1194.6666666666667
2013-12-17 19:00:00,1163.7333333333331
2013-12-17 20:00:00,1141.8666666666668
2013-12-17 21:00:00,1126.5777777777778
2013-12-17 22:00:00,1090.1333333333334
2013-12-17 23:00:00,1034.3111111111111
2013-12-18 00:00:00,965.3333333333334
2013-12-18 01:00:00,901.5111111111112
2013-12-18 02:00:00,856.1777777777778
2013-12-18 03:00:00,843.2
2013-12-18 04:00:00,868.2666666666667
2013-12-18 05:00:00,976.3555555555556
2013-12-18 06:00:00,1077.5111111111112
2013-12-18 07:00:00,1118.2222222222222
2013-12-18 08:00:00,1129.4222222222222
2013-12-18 09:00:00,1116.4444444444446
2013-12-18 10:00:00,1110.9333333333334
2013-12-18 11:00:00,1094.7555555555557
2013-12-18 12:00:00,1082.8444444444444
2013-12-18 13:00:00,1074.8444444444444
2013-12-18 14:00:00,1083.7333333333331
2013-12-18 15:00:00,1176.7111111111112
2013-12-18 16:00:00,1232.0
2013-12-18 17:00:00,1226.1333333333334
2013-12-18 18:00:00,1211.2
2013-12-18 19:00:00,1192.3555555555556
2013-12-18 20:00:00,1162.1333333333334
2013-12-18 21:00:00,1152.5333333333333
2013-12-18 22:00:00,1096.7111111111112
2013-12-18 23:00:00,1052.6222222222225
2013-12-19 00:00:00,973.8666666666668
2013-12-19 01:00:00,898.6666666666667
2013-12-19 02:00:00,857.9555555555556
2013-12-19 03:00:00,843.5555555555555
2013-12-19 04:00:00,869.8666666666667
2013-12-19 05:00:00,960.1777777777778
2013-12-19 06:00:00,1060.8
2013-12-19 07:00:00,1102.9333333333334
2013-12-19 08:00:00,1124.088888888889
2013-12-19 09:00:00,1116.088888888889
2013-12-19 10:00:00,1114.4888888888888
2013-12-19 11:00:00,1091.0222222222224
2013-12-19 12:00:00,1054.9333333333334
2013-12-19 13:00:00,1019.0222222222222
2013-12-19 14:00:00,1018.1333333333332
2013-12-19 15:00:00,1092.4444444444446
2013-12-19 16:00:00,1131.3777777777775
2013-12-19 17:00:00,1119.4666666666667
2013-12-19 18:00:00,1100.977777777778
2013-12-19 19:00:00,1078.7555555555557
2013-12-19 20:00:00,1070.0444444444445
2013-12-19 21:00:00,1058.6666666666667
2013-12-19 22:00:00,1049.2444444444443
2013-12-19 23:00:00,1022.4
2013-12-20 00:00:00,953.9555555555556
2013-12-20 01:00:00,884.4444444444445
2013-12-20 02:00:00,847.6444444444445
2013-12-20 03:00:00,833.2444444444445
2013-12-20 04:00:00,866.8444444444444
2013-12-20 05:00:00,952.0
2013-12-20 06:00:00,1060.4444444444446
2013-12-20 07:00:00,1100.977777777778
2013-12-20 08:00:00,1110.4
2013-12-20 09:00:00,1097.9555555555555
2013-12-20 10:00:00,1077.8666666666668
2013-12-20 11:00:00,1061.6888888888889
2013-12-20 12:00:00,1047.4666666666667
2013-12-20 13:00:00,1027.5555555555557
2013-12-20 14:00:00,1040.0
2013-12-20 15:00:00,1133.6888888888889
2013-12-20 16:00:00,1176.5333333333333
2013-12-20 17:00:00,1160.888888888889
2013-12-20 18:00:00,1156.977777777778
2013-12-20 19:00:00,1132.2666666666669
2013-12-20 20:00:00,1102.7555555555557
2013-12-20 21:00:00,1080.0
2013-12-20 22:00:00,1049.6
2013-12-20 23:00:00,1031.111111111111
2013-12-21 00:00:00,959.4666666666668
2013-12-21 01:00:00,896.5333333333334
2013-12-21 02:00:00,855.2888888888889
2013-12-21 03:00:00,834.3111111111111
2013-12-21 04:00:00,844.9777777777778
2013-12-21 05:00:00,890.8444444444444
2013-12-21 06:00:00,952.7111111111112
2013-12-21 07:00:00,1023.1111111111112
2013-12-21 08:00:00,1067.7333333333331
2013-12-21 09:00:00,1058.6666666666667
2013-12-21 10:00:00,1054.9333333333334
2013-12-21 11:00:00,1045.5111111111112
2013-12-21 12:00:00,1034.3111111111111
2013-12-21 13:00:00,1015.6444444444444
2013-12-21 14:00:00,1030.7555555555557
2013-12-21 15:00:00,1123.2
2013-12-21 16:00:00,1168.3555555555556
2013-12-21 17:00:00,1162.1333333333334
2013-12-21 18:00:00,1145.0666666666666
2013-12-21 19:00:00,1136.0
2013-12-21 20:00:00,1103.6444444444444
2013-12-21 21:00:00,1068.6222222222225
2013-12-21 22:00:00,1026.4888888888888
2013-12-21 23:00:00,1027.0222222222224
2013-12-22 00:00:00,959.1111111111112
2013-12-22 01:00:00,888.5333333333334
2013-12-22 02:00:00,839.6444444444445
2013-12-22 03:00:00,813.6888888888889
2013-12-22 04:00:00,814.0444444444445
2013-12-22 05:00:00,841.6
2013-12-22 06:00:00,886.0444444444445
2013-12-22 07:00:00,953.4222222222222
2013-12-22 08:00:00,1004.6222222222224
2013-12-22 09:00:00,1020.6222222222224
2013-12-22 10:00:00,1022.5777777777778
2013-12-22 11:00:00,1016.5333333333334
2013-12-22 12:00:00,1001.0666666666668
2013-12-22 13:00:00,977.7777777777778
2013-12-22 14:00:00,986.4888888888888
2013-12-22 15:00:00,1069.6888888888889
2013-12-22 16:00:00,1121.6
2013-12-22 17:00:00,1118.2222222222222
2013-12-22 18:00:00,1134.5777777777778
2013-12-22 19:00:00,1124.977777777778
2013-12-22 20:00:00,1099.911111111111
2013-12-22 21:00:00,1077.3333333333337
2013-12-22 22:00:00,1024.5333333333333
2013-12-22 23:00:00,997.688888888889
2013-12-23 00:00:00,921.6
2013-12-23 01:00:00,871.1111111111112
2013-12-23 02:00:00,824.5333333333334
2013-12-23 03:00:00,817.9555555555556
2013-12-23 04:00:00,844.8000000000001
2013-12-23 05:00:00,939.5555555555557
2013-12-23 06:00:00,1038.4
2013-12-23 07:00:00,1083.0222222222224
2013-12-23 08:00:00,1098.6666666666667
2013-12-23 09:00:00,1085.6888888888889
2013-12-23 10:00:00,1057.7777777777778
2013-12-23 11:00:00,1035.911111111111
2013-12-23 12:00:00,1018.6666666666669
2013-12-23 13:00:00,1008.1777777777778
2013-12-23 14:00:00,1022.0444444444444
2013-12-23 15:00:00,1107.911111111111
2013-12-23 16:00:00,1151.8222222222223
2013-12-23 17:00:00,1163.5555555555557
2013-12-23 18:00:00,1155.5555555555557
2013-12-23 19:00:00,1132.2666666666669
2013-12-23 20:00:00,1097.0666666666666
2013-12-23 21:00:00,1094.5777777777778
2013-12-23 22:00:00,1041.0666666666666
2013-12-23 23:00:00,1024.7111111111112
2013-12-24 00:00:00,950.4
2013-12-24 01:00:00,882.4888888888889
2013-12-24 02:00:00,844.088888888889
2013-12-24 03:00:00,830.4
2013-12-24 04:00:00,853.8666666666667
2013-12-24 05:00:00,950.7555555555556
2013-12-24 06:00:00,1040.7111111111112
2013-12-24 07:00:00,1077.5111111111112
2013-12-24 08:00:00,1084.977777777778
2013-12-24 09:00:00,1078.0444444444445
2013-12-24 10:00:00,1059.911111111111
2013-12-24 11:00:00,1037.1555555555556
2013-12-24 12:00:00,1019.377777777778
2013-12-24 13:00:00,998.0444444444444
2013-12-24 14:00:00,1014.5777777777778
2013-12-24 15:00:00,1121.0666666666666
2013-12-24 16:00:00,1166.4
2013-12-24 17:00:00,1173.8666666666668
2013-12-24 18:00:00,1163.3777777777775
2013-12-24 19:00:00,1138.4888888888888
2013-12-24 20:00:00,1110.0444444444445
2013-12-24 21:00:00,1092.088888888889
2013-12-24 22:00:00,1034.8444444444444
2013-12-24 23:00:00,1024.3555555555556
2013-12-25 00:00:00,948.6222222222224
2013-12-25 01:00:00,878.4
2013-12-25 02:00:00,838.4
2013-12-25 03:00:00,824.3555555555556
2013-12-25 04:00:00,851.9111111111112
2013-12-25 05:00:00,935.8222222222224
2013-12-25 06:00:00,1023.4666666666668
2013-12-25 07:00:00,1065.7777777777778
2013-12-25 08:00:00,1076.4444444444446
2013-12-25 09:00:00,1053.8666666666668
2013-12-25 10:00:00,1040.7111111111112
2013-12-25 11:00:00,1015.1111111111112
2013-12-25 12:00:00,989.5111111111112
2013-12-25 13:00:00,976.3555555555556
2013-12-25 14:00:00,997.5111111111112
2013-12-25 15:00:00,1093.6888888888889
2013-12-25 16:00:00,1136.177777777778
2013-12-25 17:00:00,1142.2222222222222
2013-12-25 18:00:00,1137.0666666666666
2013-12-25 19:00:00,1119.288888888889
2013-12-25 20:00:00,1094.0444444444445
2013-12-25 21:00:00,1072.5333333333333
2013-12-25 22:00:00,1024.0
2013-12-25 23:00:00,1001.2444444444444
2013-12-26 00:00:00,917.8666666666668
2013-12-26 01:00:00,858.4888888888889
2013-12-26 02:00:00,817.6
2013-12-26 03:00:00,801.4222222222222
2013-12-26 04:00:00,828.088888888889
2013-12-26 05:00:00,924.8
2013-12-26 06:00:00,991.2888888888888
2013-12-26 07:00:00,1026.4888888888888
2013-12-26 08:00:00,1037.6888888888889
2013-12-26 09:00:00,1033.7777777777778
2013-12-26 10:00:00,1014.4
2013-12-26 11:00:00,1009.2444444444444
2013-12-26 12:00:00,1011.5555555555557
2013-12-26 13:00:00,1004.9777777777778
2013-12-26 14:00:00,1026.3111111111111
2013-12-26 15:00:00,1096.888888888889
2013-12-26 16:00:00,1117.8666666666668
2013-12-26 17:00:00,1140.2666666666669
2013-12-26 18:00:00,1120.888888888889
2013-12-26 19:00:00,1103.288888888889
2013-12-26 20:00:00,1074.4888888888888
2013-12-26 21:00:00,1054.0444444444445
2013-12-26 22:00:00,1001.7777777777778
2013-12-26 23:00:00,975.8222222222224
2013-12-27 00:00:00,902.2222222222224
2013-12-27 01:00:00,836.4444444444445
2013-12-27 02:00:00,801.4222222222222
2013-12-27 03:00:00,779.5555555555555
2013-12-27 04:00:00,801.2444444444445
2013-12-27 05:00:00,888.0
2013-12-27 06:00:00,959.6444444444444
2013-12-27 07:00:00,1012.2666666666668
2013-12-27 08:00:00,1024.3555555555556
2013-12-27 09:00:00,1011.0222222222222
2013-12-27 10:00:00,991.4666666666668
2013-12-27 11:00:00,994.1333333333332
2013-12-27 12:00:00,982.5777777777778
2013-12-27 13:00:00,970.8444444444444
2013-12-27 14:00:00,983.1111111111112
2013-12-27 15:00:00,1060.088888888889
2013-12-27 16:00:00,1100.4444444444446
2013-12-27 17:00:00,1100.2666666666669
2013-12-27 18:00:00,1089.9555555555555
2013-12-27 19:00:00,1065.6
2013-12-27 20:00:00,1044.4444444444446
2013-12-27 21:00:00,1009.0666666666668
2013-12-27 22:00:00,968.5333333333334
2013-12-27 23:00:00,956.2666666666668
2013-12-28 00:00:00,883.0222222222222
2013-12-28 01:00:00,816.8888888888889
2013-12-28 02:00:00,779.7333333333333
2013-12-28 03:00:00,757.8666666666667
2013-12-28 04:00:00,765.6888888888889
2013-12-28 05:00:00,813.5111111111112
2013-12-28 06:00:00,866.3111111111111
2013-12-28 07:00:00,934.7555555555556
2013-12-28 08:00:00,967.1111111111112
2013-12-28 09:00:00,966.2222222222224
2013-12-28 10:00:00,955.2
2013-12-28 11:00:00,937.0666666666668
2013-12-28 12:00:00,922.3111111111112
2013-12-28 13:00:00,909.1555555555556
2013-12-28 14:00:00,920.0
2013-12-28 15:00:00,1025.7777777777778
2013-12-28 16:00:00,1076.6222222222225
2013-12-28 17:00:00,1076.8
2013-12-28 18:00:00,1065.0666666666666
2013-12-28 19:00:00,1048.0
2013-12-28 20:00:00,1005.3333333333334
2013-12-28 21:00:00,986.6666666666669
2013-12-28 22:00:00,953.2444444444444
2013-12-28 23:00:00,936.8888888888888
2013-12-29 00:00:00,873.0666666666667
2013-12-29 01:00:00,799.2888888888889
2013-12-29 02:00:00,742.5777777777778
2013-12-29 03:00:00,725.3333333333334
2013-12-29 04:00:00,720.5333333333334
2013-12-29 05:00:00,763.5555555555555
2013-12-29 06:00:00,800.3555555555556
2013-12-29 07:00:00,869.1555555555556
2013-12-29 08:00:00,917.6888888888888
2013-12-29 09:00:00,947.7333333333332
2013-12-29 10:00:00,950.0444444444444
2013-12-29 11:00:00,941.6888888888888
2013-12-29 12:00:00,929.4222222222222
2013-12-29 13:00:00,909.8666666666668
2013-12-29 14:00:00,928.7111111111112
2013-12-29 15:00:00,1019.7333333333332
2013-12-29 16:00:00,1063.4666666666667
2013-12-29 17:00:00,1061.6888888888889
2013-12-29 18:00:00,1061.1555555555556
2013-12-29 19:00:00,1047.8222222222223
2013-12-29 20:00:00,1030.0444444444445
2013-12-29 21:00:00,1019.7333333333332
2013-12-29 22:00:00,975.4666666666668
2013-12-29 23:00:00,949.5111111111112
2013-12-30 00:00:00,879.4666666666667
2013-12-30 01:00:00,807.6444444444445
2013-12-30 02:00:00,771.3777777777779
2013-12-30 03:00:00,745.2444444444445
2013-12-30 04:00:00,768.0
2013-12-30 05:00:00,854.9333333333334
2013-12-30 06:00:00,928.3555555555556
2013-12-30 07:00:00,995.9111111111112
2013-12-30 08:00:00,1027.0222222222224
2013-12-30 09:00:00,1029.6888888888889
2013-12-30 10:00:00,1019.7333333333332
2013-12-30 11:00:00,1008.3555555555556
2013-12-30 12:00:00,996.2666666666668
2013-12-30 13:00:00,987.9111111111112
2013-12-30 14:00:00,1000.8888888888888
2013-12-30 15:00:00,1078.0444444444445
2013-12-30 16:00:00,1120.177777777778
2013-12-30 17:00:00,1120.177777777778
2013-12-30 18:00:00,1113.0666666666666
2013-12-30 19:00:00,1100.977777777778
2013-12-30 20:00:00,1073.2444444444443
2013-12-30 21:00:00,1056.5333333333333
2013-12-30 22:00:00,1012.088888888889
2013-12-30 23:00:00,995.5555555555557
2013-12-31 00:00:00,917.3333333333334
2013-12-31 01:00:00,834.1333333333333
2013-12-31 02:00:00,790.5777777777778
2013-12-31 03:00:00,756.4444444444445
2013-12-31 04:00:00,772.088888888889
2013-12-31 05:00:00,835.3777777777779
2013-12-31 06:00:00,912.5333333333334
2013-12-31 07:00:00,974.4
2013-12-31 08:00:00,1013.8666666666668
2013-12-31 09:00:00,1034.4888888888888
2013-12-31 10:00:00,1027.7333333333331
2013-12-31 11:00:00,1024.5333333333333
2013-12-31 12:00:00,1020.088888888889
2013-12-31 13:00:00,1017.2444444444444
2013-12-31 14:00:00,1046.9333333333334
2013-12-31 15:00:00,1140.977777777778
2013-12-31 16:00:00,1179.3777777777775
2013-12-31 17:00:00,1173.1555555555556
2013-12-31 18:00:00,1136.3555555555556
2013-12-31 19:00:00,1071.288888888889
2013-12-31 20:00:00,995.377777777778
2013-12-31 21:00:00,946.4888888888888
2013-12-31 22:00:00,927.1111111111112
2013-12-31 23:00:00,934.5777777777778
