Link,carrier,p_nom_opt,p_nom,p_nom_max,p_nom_extendable,active
BG offshore 0 co2 stored pipeline-2050,CO2 pipeline,2.299439104277285,0.0,inf,True,True
GBD offshore 0 co2 stored pipeline-2050,CO2 pipeline,390.5866063531901,0.0,inf,True,True
GBE offshore 0 co2 stored pipeline-2050,CO2 pipeline,0.6986661117297247,0.0,inf,True,True
GBE offshore 1 co2 stored pipeline-2050,CO2 pipeline,0.00047019122148010375,0.0,inf,True,True
GBF offshore 0 co2 stored pipeline-2050,CO2 pipeline,67.36714774961226,0.0,inf,True,True
GBH offshore 0 co2 stored pipeline-2050,CO2 pipeline,57.33482740860065,0.0,inf,True,True
GBL offshore 0 co2 stored pipeline-2050,CO2 pipeline,13.039633648566673,0.0,inf,True,True
GBM offshore 0 co2 stored pipeline-2050,CO2 pipeline,30.412743039148182,0.0,inf,True,True
GR5 offshore 0 co2 stored pipeline-2050,CO2 pipeline,80.7790787562162,0.0,inf,True,True
NL3 offshore 0 co2 stored pipeline-2050,CO2 pipeline,53.64843571455071,0.0,inf,True,True
NL3 offshore 1 co2 stored pipeline-2050,CO2 pipeline,0.00033339213236203714,0.0,inf,True,True
NO0A offshore 0 co2 stored pipeline-2050,CO2 pipeline,0.00018202930525096112,0.0,inf,True,True
H2 pipeline AL0 -> GR5-2050,H2 pipeline,320.254567444683,0.0,inf,True,True
H2 pipeline AL0 -> ME0-2050,H2 pipeline,314.5424577254978,0.0,inf,True,True
H2 pipeline AL0 -> MK0-2050,H2 pipeline,0.004498622521258266,0.0,inf,True,True
H2 pipeline AL0 -> XK-2050,H2 pipeline,0.005124143203263309,0.0,inf,True,True
H2 pipeline AT -> CH0-2050,H2 pipeline,0.008397522648136299,0.0,inf,True,True
H2 pipeline AT -> CZ0-2050,H2 pipeline,389.2719703475379,0.0,inf,True,True
H2 pipeline AT -> DE1-2050,H2 pipeline,0.03668090653056621,0.0,inf,True,True
H2 pipeline AT -> HU-2050,H2 pipeline,0.011025341093847639,0.0,inf,True,True
H2 pipeline AT -> SI0-2050,H2 pipeline,0.022910912201783526,0.0,inf,True,True
H2 pipeline BA -> HR-2050,H2 pipeline,275.063877490209,0.0,inf,True,True
H2 pipeline BA -> ME0-2050,H2 pipeline,449.7781211484456,0.0,inf,True,True
H2 pipeline BA -> RS-2050,H2 pipeline,0.006647295580916103,0.0,inf,True,True
H2 pipeline BE1+1 -> FRE-2050,H2 pipeline,63.25109979649047,0.0,inf,True,True
H2 pipeline BE1+1 -> GBJ-2050,H2 pipeline,2276.2446498780228,0.0,inf,True,True
H2 pipeline BE3 -> FRF-2050,H2 pipeline,0.023456032849841595,0.0,inf,True,True
H2 pipeline BE3 -> LU0-2050,H2 pipeline,0.03424829645485712,0.0,inf,True,True
H2 pipeline BG -> MK0-2050,H2 pipeline,0.008099424423648164,0.0,inf,True,True
H2 pipeline BG -> RO-2050,H2 pipeline,341.9363292609594,0.0,inf,True,True
H2 pipeline BG -> RS-2050,H2 pipeline,0.00182273816298955,0.0,inf,True,True
H2 pipeline CH0 -> DE1-2050,H2 pipeline,12.89981570291326,0.0,inf,True,True
H2 pipeline CH0 -> FRC-2050,H2 pipeline,0.0997046993487536,0.0,inf,True,True
H2 pipeline CH0 -> FRF-2050,H2 pipeline,164.76000027482718,0.0,inf,True,True
H2 pipeline CH0 -> FRK-2050,H2 pipeline,0.008832755921370198,0.0,inf,True,True
H2 pipeline CH0 -> ITC-2050,H2 pipeline,0.036359612367790284,0.0,inf,True,True
H2 pipeline CZ0 -> PL2-2050,H2 pipeline,0.045640806418795254,0.0,inf,True,True
H2 pipeline CZ0 -> PL5-2050,H2 pipeline,0.011545689958491645,0.0,inf,True,True
H2 pipeline DE1 -> DE2-2050,H2 pipeline,0.020622398883624524,0.0,inf,True,True
H2 pipeline DE1 -> DE9-2050,H2 pipeline,1.6275899482311607,0.0,inf,True,True
H2 pipeline DE1 -> DEA-2050,H2 pipeline,0.03754348406897131,0.0,inf,True,True
H2 pipeline DE1 -> DEF-2050,H2 pipeline,0.0875880355529019,0.0,inf,True,True
H2 pipeline DE2 -> DE8-2050,H2 pipeline,0.005858456255528421,0.0,inf,True,True
H2 pipeline DE2 -> DED-2050,H2 pipeline,0.005023444164932888,0.0,inf,True,True
H2 pipeline DE2 -> DEE-2050,H2 pipeline,0.016603435818573296,0.0,inf,True,True
H2 pipeline DE2 -> DEF-2050,H2 pipeline,0.04995802321474249,0.0,inf,True,True
H2 pipeline DE2 -> DEG-2050,H2 pipeline,0.01552615465974409,0.0,inf,True,True
H2 pipeline DE4 -> DEE-2050,H2 pipeline,0.005831206188314752,0.0,inf,True,True
H2 pipeline DE7 -> DE9-2050,H2 pipeline,12.4320473381574,0.0,inf,True,True
H2 pipeline DE7 -> DEA-2050,H2 pipeline,0.011871806055170133,0.0,inf,True,True
H2 pipeline DE7 -> DEG-2050,H2 pipeline,0.08397250506794553,0.0,inf,True,True
H2 pipeline DE8 -> DEE-2050,H2 pipeline,0.009236068510769836,0.0,inf,True,True
H2 pipeline DE8 -> DEF-2050,H2 pipeline,96.07312326998547,0.0,inf,True,True
H2 pipeline DE8 -> DK0-2050,H2 pipeline,1126.6555174625555,0.0,inf,True,True
H2 pipeline DE8 -> SE2-2050,H2 pipeline,143.86042532057863,0.0,inf,True,True
H2 pipeline DE9 -> DED-2050,H2 pipeline,0.036768871420172704,0.0,inf,True,True
H2 pipeline DE9 -> DEE-2050,H2 pipeline,0.07107018859488032,0.0,inf,True,True
H2 pipeline DE9 -> GBJ-2050,H2 pipeline,0.0036161843242506512,0.0,inf,True,True
H2 pipeline DEA -> DEF-2050,H2 pipeline,0.08047808123376968,0.0,inf,True,True
H2 pipeline DEA -> FRF-2050,H2 pipeline,0.008489223113401017,0.0,inf,True,True
H2 pipeline DEA -> NL2-2050,H2 pipeline,1019.0865154730399,0.0,inf,True,True
H2 pipeline DEB -> LU0-2050,H2 pipeline,0.019910108989797528,0.0,inf,True,True
H2 pipeline DED -> DEG-2050,H2 pipeline,0.007518953934363677,0.0,inf,True,True
H2 pipeline DED -> PL5-2050,H2 pipeline,0.07181177318498215,0.0,inf,True,True
H2 pipeline DEE -> DEG-2050,H2 pipeline,0.05490492483699253,0.0,inf,True,True
H2 pipeline DEF -> NO09-2050,H2 pipeline,0.0027102918566537034,0.0,inf,True,True
H2 pipeline DEF -> SE2-2050,H2 pipeline,0.004810150341891377,0.0,inf,True,True
H2 pipeline DK0 -> GBF-2050,H2 pipeline,0.004615865463610706,0.0,inf,True,True
H2 pipeline DK0 -> NL1-2050,H2 pipeline,0.027867880172024906,0.0,inf,True,True
H2 pipeline DK0 -> NO09-2050,H2 pipeline,0.0038041312824497082,0.0,inf,True,True
H2 pipeline DK0 -> SE2-2050,H2 pipeline,0.0113375510665167,0.0,inf,True,True
H2 pipeline EE0 -> FI1C-2050,H2 pipeline,66.39332918290935,0.0,inf,True,True
H2 pipeline ES1 -> PT1-2050,H2 pipeline,152.5218224588196,0.0,inf,True,True
H2 pipeline ES2 -> FRI-2050,H2 pipeline,226.37377455861412,0.0,inf,True,True
H2 pipeline ES2 -> FRJ-2050,H2 pipeline,0.023319963922287405,0.0,inf,True,True
H2 pipeline ES4 -> ES5-2050,H2 pipeline,0.003412760484211864,0.0,inf,True,True
H2 pipeline ES5 -> FRJ-2050,H2 pipeline,310.5447392534685,0.0,inf,True,True
H2 pipeline ES6 -> PT1-2050,H2 pipeline,0.10844601176201066,0.0,inf,True,True
H2 pipeline FI19 -> FI1B-2050,H2 pipeline,163.79735333524164,0.0,inf,True,True
H2 pipeline FI19 -> SE1-2050,H2 pipeline,0.0027870899857543726,0.0,inf,True,True
H2 pipeline FI19 -> SE3-2050,H2 pipeline,0.0028380688091841273,0.0,inf,True,True
H2 pipeline FI1C -> FI1D-2050,H2 pipeline,0.005090394197495449,0.0,inf,True,True
H2 pipeline FI1D -> NO07-2050,H2 pipeline,0.0030810662022860047,0.0,inf,True,True
H2 pipeline FR1 -> FRB-2050,H2 pipeline,77.95445715758706,0.0,inf,True,True
H2 pipeline FR1 -> FRC-2050,H2 pipeline,0.0697887343239036,0.0,inf,True,True
H2 pipeline FR1 -> FRD-2050,H2 pipeline,381.4582140682013,0.0,inf,True,True
H2 pipeline FR1 -> FRF-2050,H2 pipeline,68.63601123318372,0.0,inf,True,True
H2 pipeline FRB -> FRC-2050,H2 pipeline,0.019110695150359732,0.0,inf,True,True
H2 pipeline FRB -> FRG-2050,H2 pipeline,233.7635223835059,0.0,inf,True,True
H2 pipeline FRB -> FRI-2050,H2 pipeline,0.004837948631048522,0.0,inf,True,True
H2 pipeline FRB -> FRJ-2050,H2 pipeline,0.004568603623071755,0.0,inf,True,True
H2 pipeline FRB -> FRK-2050,H2 pipeline,0.016580706436510734,0.0,inf,True,True
H2 pipeline FRD -> FRE-2050,H2 pipeline,0.012379135679595931,0.0,inf,True,True
H2 pipeline FRD -> FRG-2050,H2 pipeline,608.5170428666651,0.0,inf,True,True
H2 pipeline FRD -> FRH-2050,H2 pipeline,0.009620371486034495,0.0,inf,True,True
H2 pipeline FRD -> GBJ-2050,H2 pipeline,519.4466908734693,0.0,inf,True,True
H2 pipeline FRE -> GBJ-2050,H2 pipeline,1939.4125872988664,0.0,inf,True,True
H2 pipeline FRF -> LU0-2050,H2 pipeline,0.042141190121690535,0.0,inf,True,True
H2 pipeline FRG -> FRH-2050,H2 pipeline,0.05423918837792004,0.0,inf,True,True
H2 pipeline FRG -> FRI-2050,H2 pipeline,374.85546891852584,0.0,inf,True,True
H2 pipeline FRH -> IE0-2050,H2 pipeline,189.19892459531798,0.0,inf,True,True
H2 pipeline FRI -> FRJ-2050,H2 pipeline,148.52255088618884,0.0,inf,True,True
H2 pipeline FRI -> FRK-2050,H2 pipeline,0.006907806103890817,0.0,inf,True,True
H2 pipeline FRJ -> FRK-2050,H2 pipeline,0.00609486359719672,0.0,inf,True,True
H2 pipeline FRJ -> FRL-2050,H2 pipeline,0.007578155559456991,0.0,inf,True,True
H2 pipeline FRK -> ITC-2050,H2 pipeline,0.17067481691349223,0.0,inf,True,True
H2 pipeline FRL -> ITC-2050,H2 pipeline,1170.1500699948479,0.0,inf,True,True
H2 pipeline FRM -> ITG2-2050,H2 pipeline,0.010188167443097067,0.0,inf,True,True
H2 pipeline FRM -> ITI-2050,H2 pipeline,160.8229473426833,0.0,inf,True,True
H2 pipeline GBC -> GBD-2050,H2 pipeline,6.060829686315311,0.0,inf,True,True
H2 pipeline GBC -> GBE-2050,H2 pipeline,11.682376275863318,0.0,inf,True,True
H2 pipeline GBC -> GBM-2050,H2 pipeline,235.21011006453236,0.0,inf,True,True
H2 pipeline GBC -> NO0A-2050,H2 pipeline,0.002709919055382018,0.0,inf,True,True
H2 pipeline GBD -> GBE-2050,H2 pipeline,586.8927095839688,0.0,inf,True,True
H2 pipeline GBD -> GBG-2050,H2 pipeline,0.11615729449036995,0.0,inf,True,True
H2 pipeline GBD -> GBL-2050,H2 pipeline,72.2466887944153,0.0,inf,True,True
H2 pipeline GBD -> GBM-2050,H2 pipeline,319.47827846108476,0.0,inf,True,True
H2 pipeline GBE -> GBF-2050,H2 pipeline,795.3259289032864,0.0,inf,True,True
H2 pipeline GBE -> GBH-2050,H2 pipeline,0.02074271068540821,0.0,inf,True,True
H2 pipeline GBF -> GBG-2050,H2 pipeline,3.263231033472249,0.0,inf,True,True
H2 pipeline GBF -> GBH-2050,H2 pipeline,166.05250297708812,0.0,inf,True,True
H2 pipeline GBF -> GBJ-2050,H2 pipeline,1963.8978075727407,0.0,inf,True,True
H2 pipeline GBG -> GBK-2050,H2 pipeline,0.14598560292430668,0.0,inf,True,True
H2 pipeline GBG -> GBL-2050,H2 pipeline,4.399038415949519,0.0,inf,True,True
H2 pipeline GBH -> GBJ-2050,H2 pipeline,1666.5535581889258,0.0,inf,True,True
H2 pipeline GBJ -> GBK-2050,H2 pipeline,1265.073258005585,0.0,inf,True,True
H2 pipeline GBJ -> NL3-2050,H2 pipeline,195.82361335590065,0.0,inf,True,True
H2 pipeline GBK -> GBL-2050,H2 pipeline,804.0619266749385,0.0,inf,True,True
H2 pipeline GBL -> GBM-2050,H2 pipeline,0.005393029732997956,0.0,inf,True,True
H2 pipeline GBL -> IE0-2050,H2 pipeline,569.9345578206736,0.0,inf,True,True
H2 pipeline GBM -> GBN-2050,H2 pipeline,232.46542257460854,0.0,inf,True,True
H2 pipeline GBN -> IE0-2050,H2 pipeline,0.06626288265279592,0.0,inf,True,True
H2 pipeline GR5 -> ITF-2050,H2 pipeline,0.0021021623915673826,0.0,inf,True,True
H2 pipeline GR5 -> MK0-2050,H2 pipeline,788.2290218211718,0.0,inf,True,True
H2 pipeline HR -> HU-2050,H2 pipeline,0.0028282852260025923,0.0,inf,True,True
H2 pipeline HR -> RS-2050,H2 pipeline,0.01340541651828356,0.0,inf,True,True
H2 pipeline HR -> SI0-2050,H2 pipeline,275.0361160981614,0.0,inf,True,True
H2 pipeline HU -> RO-2050,H2 pipeline,0.002870386368549908,0.0,inf,True,True
H2 pipeline HU -> RS-2050,H2 pipeline,140.58210720047373,0.0,inf,True,True
H2 pipeline HU -> SI0-2050,H2 pipeline,0.0024954695440139395,0.0,inf,True,True
H2 pipeline HU -> SK0-2050,H2 pipeline,206.7297364090142,0.0,inf,True,True
H2 pipeline ITC -> ITH-2050,H2 pipeline,944.6428414464549,0.0,inf,True,True
H2 pipeline ITC -> ITI-2050,H2 pipeline,1153.564877148492,0.0,inf,True,True
H2 pipeline ITF -> ME0-2050,H2 pipeline,113.17437918273566,0.0,inf,True,True
H2 pipeline ITG2 -> ITI-2050,H2 pipeline,481.46468541854057,0.0,inf,True,True
H2 pipeline ITH -> SI0-2050,H2 pipeline,221.07157053705046,0.0,inf,True,True
H2 pipeline LT0 -> PL6-2050,H2 pipeline,152.7384836284774,0.0,inf,True,True
H2 pipeline LT0 -> SE2-2050,H2 pipeline,0.011466328280670955,0.0,inf,True,True
H2 pipeline ME0 -> RS-2050,H2 pipeline,0.052746077284569946,0.0,inf,True,True
H2 pipeline ME0 -> XK-2050,H2 pipeline,0.25782011561587376,0.0,inf,True,True
H2 pipeline MK0 -> RS-2050,H2 pipeline,718.0320577748874,0.0,inf,True,True
H2 pipeline MK0 -> XK-2050,H2 pipeline,34.823578172221474,0.0,inf,True,True
H2 pipeline NL1 -> NO09-2050,H2 pipeline,0.002504419533611335,0.0,inf,True,True
H2 pipeline NL2 -> NL3-2050,H2 pipeline,0.11552158205510409,0.0,inf,True,True
H2 pipeline NO02 -> NO08-2050,H2 pipeline,0.004515645518874063,0.0,inf,True,True
H2 pipeline NO02 -> NO0A-2050,H2 pipeline,0.004370831881419363,0.0,inf,True,True
H2 pipeline NO06 -> NO07-2050,H2 pipeline,118.72705611394885,0.0,inf,True,True
H2 pipeline NO06 -> NO0A-2050,H2 pipeline,0.004133812555448994,0.0,inf,True,True
H2 pipeline NO06 -> SE3-2050,H2 pipeline,84.10532442723367,0.0,inf,True,True
H2 pipeline NO07 -> SE3-2050,H2 pipeline,0.006261313040849812,0.0,inf,True,True
H2 pipeline NO08 -> NO09-2050,H2 pipeline,0.0056006563256217985,0.0,inf,True,True
H2 pipeline NO08 -> NO0A-2050,H2 pipeline,34.81341250686219,0.0,inf,True,True
H2 pipeline NO08 -> SE2-2050,H2 pipeline,0.006413354757830457,0.0,inf,True,True
H2 pipeline NO08 -> SE3-2050,H2 pipeline,0.007905318178497678,0.0,inf,True,True
H2 pipeline NO09 -> NO0A-2050,H2 pipeline,0.012515772674553368,0.0,inf,True,True
H2 pipeline PL2 -> PL5-2050,H2 pipeline,231.74169909534137,0.0,inf,True,True
H2 pipeline PL2 -> PL7-2050,H2 pipeline,0.057298673919094975,0.0,inf,True,True
H2 pipeline PL2 -> PL8-2050,H2 pipeline,0.03011895596827313,0.0,inf,True,True
H2 pipeline PL4 -> PL5-2050,H2 pipeline,231.62280092523145,0.0,inf,True,True
H2 pipeline PL4 -> PL7-2050,H2 pipeline,0.046912285478214084,0.0,inf,True,True
H2 pipeline PL4 -> PL9-2050,H2 pipeline,0.021506058649609337,0.0,inf,True,True
H2 pipeline PL6 -> PL8-2050,H2 pipeline,0.004597864880843914,0.0,inf,True,True
H2 pipeline PL6 -> SE2-2050,H2 pipeline,455.0784554751654,0.0,inf,True,True
H2 pipeline PL7 -> PL8-2050,H2 pipeline,0.020541810822149245,0.0,inf,True,True
H2 pipeline PL7 -> PL9-2050,H2 pipeline,0.03412953913528466,0.0,inf,True,True
H2 pipeline PL8 -> SK0-2050,H2 pipeline,124.0893422420976,0.0,inf,True,True
H2 pipeline RO -> RS-2050,H2 pipeline,109.52768685009397,0.0,inf,True,True
H2 pipeline RS -> XK-2050,H2 pipeline,0.24731504696832918,0.0,inf,True,True
H2 pipeline SE1 -> SE2-2050,H2 pipeline,209.9950265345085,0.0,inf,True,True
H2 pipeline SE1 -> SE3-2050,H2 pipeline,0.0017691717860939845,0.0,inf,True,True
H2 pipeline SE2 -> SE3-2050,H2 pipeline,0.0017005449389853856,0.0,inf,True,True
PCI-10.1.3-2050,H2 pipeline,0.1352380263046784,6261.0,inf,True,True
PCI-10.1.2-2050,H2 pipeline,73.26295048724754,7001.0,inf,True,True
PCI-10.4-01-2050,H2 pipeline,0.01146749633725493,6267.0,inf,True,True
PCI-9.5-01-2050,H2 pipeline,0.11841303498060257,3805.0,inf,True,True
PCI-9.6-01-2050,H2 pipeline,0.07035969422899646,4003.0,inf,True,True
PCI-9.5-02-2050,H2 pipeline,1367.7217185149075,3805.0,inf,True,True
PCI-9.4-01-2050,H2 pipeline,358.1647860606692,3778.0,inf,True,True
PCI-9.5-03-2050,H2 pipeline,716.8250722559144,3805.0,inf,True,True
PCI-10.3.1-01-2050,H2 pipeline,527.1997716399756,3424.0,inf,True,True
PCI-10.2.1+1-2050,H2 pipeline,0.008533315292837441,12262.0,inf,True,True
PCI-10.2.1-2050,H2 pipeline,842.8415123066234,5995.0,inf,True,True
PCI-10.4-02-2050,H2 pipeline,254.83141209743752,6267.0,inf,True,True
PCI-9.4-02-2050,H2 pipeline,12.4449927189548,3778.0,inf,True,True
PCI-9.4-03-2050,H2 pipeline,0.016468276269826464,3778.0,inf,True,True
PCI-9.2.1-2050,H2 pipeline,347.9894056257764,507.0,inf,True,True
PCI-9.1.6-01-2050,H2 pipeline,0.30202841842564715,8057.0,inf,True,True
PCI-10.2.2-01-2050,H2 pipeline,1145.5091832646074,10056.0,inf,True,True
PCI-10.2.2-02-2050,H2 pipeline,841.7368324650513,10056.0,inf,True,True
PCI-11.2-01-2050,H2 pipeline,231.37516774569076,8281.0,inf,True,True
PCI-9.1.6+1-01-2050,H2 pipeline,0.029220832409501525,11835.0,inf,True,True
PCI-11.3-01-2050,H2 pipeline,0.010552932748959193,20546.0,inf,True,True
PCI-9.7.1+1-2050,H2 pipeline,560.067186651831,3532.0,inf,True,True
PCI-9.9.1-2050,H2 pipeline,275.31202023889483,10146.0,inf,True,True
PCI-9.6+1-01-2050,H2 pipeline,50.25101505353526,5297.0,inf,True,True
PCI-9.25-01-2050,H2 pipeline,0.0031213757717346033,15219.0,inf,True,True
PCI-9.4+1-2050,H2 pipeline,0.02541241916493332,13536.0,inf,True,True
PCI-9.7.3-2050,H2 pipeline,0.08638433029981629,9758.0,inf,True,True
PCI-9.1.6-02-2050,H2 pipeline,0.02092416309301343,8057.0,inf,True,True
PCI-9.1.6+1-02-2050,H2 pipeline,189.0207810926222,8818.0,inf,True,True
PCI-9.9.2-2050,H2 pipeline,515.2047636121555,2489.0,inf,True,True
PCI-11.2-02-2050,H2 pipeline,147.68781025897403,8281.0,inf,True,True
PCI-11.2-03-2050,H2 pipeline,265.6978815151909,8281.0,inf,True,True
PCI-9.1.3-01-2050,H2 pipeline,0.055055766757716874,13429.0,inf,True,True
PCI-9.1.3-02-2050,H2 pipeline,188.59470753826898,13429.0,inf,True,True
PCI-9.1.3-03-2050,H2 pipeline,0.006409353863150099,13429.0,inf,True,True
PCI-9.1.3-04-2050,H2 pipeline,593.601514283609,13429.0,inf,True,True
PCI-9.1.3-05-2050,H2 pipeline,981.4128814101156,13429.0,inf,True,True
PCI-9.1.2-2050,H2 pipeline,0.006229367454265228,3357.0,inf,True,True
PCI-9.1.3-06-2050,H2 pipeline,0.0030390958026307573,13429.0,inf,True,True
PCI-9.1.4-2050,H2 pipeline,1901.4837530655188,8952.0,inf,True,True
PCI-11.2-04-2050,H2 pipeline,339.7400975118629,8281.0,inf,True,True
PCI-11.1-01-2050,H2 pipeline,0.006486786994169306,18601.0,inf,True,True
PCI-11.2-05-2050,H2 pipeline,0.04681984202300169,8281.0,inf,True,True
PCI-11.3-02-2050,H2 pipeline,0.00313725035876927,20546.0,inf,True,True
PCI-11.1-02-2050,H2 pipeline,54.80386175868544,18601.0,inf,True,True
PCI-9.3-01-2050,H2 pipeline,193.83585259026654,5073.0,inf,True,True
PCI-9.1.5-01-2050,H2 pipeline,3.0482181484805424,8952.0,inf,True,True
PCI-9.1.5-02-2050,H2 pipeline,0.007314085849117961,8952.0,inf,True,True
PCI-9.3-02-2050,H2 pipeline,1750.9141829942162,5073.0,inf,True,True
PCI-9.1.5-03-2050,H2 pipeline,0.008339938145154428,8952.0,inf,True,True
PCI-10.3.1-02-2050,H2 pipeline,94.22573302714383,3424.0,inf,True,True
PCI-10.3.1-03-2050,H2 pipeline,1490.2990112298005,3424.0,inf,True,True
PCI-10.1.1-01-2050,H2 pipeline,165.2985073019138,18601.0,inf,True,True
PCI-10.1.1-02-2050,H2 pipeline,1457.739974466026,18601.0,inf,True,True
PCI-10.1.1-03-2050,H2 pipeline,278.88930335354945,18601.0,inf,True,True
PCI-11.2-06-2050,H2 pipeline,265.69609111590916,8281.0,inf,True,True
PCI-11.2-07-2050,H2 pipeline,48.54793955964007,8281.0,inf,True,True
PCI-9.6-02-2050,H2 pipeline,2059.485502017404,4003.0,inf,True,True
PCI-9.6-03-2050,H2 pipeline,1376.168300594634,4003.0,inf,True,True
PCI-9.6+1-02-2050,H2 pipeline,7.456693705084651,13761.0,inf,True,True
PCI-9.25-02-2050,H2 pipeline,0.0023938432858579307,15219.0,inf,True,True
PCI-11.3-03-2050,H2 pipeline,0.01037260816669767,20546.0,inf,True,True
PCI-11.3-04-2050,H2 pipeline,0.010336971965440278,20546.0,inf,True,True
PCI-11.3-05-2050,H2 pipeline,0.007275947568738836,20546.0,inf,True,True
PCI-11.2-08-2050,H2 pipeline,1.4303129127855914,8281.0,inf,True,True
PCI-11.2-10-2050,H2 pipeline,0.3545157258317643,8281.0,inf,True,True
PCI-11.2-11-2050,H2 pipeline,0.024250011015933808,8281.0,inf,True,True
CO2 pipeline AL0 -> GR5-2050,CO2 pipeline,1.9570533217872488,0.0,inf,True,True
CO2 pipeline AL0 -> ME0-2050,CO2 pipeline,0.00147417934420476,0.0,inf,True,True
CO2 pipeline AL0 -> MK0-2050,CO2 pipeline,0.000469786840961506,0.0,inf,True,True
CO2 pipeline AL0 -> XK-2050,CO2 pipeline,0.00032366546310666554,0.0,inf,True,True
CO2 pipeline AT -> CH0-2050,CO2 pipeline,0.00030962278799635866,0.0,inf,True,True
CO2 pipeline AT -> CZ0-2050,CO2 pipeline,4.457745850999967,0.0,inf,True,True
CO2 pipeline AT -> DE1-2050,CO2 pipeline,0.0002594062057660316,0.0,inf,True,True
CO2 pipeline AT -> DE2-2050,CO2 pipeline,0.008329623950884605,0.0,inf,True,True
CO2 pipeline AT -> HU-2050,CO2 pipeline,0.0001799126439246446,0.0,inf,True,True
CO2 pipeline AT -> ITH-2050,CO2 pipeline,12.168484379573867,0.0,inf,True,True
CO2 pipeline AT -> SI0-2050,CO2 pipeline,9.64942584606837,0.0,inf,True,True
CO2 pipeline BA -> HR-2050,CO2 pipeline,0.00023341992776276013,0.0,inf,True,True
CO2 pipeline BA -> ME0-2050,CO2 pipeline,11.244113303169279,0.0,inf,True,True
CO2 pipeline BA -> RS-2050,CO2 pipeline,0.0004551276059091724,0.0,inf,True,True
CO2 pipeline BE1+1 -> FRE-2050,CO2 pipeline,60.66178442433397,0.0,inf,True,True
CO2 pipeline BE1+1 -> GBJ-2050,CO2 pipeline,0.0001855110639905691,0.0,inf,True,True
CO2 pipeline BE1+1 -> NL4-2050,CO2 pipeline,0.0029726893432111654,0.0,inf,True,True
CO2 pipeline BE3 -> DEA-2050,CO2 pipeline,0.00039087959516171734,0.0,inf,True,True
CO2 pipeline BE3 -> FRF-2050,CO2 pipeline,2.367748767638694,0.0,inf,True,True
CO2 pipeline BE3 -> LU0-2050,CO2 pipeline,122.30338046396835,0.0,inf,True,True
CO2 pipeline BG -> GR5-2050,CO2 pipeline,33.351706151285946,0.0,inf,True,True
CO2 pipeline BG -> MK0-2050,CO2 pipeline,0.0008740874872401013,0.0,inf,True,True
CO2 pipeline BG -> RO-2050,CO2 pipeline,16.349202443217216,0.0,inf,True,True
CO2 pipeline BG -> RS-2050,CO2 pipeline,2.8526203475330356,0.0,inf,True,True
CO2 pipeline CH0 -> DE1-2050,CO2 pipeline,0.3212189783942689,0.0,inf,True,True
CO2 pipeline CH0 -> FRC-2050,CO2 pipeline,0.25656118593230537,0.0,inf,True,True
CO2 pipeline CH0 -> FRF-2050,CO2 pipeline,0.0013321733120516836,0.0,inf,True,True
CO2 pipeline CH0 -> FRK-2050,CO2 pipeline,0.0004494896109786461,0.0,inf,True,True
CO2 pipeline CH0 -> ITC-2050,CO2 pipeline,0.0010876254856254611,0.0,inf,True,True
CO2 pipeline CZ0 -> DE2-2050,CO2 pipeline,0.0012474068876913071,0.0,inf,True,True
CO2 pipeline CZ0 -> DED-2050,CO2 pipeline,27.5040554605411,0.0,inf,True,True
CO2 pipeline CZ0 -> PL2-2050,CO2 pipeline,0.0002207421786890294,0.0,inf,True,True
CO2 pipeline CZ0 -> PL5-2050,CO2 pipeline,0.0006415575636035444,0.0,inf,True,True
CO2 pipeline CZ0 -> SK0-2050,CO2 pipeline,0.00013454258987139432,0.0,inf,True,True
CO2 pipeline DE1 -> DE2-2050,CO2 pipeline,223.82838614200764,0.0,inf,True,True
CO2 pipeline DE1 -> DE7-2050,CO2 pipeline,0.03536806734580085,0.0,inf,True,True
CO2 pipeline DE1 -> DE9-2050,CO2 pipeline,0.00022350894603997257,0.0,inf,True,True
CO2 pipeline DE1 -> DEA-2050,CO2 pipeline,0.0008588651361319741,0.0,inf,True,True
CO2 pipeline DE1 -> DEB-2050,CO2 pipeline,5.714109150797501,0.0,inf,True,True
CO2 pipeline DE1 -> DEF-2050,CO2 pipeline,0.00020101860988333933,0.0,inf,True,True
CO2 pipeline DE1 -> FRF-2050,CO2 pipeline,350.6674276185369,0.0,inf,True,True
CO2 pipeline DE2 -> DE7-2050,CO2 pipeline,62.571680242116464,0.0,inf,True,True
CO2 pipeline DE2 -> DE8-2050,CO2 pipeline,0.00027507884093312164,0.0,inf,True,True
CO2 pipeline DE2 -> DED-2050,CO2 pipeline,0.0005128381568097512,0.0,inf,True,True
CO2 pipeline DE2 -> DEE-2050,CO2 pipeline,0.0010050074957905469,0.0,inf,True,True
CO2 pipeline DE2 -> DEF-2050,CO2 pipeline,0.0007967720685787726,0.0,inf,True,True
CO2 pipeline DE2 -> DEG-2050,CO2 pipeline,0.001578570337564048,0.0,inf,True,True
CO2 pipeline DE4 -> DE8-2050,CO2 pipeline,0.0012761096307700867,0.0,inf,True,True
CO2 pipeline DE4 -> DED-2050,CO2 pipeline,0.0015141365840791448,0.0,inf,True,True
CO2 pipeline DE4 -> DEE-2050,CO2 pipeline,0.0008045422034688911,0.0,inf,True,True
CO2 pipeline DE4 -> PL4-2050,CO2 pipeline,10.057917884387546,0.0,inf,True,True
CO2 pipeline DE7 -> DE9-2050,CO2 pipeline,0.000430568200870652,0.0,inf,True,True
CO2 pipeline DE7 -> DEA-2050,CO2 pipeline,335.40271430708077,0.0,inf,True,True
CO2 pipeline DE7 -> DEB-2050,CO2 pipeline,0.006275090282881172,0.0,inf,True,True
CO2 pipeline DE7 -> DEG-2050,CO2 pipeline,81.60677980112398,0.0,inf,True,True
CO2 pipeline DE8 -> DEE-2050,CO2 pipeline,0.00039881066510751164,0.0,inf,True,True
CO2 pipeline DE8 -> DEF-2050,CO2 pipeline,6.170271384091043,0.0,inf,True,True
CO2 pipeline DE8 -> DK0-2050,CO2 pipeline,0.0011885681569659661,0.0,inf,True,True
CO2 pipeline DE8 -> SE2-2050,CO2 pipeline,0.00011102418163548123,0.0,inf,True,True
CO2 pipeline DE9 -> DEA-2050,CO2 pipeline,0.00024314073345519147,0.0,inf,True,True
CO2 pipeline DE9 -> DED-2050,CO2 pipeline,0.003978214372280958,0.0,inf,True,True
CO2 pipeline DE9 -> GBJ-2050,CO2 pipeline,7.844234553598385e-05,0.0,inf,True,True
CO2 pipeline DE9 -> NL1-2050,CO2 pipeline,0.0005890160013235826,0.0,inf,True,True
CO2 pipeline DEA -> DEF-2050,CO2 pipeline,0.00019357331904179645,0.0,inf,True,True
CO2 pipeline DEA -> FRF-2050,CO2 pipeline,0.0002972624437822989,0.0,inf,True,True
CO2 pipeline DEA -> NL2-2050,CO2 pipeline,361.4294271384601,0.0,inf,True,True
CO2 pipeline DEA -> NL4-2050,CO2 pipeline,83.43970137997977,0.0,inf,True,True
CO2 pipeline DEB -> DEC-2050,CO2 pipeline,161.5881069689579,0.0,inf,True,True
CO2 pipeline DEB -> LU0-2050,CO2 pipeline,9.053536638235698,0.0,inf,True,True
CO2 pipeline DEC -> FRF-2050,CO2 pipeline,0.0006179491919215063,0.0,inf,True,True
CO2 pipeline DED -> DEG-2050,CO2 pipeline,0.0008125709032932744,0.0,inf,True,True
CO2 pipeline DED -> PL5-2050,CO2 pipeline,0.0001879376680342902,0.0,inf,True,True
CO2 pipeline DEE -> DEG-2050,CO2 pipeline,4.9809127456079345,0.0,inf,True,True
CO2 pipeline DEF -> NO09-2050,CO2 pipeline,4.3056638971467096e-05,0.0,inf,True,True
CO2 pipeline DEF -> SE2-2050,CO2 pipeline,6.046969444868648e-05,0.0,inf,True,True
CO2 pipeline DK0 -> GBF-2050,CO2 pipeline,5.083317883239812e-05,0.0,inf,True,True
CO2 pipeline DK0 -> NL1-2050,CO2 pipeline,8.40975245244762e-05,0.0,inf,True,True
CO2 pipeline DK0 -> NO09-2050,CO2 pipeline,9.189948796794641e-05,0.0,inf,True,True
CO2 pipeline DK0 -> SE2-2050,CO2 pipeline,0.0021555904320951684,0.0,inf,True,True
CO2 pipeline EE0 -> FI1B-2050,CO2 pipeline,0.0001493254743699027,0.0,inf,True,True
CO2 pipeline EE0 -> FI1C-2050,CO2 pipeline,0.0001509802761944331,0.0,inf,True,True
CO2 pipeline EE0 -> LV0-2050,CO2 pipeline,7.952211003133355,0.0,inf,True,True
CO2 pipeline ES1 -> ES2-2050,CO2 pipeline,8.167163460257403e-05,0.0,inf,True,True
CO2 pipeline ES1 -> ES4-2050,CO2 pipeline,0.00014963917768076446,0.0,inf,True,True
CO2 pipeline ES1 -> PT1-2050,CO2 pipeline,0.0006782343008505371,0.0,inf,True,True
CO2 pipeline ES2 -> ES4-2050,CO2 pipeline,0.00016202472058775446,0.0,inf,True,True
CO2 pipeline ES2 -> ES5-2050,CO2 pipeline,0.00037079387176952946,0.0,inf,True,True
CO2 pipeline ES2 -> FRJ-2050,CO2 pipeline,0.00019540633013646498,0.0,inf,True,True
CO2 pipeline ES4 -> ES5-2050,CO2 pipeline,0.00010896043950321782,0.0,inf,True,True
CO2 pipeline ES4 -> ES6-2050,CO2 pipeline,148.50375950060285,0.0,inf,True,True
CO2 pipeline ES4 -> PT1-2050,CO2 pipeline,0.00021171316897043368,0.0,inf,True,True
CO2 pipeline ES5 -> ES6-2050,CO2 pipeline,0.00012531240107371892,0.0,inf,True,True
CO2 pipeline ES5 -> FRJ-2050,CO2 pipeline,0.000241417920989217,0.0,inf,True,True
CO2 pipeline ES6 -> PT1-2050,CO2 pipeline,0.0011818507256348223,0.0,inf,True,True
CO2 pipeline FI19 -> FI1B-2050,CO2 pipeline,0.003729628412974465,0.0,inf,True,True
CO2 pipeline FI19 -> FI1C-2050,CO2 pipeline,0.006680102622849402,0.0,inf,True,True
CO2 pipeline FI19 -> FI1D-2050,CO2 pipeline,0.0001397093979858414,0.0,inf,True,True
CO2 pipeline FI19 -> SE1-2050,CO2 pipeline,5.3056072942518536e-05,0.0,inf,True,True
CO2 pipeline FI19 -> SE3-2050,CO2 pipeline,9.685111078386342e-05,0.0,inf,True,True
CO2 pipeline FI1B -> FI1C-2050,CO2 pipeline,0.0022674116761469184,0.0,inf,True,True
CO2 pipeline FI1C -> FI1D-2050,CO2 pipeline,0.00016137349055325955,0.0,inf,True,True
CO2 pipeline FI1D -> NO07-2050,CO2 pipeline,0.002524495296273868,0.0,inf,True,True
CO2 pipeline FI1D -> SE3-2050,CO2 pipeline,9.647926168636886e-05,0.0,inf,True,True
CO2 pipeline FR1 -> FRB-2050,CO2 pipeline,0.0011059134990630054,0.0,inf,True,True
CO2 pipeline FR1 -> FRC-2050,CO2 pipeline,23.86973409223343,0.0,inf,True,True
CO2 pipeline FR1 -> FRD-2050,CO2 pipeline,93.43825216823146,0.0,inf,True,True
CO2 pipeline FR1 -> FRE-2050,CO2 pipeline,0.0005626760354252398,0.0,inf,True,True
CO2 pipeline FR1 -> FRF-2050,CO2 pipeline,1.6955895625418087,0.0,inf,True,True
CO2 pipeline FRB -> FRC-2050,CO2 pipeline,0.00045824532112687664,0.0,inf,True,True
CO2 pipeline FRB -> FRG-2050,CO2 pipeline,0.007127048515739333,0.0,inf,True,True
CO2 pipeline FRB -> FRI-2050,CO2 pipeline,0.0008722718931021299,0.0,inf,True,True
CO2 pipeline FRB -> FRJ-2050,CO2 pipeline,0.00015096855967700108,0.0,inf,True,True
CO2 pipeline FRB -> FRK-2050,CO2 pipeline,0.0002978286671160525,0.0,inf,True,True
CO2 pipeline FRC -> FRF-2050,CO2 pipeline,6.130328029372025,0.0,inf,True,True
CO2 pipeline FRC -> FRK-2050,CO2 pipeline,0.00037452674237279255,0.0,inf,True,True
CO2 pipeline FRD -> FRE-2050,CO2 pipeline,76.19148230897703,0.0,inf,True,True
CO2 pipeline FRD -> FRG-2050,CO2 pipeline,0.0019903450286118604,0.0,inf,True,True
CO2 pipeline FRD -> FRH-2050,CO2 pipeline,0.00024166221894700852,0.0,inf,True,True
CO2 pipeline FRD -> GBJ-2050,CO2 pipeline,0.00022744470169625724,0.0,inf,True,True
CO2 pipeline FRE -> FRF-2050,CO2 pipeline,178.7348668312399,0.0,inf,True,True
CO2 pipeline FRE -> GBJ-2050,CO2 pipeline,0.00047667961714095036,0.0,inf,True,True
CO2 pipeline FRF -> LU0-2050,CO2 pipeline,0.26533473479944764,0.0,inf,True,True
CO2 pipeline FRG -> FRH-2050,CO2 pipeline,0.0020550978750540037,0.0,inf,True,True
CO2 pipeline FRG -> FRI-2050,CO2 pipeline,0.00022813621765278608,0.0,inf,True,True
CO2 pipeline FRH -> IE0-2050,CO2 pipeline,4.017286213849118e-05,0.0,inf,True,True
CO2 pipeline FRI -> FRK-2050,CO2 pipeline,70.63297054994304,0.0,inf,True,True
CO2 pipeline FRJ -> FRK-2050,CO2 pipeline,0.027620666868214946,0.0,inf,True,True
CO2 pipeline FRJ -> FRL-2050,CO2 pipeline,205.27812604121272,0.0,inf,True,True
CO2 pipeline FRK -> ITC-2050,CO2 pipeline,3.3696297313857464,0.0,inf,True,True
CO2 pipeline FRL -> ITC-2050,CO2 pipeline,154.51777123637922,0.0,inf,True,True
CO2 pipeline FRM -> ITG2-2050,CO2 pipeline,0.0010813458980064917,0.0,inf,True,True
CO2 pipeline FRM -> ITI-2050,CO2 pipeline,0.0014326894335141653,0.0,inf,True,True
CO2 pipeline GBC -> GBD-2050,CO2 pipeline,306.8327727309462,0.0,inf,True,True
CO2 pipeline GBC -> GBE-2050,CO2 pipeline,0.0005892098437080352,0.0,inf,True,True
CO2 pipeline GBC -> GBM-2050,CO2 pipeline,0.0005117079953718532,0.0,inf,True,True
CO2 pipeline GBC -> NO0A-2050,CO2 pipeline,3.62874496460319e-05,0.0,inf,True,True
CO2 pipeline GBD -> GBE-2050,CO2 pipeline,0.004739584249435041,0.0,inf,True,True
CO2 pipeline GBD -> GBG-2050,CO2 pipeline,28.80613218523854,0.0,inf,True,True
CO2 pipeline GBD -> GBL-2050,CO2 pipeline,0.0015907262535418678,0.0,inf,True,True
CO2 pipeline GBD -> GBM-2050,CO2 pipeline,0.0002515463833052058,0.0,inf,True,True
CO2 pipeline GBE -> GBF-2050,CO2 pipeline,29.292541080518987,0.0,inf,True,True
CO2 pipeline GBE -> GBH-2050,CO2 pipeline,0.0035283872384972697,0.0,inf,True,True
CO2 pipeline GBF -> GBG-2050,CO2 pipeline,0.00128712146178312,0.0,inf,True,True
CO2 pipeline GBF -> GBH-2050,CO2 pipeline,0.004872247269143691,0.0,inf,True,True
CO2 pipeline GBF -> GBJ-2050,CO2 pipeline,0.04221409316943651,0.0,inf,True,True
CO2 pipeline GBG -> GBK-2050,CO2 pipeline,0.0007133737571600747,0.0,inf,True,True
CO2 pipeline GBG -> GBL-2050,CO2 pipeline,0.0006456233382481106,0.0,inf,True,True
CO2 pipeline GBH -> GBJ-2050,CO2 pipeline,0.001477052928684088,0.0,inf,True,True
CO2 pipeline GBJ -> GBK-2050,CO2 pipeline,133.46983126896077,0.0,inf,True,True
CO2 pipeline GBJ -> NL3-2050,CO2 pipeline,0.00013666256720549735,0.0,inf,True,True
CO2 pipeline GBK -> GBL-2050,CO2 pipeline,0.0006352490151185165,0.0,inf,True,True
CO2 pipeline GBL -> GBM-2050,CO2 pipeline,4.795029156478679e-05,0.0,inf,True,True
CO2 pipeline GBL -> IE0-2050,CO2 pipeline,0.00013148568912563818,0.0,inf,True,True
CO2 pipeline GBM -> GBN-2050,CO2 pipeline,0.0002815648254842281,0.0,inf,True,True
CO2 pipeline GBN -> IE0-2050,CO2 pipeline,0.0004813485829292095,0.0,inf,True,True
CO2 pipeline GR4+1 -> GR5-2050,CO2 pipeline,0.0026544587850608698,0.0,inf,True,True
CO2 pipeline GR5 -> ITF-2050,CO2 pipeline,0.00013582106981877438,0.0,inf,True,True
CO2 pipeline GR5 -> MK0-2050,CO2 pipeline,0.0014689819770266955,0.0,inf,True,True
CO2 pipeline HR -> RS-2050,CO2 pipeline,0.000156394797036925,0.0,inf,True,True
CO2 pipeline HR -> SI0-2050,CO2 pipeline,0.0002942406962745934,0.0,inf,True,True
CO2 pipeline HU -> RO-2050,CO2 pipeline,0.00021024151242339062,0.0,inf,True,True
CO2 pipeline HU -> RS-2050,CO2 pipeline,0.0039046574751846106,0.0,inf,True,True
CO2 pipeline HU -> SI0-2050,CO2 pipeline,0.00020052772047448548,0.0,inf,True,True
CO2 pipeline HU -> SK0-2050,CO2 pipeline,28.16668053110008,0.0,inf,True,True
CO2 pipeline ITC -> ITH-2050,CO2 pipeline,0.0009022832873619412,0.0,inf,True,True
CO2 pipeline ITC -> ITI-2050,CO2 pipeline,0.000279965823391679,0.0,inf,True,True
CO2 pipeline ITF -> ITG1-2050,CO2 pipeline,0.00014122388037847298,0.0,inf,True,True
CO2 pipeline ITF -> ITI-2050,CO2 pipeline,28.384683963454822,0.0,inf,True,True
CO2 pipeline ITF -> ME0-2050,CO2 pipeline,9.748105186736945e-05,0.0,inf,True,True
CO2 pipeline ITG2 -> ITI-2050,CO2 pipeline,0.00021605848088176926,0.0,inf,True,True
CO2 pipeline ITH -> ITI-2050,CO2 pipeline,0.00014583806225489318,0.0,inf,True,True
CO2 pipeline ITH -> SI0-2050,CO2 pipeline,0.0045253580537549624,0.0,inf,True,True
CO2 pipeline LT0 -> LV0-2050,CO2 pipeline,0.001978133147422286,0.0,inf,True,True
CO2 pipeline LT0 -> PL6-2050,CO2 pipeline,0.00016713634295898578,0.0,inf,True,True
CO2 pipeline LT0 -> SE2-2050,CO2 pipeline,5.3427457800069285e-05,0.0,inf,True,True
CO2 pipeline ME0 -> RS-2050,CO2 pipeline,0.0003056311436981469,0.0,inf,True,True
CO2 pipeline ME0 -> XK-2050,CO2 pipeline,0.02829946597132808,0.0,inf,True,True
CO2 pipeline MK0 -> RS-2050,CO2 pipeline,21.943381383242045,0.0,inf,True,True
CO2 pipeline MK0 -> XK-2050,CO2 pipeline,4.820729034895911,0.0,inf,True,True
CO2 pipeline NL1 -> NL2-2050,CO2 pipeline,6.803313718689421,0.0,inf,True,True
CO2 pipeline NL1 -> NO09-2050,CO2 pipeline,3.1767748077967535e-05,0.0,inf,True,True
CO2 pipeline NL2 -> NL3-2050,CO2 pipeline,312.15135522810243,0.0,inf,True,True
CO2 pipeline NL2 -> NL4-2050,CO2 pipeline,0.0006512786989854927,0.0,inf,True,True
CO2 pipeline NO02 -> NO08-2050,CO2 pipeline,0.00036026190795159185,0.0,inf,True,True
CO2 pipeline NO02 -> NO0A-2050,CO2 pipeline,0.0004403947134153677,0.0,inf,True,True
CO2 pipeline NO06 -> NO07-2050,CO2 pipeline,6.355854803424552e-05,0.0,inf,True,True
CO2 pipeline NO06 -> NO0A-2050,CO2 pipeline,0.00022773050315991433,0.0,inf,True,True
CO2 pipeline NO06 -> SE3-2050,CO2 pipeline,0.003547884547773791,0.0,inf,True,True
CO2 pipeline NO07 -> SE3-2050,CO2 pipeline,0.0001260166802160811,0.0,inf,True,True
CO2 pipeline NO08 -> NO09-2050,CO2 pipeline,0.00042617812222832006,0.0,inf,True,True
CO2 pipeline NO08 -> NO0A-2050,CO2 pipeline,9.214515796690408,0.0,inf,True,True
CO2 pipeline NO08 -> SE2-2050,CO2 pipeline,0.0002821336436911626,0.0,inf,True,True
CO2 pipeline NO08 -> SE3-2050,CO2 pipeline,0.00019696700411510625,0.0,inf,True,True
CO2 pipeline NO09 -> NO0A-2050,CO2 pipeline,0.0004921284853351604,0.0,inf,True,True
CO2 pipeline PL2 -> PL5-2050,CO2 pipeline,0.00025844715486527135,0.0,inf,True,True
CO2 pipeline PL2 -> PL7-2050,CO2 pipeline,3.4375256823159437,0.0,inf,True,True
CO2 pipeline PL2 -> PL8-2050,CO2 pipeline,18.987794461037417,0.0,inf,True,True
CO2 pipeline PL4 -> PL5-2050,CO2 pipeline,4.263578984859954,0.0,inf,True,True
CO2 pipeline PL4 -> PL6-2050,CO2 pipeline,0.00026683883936162673,0.0,inf,True,True
CO2 pipeline PL4 -> PL7-2050,CO2 pipeline,0.00023507859378667513,0.0,inf,True,True
CO2 pipeline PL4 -> PL9-2050,CO2 pipeline,0.00041760716492672605,0.0,inf,True,True
CO2 pipeline PL6 -> PL8-2050,CO2 pipeline,0.00034850554448236494,0.0,inf,True,True
CO2 pipeline PL6 -> PL9-2050,CO2 pipeline,36.174220421235724,0.0,inf,True,True
CO2 pipeline PL6 -> SE2-2050,CO2 pipeline,6.088442026359519e-05,0.0,inf,True,True
CO2 pipeline PL7 -> PL8-2050,CO2 pipeline,0.00024229965784920097,0.0,inf,True,True
CO2 pipeline PL7 -> PL9-2050,CO2 pipeline,4.899777496801305,0.0,inf,True,True
CO2 pipeline PL8 -> PL9-2050,CO2 pipeline,0.0004290295899317192,0.0,inf,True,True
CO2 pipeline PL8 -> SK0-2050,CO2 pipeline,0.0008977052933044359,0.0,inf,True,True
CO2 pipeline RO -> RS-2050,CO2 pipeline,0.0023958147087829182,0.0,inf,True,True
CO2 pipeline RS -> XK-2050,CO2 pipeline,0.030116693171764304,0.0,inf,True,True
CO2 pipeline SE1 -> SE2-2050,CO2 pipeline,0.00041467032263529436,0.0,inf,True,True
CO2 pipeline SE1 -> SE3-2050,CO2 pipeline,8.854025509848571e-05,0.0,inf,True,True
CO2 pipeline SE2 -> SE3-2050,CO2 pipeline,6.17724622601911e-05,0.0,inf,True,True
PCI-13.8-01-2050,CO2 pipeline,150.80793916508904,3567.0,inf,True,True
PCI-13.1-01-2050,CO2 pipeline,312.1217988787665,713.0,inf,True,True
PCI-13.8-02-2050,CO2 pipeline,5.515537767378314e-05,3567.0,inf,True,True
PCI-13.4-01-2050,CO2 pipeline,0.0013465076272167714,1498.0,inf,True,True
PCI-13.4-02-2050,CO2 pipeline,0.028035828776025482,1498.0,inf,True,True
PCI-13.8-03-2050,CO2 pipeline,0.0016840867710421615,3567.0,inf,True,True
PCI-13.7-2050,CO2 pipeline,0.0006342965148705354,3139.0,inf,True,True
PCI-13.4-03-2050,CO2 pipeline,38.646247535503306,1498.0,inf,True,True
PCI-13.4-04-2050,CO2 pipeline,0.00024757504792506516,1498.0,inf,True,True
PCI-13.12-01-2050,CO2 pipeline,0.00011767355572765836,856.0,inf,True,True
PCI-13.12-02-2050,CO2 pipeline,0.0002562999445685416,856.0,inf,True,True
PCI-13.5-01-2050,CO2 pipeline,0.0635381128495437,913.0,inf,True,True
PCI-13.11-2050,CO2 pipeline,6.615040282192597,1427.0,inf,True,True
PCI-13.9-2050,CO2 pipeline,0.0006903267024311295,90.0,inf,True,True
PCI-13.5-02-2050,CO2 pipeline,178.62290905943914,913.0,inf,True,True
PCI-13.1-02-2050,CO2 pipeline,141.39636823507237,713.0,inf,True,True
PCI-13.1+1-01-2050,CO2 pipeline,577.8315732858498,3852.0,inf,True,True
PCI-13.13-2050,CO2 pipeline,0.0003431114585707508,713.0,inf,True,True
PCI-13.1+1-02-2050,CO2 pipeline,288.2869065195416,3852.0,inf,True,True
PCI-13.8-04-2050,CO2 pipeline,9.902541500146365e-05,3567.0,inf,True,True
H2 pipeline AL0 -> GR5-reversed-2050,H2 pipeline,320.254567444683,0.0,inf,True,True
H2 pipeline AL0 -> ME0-reversed-2050,H2 pipeline,314.5424577254978,0.0,inf,True,True
H2 pipeline AL0 -> MK0-reversed-2050,H2 pipeline,0.004498622521258266,0.0,inf,True,True
H2 pipeline AL0 -> XK-reversed-2050,H2 pipeline,0.005124143203263309,0.0,inf,True,True
H2 pipeline AT -> CH0-reversed-2050,H2 pipeline,0.008397522648136299,0.0,inf,True,True
H2 pipeline AT -> CZ0-reversed-2050,H2 pipeline,389.2719703475379,0.0,inf,True,True
H2 pipeline AT -> DE1-reversed-2050,H2 pipeline,0.03668090653056621,0.0,inf,True,True
H2 pipeline AT -> HU-reversed-2050,H2 pipeline,0.011025341093847639,0.0,inf,True,True
H2 pipeline AT -> SI0-reversed-2050,H2 pipeline,0.022910912201783526,0.0,inf,True,True
H2 pipeline BA -> HR-reversed-2050,H2 pipeline,275.063877490209,0.0,inf,True,True
H2 pipeline BA -> ME0-reversed-2050,H2 pipeline,449.7781211484456,0.0,inf,True,True
H2 pipeline BA -> RS-reversed-2050,H2 pipeline,0.006647295580916103,0.0,inf,True,True
H2 pipeline BE1+1 -> FRE-reversed-2050,H2 pipeline,63.25109979649047,0.0,inf,True,True
H2 pipeline BE1+1 -> GBJ-reversed-2050,H2 pipeline,2276.2446498780228,0.0,inf,True,True
H2 pipeline BE3 -> FRF-reversed-2050,H2 pipeline,0.023456032849841595,0.0,inf,True,True
H2 pipeline BE3 -> LU0-reversed-2050,H2 pipeline,0.03424829645485712,0.0,inf,True,True
H2 pipeline BG -> MK0-reversed-2050,H2 pipeline,0.008099424423648164,0.0,inf,True,True
H2 pipeline BG -> RO-reversed-2050,H2 pipeline,341.9363292609594,0.0,inf,True,True
H2 pipeline BG -> RS-reversed-2050,H2 pipeline,0.00182273816298955,0.0,inf,True,True
H2 pipeline CH0 -> DE1-reversed-2050,H2 pipeline,12.89981570291326,0.0,inf,True,True
H2 pipeline CH0 -> FRC-reversed-2050,H2 pipeline,0.0997046993487536,0.0,inf,True,True
H2 pipeline CH0 -> FRF-reversed-2050,H2 pipeline,164.76000027482718,0.0,inf,True,True
H2 pipeline CH0 -> FRK-reversed-2050,H2 pipeline,0.008832755921370198,0.0,inf,True,True
H2 pipeline CH0 -> ITC-reversed-2050,H2 pipeline,0.036359612367790284,0.0,inf,True,True
H2 pipeline CZ0 -> PL2-reversed-2050,H2 pipeline,0.045640806418795254,0.0,inf,True,True
H2 pipeline CZ0 -> PL5-reversed-2050,H2 pipeline,0.011545689958491645,0.0,inf,True,True
H2 pipeline DE1 -> DE2-reversed-2050,H2 pipeline,0.020622398883624524,0.0,inf,True,True
H2 pipeline DE1 -> DE9-reversed-2050,H2 pipeline,1.6275899482311607,0.0,inf,True,True
H2 pipeline DE1 -> DEA-reversed-2050,H2 pipeline,0.03754348406897131,0.0,inf,True,True
H2 pipeline DE1 -> DEF-reversed-2050,H2 pipeline,0.0875880355529019,0.0,inf,True,True
H2 pipeline DE2 -> DE8-reversed-2050,H2 pipeline,0.005858456255528421,0.0,inf,True,True
H2 pipeline DE2 -> DED-reversed-2050,H2 pipeline,0.005023444164932888,0.0,inf,True,True
H2 pipeline DE2 -> DEE-reversed-2050,H2 pipeline,0.016603435818573296,0.0,inf,True,True
H2 pipeline DE2 -> DEF-reversed-2050,H2 pipeline,0.04995802321474249,0.0,inf,True,True
H2 pipeline DE2 -> DEG-reversed-2050,H2 pipeline,0.01552615465974409,0.0,inf,True,True
H2 pipeline DE4 -> DEE-reversed-2050,H2 pipeline,0.005831206188314752,0.0,inf,True,True
H2 pipeline DE7 -> DE9-reversed-2050,H2 pipeline,12.4320473381574,0.0,inf,True,True
H2 pipeline DE7 -> DEA-reversed-2050,H2 pipeline,0.011871806055170133,0.0,inf,True,True
H2 pipeline DE7 -> DEG-reversed-2050,H2 pipeline,0.08397250506794553,0.0,inf,True,True
H2 pipeline DE8 -> DEE-reversed-2050,H2 pipeline,0.009236068510769836,0.0,inf,True,True
H2 pipeline DE8 -> DEF-reversed-2050,H2 pipeline,96.07312326998547,0.0,inf,True,True
H2 pipeline DE8 -> DK0-reversed-2050,H2 pipeline,1126.6555174625555,0.0,inf,True,True
H2 pipeline DE8 -> SE2-reversed-2050,H2 pipeline,143.86042532057863,0.0,inf,True,True
H2 pipeline DE9 -> DED-reversed-2050,H2 pipeline,0.036768871420172704,0.0,inf,True,True
H2 pipeline DE9 -> DEE-reversed-2050,H2 pipeline,0.07107018859488032,0.0,inf,True,True
H2 pipeline DE9 -> GBJ-reversed-2050,H2 pipeline,0.0036161843242506512,0.0,inf,True,True
H2 pipeline DEA -> DEF-reversed-2050,H2 pipeline,0.08047808123376968,0.0,inf,True,True
H2 pipeline DEA -> FRF-reversed-2050,H2 pipeline,0.008489223113401017,0.0,inf,True,True
H2 pipeline DEA -> NL2-reversed-2050,H2 pipeline,1019.0865154730399,0.0,inf,True,True
H2 pipeline DEB -> LU0-reversed-2050,H2 pipeline,0.019910108989797528,0.0,inf,True,True
H2 pipeline DED -> DEG-reversed-2050,H2 pipeline,0.007518953934363677,0.0,inf,True,True
H2 pipeline DED -> PL5-reversed-2050,H2 pipeline,0.07181177318498215,0.0,inf,True,True
H2 pipeline DEE -> DEG-reversed-2050,H2 pipeline,0.05490492483699253,0.0,inf,True,True
H2 pipeline DEF -> NO09-reversed-2050,H2 pipeline,0.0027102918566537034,0.0,inf,True,True
H2 pipeline DEF -> SE2-reversed-2050,H2 pipeline,0.004810150341891377,0.0,inf,True,True
H2 pipeline DK0 -> GBF-reversed-2050,H2 pipeline,0.004615865463610706,0.0,inf,True,True
H2 pipeline DK0 -> NL1-reversed-2050,H2 pipeline,0.027867880172024906,0.0,inf,True,True
H2 pipeline DK0 -> NO09-reversed-2050,H2 pipeline,0.0038041312824497082,0.0,inf,True,True
H2 pipeline DK0 -> SE2-reversed-2050,H2 pipeline,0.0113375510665167,0.0,inf,True,True
H2 pipeline EE0 -> FI1C-reversed-2050,H2 pipeline,66.39332918290935,0.0,inf,True,True
H2 pipeline ES1 -> PT1-reversed-2050,H2 pipeline,152.5218224588196,0.0,inf,True,True
H2 pipeline ES2 -> FRI-reversed-2050,H2 pipeline,226.37377455861412,0.0,inf,True,True
H2 pipeline ES2 -> FRJ-reversed-2050,H2 pipeline,0.023319963922287405,0.0,inf,True,True
H2 pipeline ES4 -> ES5-reversed-2050,H2 pipeline,0.003412760484211864,0.0,inf,True,True
H2 pipeline ES5 -> FRJ-reversed-2050,H2 pipeline,310.5447392534685,0.0,inf,True,True
H2 pipeline ES6 -> PT1-reversed-2050,H2 pipeline,0.10844601176201066,0.0,inf,True,True
H2 pipeline FI19 -> FI1B-reversed-2050,H2 pipeline,163.79735333524164,0.0,inf,True,True
H2 pipeline FI19 -> SE1-reversed-2050,H2 pipeline,0.0027870899857543726,0.0,inf,True,True
H2 pipeline FI19 -> SE3-reversed-2050,H2 pipeline,0.0028380688091841273,0.0,inf,True,True
H2 pipeline FI1C -> FI1D-reversed-2050,H2 pipeline,0.005090394197495449,0.0,inf,True,True
H2 pipeline FI1D -> NO07-reversed-2050,H2 pipeline,0.0030810662022860047,0.0,inf,True,True
H2 pipeline FR1 -> FRB-reversed-2050,H2 pipeline,77.95445715758706,0.0,inf,True,True
H2 pipeline FR1 -> FRC-reversed-2050,H2 pipeline,0.0697887343239036,0.0,inf,True,True
H2 pipeline FR1 -> FRD-reversed-2050,H2 pipeline,381.4582140682013,0.0,inf,True,True
H2 pipeline FR1 -> FRF-reversed-2050,H2 pipeline,68.63601123318372,0.0,inf,True,True
H2 pipeline FRB -> FRC-reversed-2050,H2 pipeline,0.019110695150359732,0.0,inf,True,True
H2 pipeline FRB -> FRG-reversed-2050,H2 pipeline,233.7635223835059,0.0,inf,True,True
H2 pipeline FRB -> FRI-reversed-2050,H2 pipeline,0.004837948631048522,0.0,inf,True,True
H2 pipeline FRB -> FRJ-reversed-2050,H2 pipeline,0.004568603623071755,0.0,inf,True,True
H2 pipeline FRB -> FRK-reversed-2050,H2 pipeline,0.016580706436510734,0.0,inf,True,True
H2 pipeline FRD -> FRE-reversed-2050,H2 pipeline,0.012379135679595931,0.0,inf,True,True
H2 pipeline FRD -> FRG-reversed-2050,H2 pipeline,608.5170428666651,0.0,inf,True,True
H2 pipeline FRD -> FRH-reversed-2050,H2 pipeline,0.009620371486034495,0.0,inf,True,True
H2 pipeline FRD -> GBJ-reversed-2050,H2 pipeline,519.4466908734693,0.0,inf,True,True
H2 pipeline FRE -> GBJ-reversed-2050,H2 pipeline,1939.4125872988664,0.0,inf,True,True
H2 pipeline FRF -> LU0-reversed-2050,H2 pipeline,0.042141190121690535,0.0,inf,True,True
H2 pipeline FRG -> FRH-reversed-2050,H2 pipeline,0.05423918837792004,0.0,inf,True,True
H2 pipeline FRG -> FRI-reversed-2050,H2 pipeline,374.85546891852584,0.0,inf,True,True
H2 pipeline FRH -> IE0-reversed-2050,H2 pipeline,189.19892459531798,0.0,inf,True,True
H2 pipeline FRI -> FRJ-reversed-2050,H2 pipeline,148.52255088618884,0.0,inf,True,True
H2 pipeline FRI -> FRK-reversed-2050,H2 pipeline,0.006907806103890817,0.0,inf,True,True
H2 pipeline FRJ -> FRK-reversed-2050,H2 pipeline,0.00609486359719672,0.0,inf,True,True
H2 pipeline FRJ -> FRL-reversed-2050,H2 pipeline,0.007578155559456991,0.0,inf,True,True
H2 pipeline FRK -> ITC-reversed-2050,H2 pipeline,0.17067481691349223,0.0,inf,True,True
H2 pipeline FRL -> ITC-reversed-2050,H2 pipeline,1170.1500699948479,0.0,inf,True,True
H2 pipeline FRM -> ITG2-reversed-2050,H2 pipeline,0.010188167443097067,0.0,inf,True,True
H2 pipeline FRM -> ITI-reversed-2050,H2 pipeline,160.8229473426833,0.0,inf,True,True
H2 pipeline GBC -> GBD-reversed-2050,H2 pipeline,6.060829686315311,0.0,inf,True,True
H2 pipeline GBC -> GBE-reversed-2050,H2 pipeline,11.682376275863318,0.0,inf,True,True
H2 pipeline GBC -> GBM-reversed-2050,H2 pipeline,235.21011006453236,0.0,inf,True,True
H2 pipeline GBC -> NO0A-reversed-2050,H2 pipeline,0.002709919055382018,0.0,inf,True,True
H2 pipeline GBD -> GBE-reversed-2050,H2 pipeline,586.8927095839688,0.0,inf,True,True
H2 pipeline GBD -> GBG-reversed-2050,H2 pipeline,0.11615729449036995,0.0,inf,True,True
H2 pipeline GBD -> GBL-reversed-2050,H2 pipeline,72.2466887944153,0.0,inf,True,True
H2 pipeline GBD -> GBM-reversed-2050,H2 pipeline,319.47827846108476,0.0,inf,True,True
H2 pipeline GBE -> GBF-reversed-2050,H2 pipeline,795.3259289032864,0.0,inf,True,True
H2 pipeline GBE -> GBH-reversed-2050,H2 pipeline,0.02074271068540821,0.0,inf,True,True
H2 pipeline GBF -> GBG-reversed-2050,H2 pipeline,3.263231033472249,0.0,inf,True,True
H2 pipeline GBF -> GBH-reversed-2050,H2 pipeline,166.05250297708812,0.0,inf,True,True
H2 pipeline GBF -> GBJ-reversed-2050,H2 pipeline,1963.8978075727407,0.0,inf,True,True
H2 pipeline GBG -> GBK-reversed-2050,H2 pipeline,0.14598560292430668,0.0,inf,True,True
H2 pipeline GBG -> GBL-reversed-2050,H2 pipeline,4.399038415949519,0.0,inf,True,True
H2 pipeline GBH -> GBJ-reversed-2050,H2 pipeline,1666.5535581889258,0.0,inf,True,True
H2 pipeline GBJ -> GBK-reversed-2050,H2 pipeline,1265.073258005585,0.0,inf,True,True
H2 pipeline GBJ -> NL3-reversed-2050,H2 pipeline,195.82361335590065,0.0,inf,True,True
H2 pipeline GBK -> GBL-reversed-2050,H2 pipeline,804.0619266749385,0.0,inf,True,True
H2 pipeline GBL -> GBM-reversed-2050,H2 pipeline,0.005393029732997956,0.0,inf,True,True
H2 pipeline GBL -> IE0-reversed-2050,H2 pipeline,569.9345578206736,0.0,inf,True,True
H2 pipeline GBM -> GBN-reversed-2050,H2 pipeline,232.46542257460854,0.0,inf,True,True
H2 pipeline GBN -> IE0-reversed-2050,H2 pipeline,0.06626288265279592,0.0,inf,True,True
H2 pipeline GR5 -> ITF-reversed-2050,H2 pipeline,0.0021021623915673826,0.0,inf,True,True
H2 pipeline GR5 -> MK0-reversed-2050,H2 pipeline,788.2290218211718,0.0,inf,True,True
H2 pipeline HR -> HU-reversed-2050,H2 pipeline,0.0028282852260025923,0.0,inf,True,True
H2 pipeline HR -> RS-reversed-2050,H2 pipeline,0.01340541651828356,0.0,inf,True,True
H2 pipeline HR -> SI0-reversed-2050,H2 pipeline,275.0361160981614,0.0,inf,True,True
H2 pipeline HU -> RO-reversed-2050,H2 pipeline,0.002870386368549908,0.0,inf,True,True
H2 pipeline HU -> RS-reversed-2050,H2 pipeline,140.58210720047373,0.0,inf,True,True
H2 pipeline HU -> SI0-reversed-2050,H2 pipeline,0.0024954695440139395,0.0,inf,True,True
H2 pipeline HU -> SK0-reversed-2050,H2 pipeline,206.7297364090142,0.0,inf,True,True
H2 pipeline ITC -> ITH-reversed-2050,H2 pipeline,944.6428414464549,0.0,inf,True,True
H2 pipeline ITC -> ITI-reversed-2050,H2 pipeline,1153.564877148492,0.0,inf,True,True
H2 pipeline ITF -> ME0-reversed-2050,H2 pipeline,113.17437918273566,0.0,inf,True,True
H2 pipeline ITG2 -> ITI-reversed-2050,H2 pipeline,481.46468541854057,0.0,inf,True,True
H2 pipeline ITH -> SI0-reversed-2050,H2 pipeline,221.07157053705046,0.0,inf,True,True
H2 pipeline LT0 -> PL6-reversed-2050,H2 pipeline,152.7384836284774,0.0,inf,True,True
H2 pipeline LT0 -> SE2-reversed-2050,H2 pipeline,0.011466328280670955,0.0,inf,True,True
H2 pipeline ME0 -> RS-reversed-2050,H2 pipeline,0.052746077284569946,0.0,inf,True,True
H2 pipeline ME0 -> XK-reversed-2050,H2 pipeline,0.25782011561587376,0.0,inf,True,True
H2 pipeline MK0 -> RS-reversed-2050,H2 pipeline,718.0320577748874,0.0,inf,True,True
H2 pipeline MK0 -> XK-reversed-2050,H2 pipeline,34.823578172221474,0.0,inf,True,True
H2 pipeline NL1 -> NO09-reversed-2050,H2 pipeline,0.002504419533611335,0.0,inf,True,True
H2 pipeline NL2 -> NL3-reversed-2050,H2 pipeline,0.11552158205510409,0.0,inf,True,True
H2 pipeline NO02 -> NO08-reversed-2050,H2 pipeline,0.004515645518874063,0.0,inf,True,True
H2 pipeline NO02 -> NO0A-reversed-2050,H2 pipeline,0.004370831881419363,0.0,inf,True,True
H2 pipeline NO06 -> NO07-reversed-2050,H2 pipeline,118.72705611394885,0.0,inf,True,True
H2 pipeline NO06 -> NO0A-reversed-2050,H2 pipeline,0.004133812555448994,0.0,inf,True,True
H2 pipeline NO06 -> SE3-reversed-2050,H2 pipeline,84.10532442723367,0.0,inf,True,True
H2 pipeline NO07 -> SE3-reversed-2050,H2 pipeline,0.006261313040849812,0.0,inf,True,True
H2 pipeline NO08 -> NO09-reversed-2050,H2 pipeline,0.0056006563256217985,0.0,inf,True,True
H2 pipeline NO08 -> NO0A-reversed-2050,H2 pipeline,34.81341250686219,0.0,inf,True,True
H2 pipeline NO08 -> SE2-reversed-2050,H2 pipeline,0.006413354757830457,0.0,inf,True,True
H2 pipeline NO08 -> SE3-reversed-2050,H2 pipeline,0.007905318178497678,0.0,inf,True,True
H2 pipeline NO09 -> NO0A-reversed-2050,H2 pipeline,0.012515772674553368,0.0,inf,True,True
H2 pipeline PL2 -> PL5-reversed-2050,H2 pipeline,231.74169909534137,0.0,inf,True,True
H2 pipeline PL2 -> PL7-reversed-2050,H2 pipeline,0.057298673919094975,0.0,inf,True,True
H2 pipeline PL2 -> PL8-reversed-2050,H2 pipeline,0.03011895596827313,0.0,inf,True,True
H2 pipeline PL4 -> PL5-reversed-2050,H2 pipeline,231.62280092523145,0.0,inf,True,True
H2 pipeline PL4 -> PL7-reversed-2050,H2 pipeline,0.046912285478214084,0.0,inf,True,True
H2 pipeline PL4 -> PL9-reversed-2050,H2 pipeline,0.021506058649609337,0.0,inf,True,True
H2 pipeline PL6 -> PL8-reversed-2050,H2 pipeline,0.004597864880843914,0.0,inf,True,True
H2 pipeline PL6 -> SE2-reversed-2050,H2 pipeline,455.0784554751654,0.0,inf,True,True
H2 pipeline PL7 -> PL8-reversed-2050,H2 pipeline,0.020541810822149245,0.0,inf,True,True
H2 pipeline PL7 -> PL9-reversed-2050,H2 pipeline,0.03412953913528466,0.0,inf,True,True
H2 pipeline PL8 -> SK0-reversed-2050,H2 pipeline,124.0893422420976,0.0,inf,True,True
H2 pipeline RO -> RS-reversed-2050,H2 pipeline,109.52768685009397,0.0,inf,True,True
H2 pipeline RS -> XK-reversed-2050,H2 pipeline,0.24731504696832918,0.0,inf,True,True
H2 pipeline SE1 -> SE2-reversed-2050,H2 pipeline,209.9950265345085,0.0,inf,True,True
H2 pipeline SE1 -> SE3-reversed-2050,H2 pipeline,0.0017691717860939845,0.0,inf,True,True
H2 pipeline SE2 -> SE3-reversed-2050,H2 pipeline,0.0017005449389853856,0.0,inf,True,True
PCI-10.1.3-reversed-2050,H2 pipeline,0.1352380263046784,6261.0,inf,True,True
PCI-10.1.2-reversed-2050,H2 pipeline,73.26295048724754,7001.0,inf,True,True
PCI-10.4-01-reversed-2050,H2 pipeline,0.01146749633725493,6267.0,inf,True,True
PCI-9.5-01-reversed-2050,H2 pipeline,0.11841303498060257,3805.0,inf,True,True
PCI-9.6-01-reversed-2050,H2 pipeline,0.07035969422899646,4003.0,inf,True,True
PCI-9.5-02-reversed-2050,H2 pipeline,1367.7217185149075,3805.0,inf,True,True
PCI-9.4-01-reversed-2050,H2 pipeline,358.1647860606692,3778.0,inf,True,True
PCI-9.5-03-reversed-2050,H2 pipeline,716.8250722559144,3805.0,inf,True,True
PCI-10.3.1-01-reversed-2050,H2 pipeline,527.1997716399756,3424.0,inf,True,True
PCI-10.2.1+1-reversed-2050,H2 pipeline,0.008533315292837441,12262.0,inf,True,True
PCI-10.2.1-reversed-2050,H2 pipeline,842.8415123066234,5995.0,inf,True,True
PCI-10.4-02-reversed-2050,H2 pipeline,254.83141209743752,6267.0,inf,True,True
PCI-9.4-02-reversed-2050,H2 pipeline,12.4449927189548,3778.0,inf,True,True
PCI-9.4-03-reversed-2050,H2 pipeline,0.016468276269826464,3778.0,inf,True,True
PCI-9.2.1-reversed-2050,H2 pipeline,347.9894056257764,507.0,inf,True,True
PCI-9.1.6-01-reversed-2050,H2 pipeline,0.30202841842564715,8057.0,inf,True,True
PCI-10.2.2-01-reversed-2050,H2 pipeline,1145.5091832646074,10056.0,inf,True,True
PCI-10.2.2-02-reversed-2050,H2 pipeline,841.7368324650513,10056.0,inf,True,True
PCI-11.2-01-reversed-2050,H2 pipeline,231.37516774569076,8281.0,inf,True,True
PCI-9.1.6+1-01-reversed-2050,H2 pipeline,0.029220832409501525,11835.0,inf,True,True
PCI-11.3-01-reversed-2050,H2 pipeline,0.010552932748959193,20546.0,inf,True,True
PCI-9.7.1+1-reversed-2050,H2 pipeline,560.067186651831,3532.0,inf,True,True
PCI-9.9.1-reversed-2050,H2 pipeline,275.31202023889483,10146.0,inf,True,True
PCI-9.6+1-01-reversed-2050,H2 pipeline,50.25101505353526,5297.0,inf,True,True
PCI-9.25-01-reversed-2050,H2 pipeline,0.0031213757717346033,15219.0,inf,True,True
PCI-9.4+1-reversed-2050,H2 pipeline,0.02541241916493332,13536.0,inf,True,True
PCI-9.7.3-reversed-2050,H2 pipeline,0.08638433029981629,9758.0,inf,True,True
PCI-9.1.6-02-reversed-2050,H2 pipeline,0.02092416309301343,8057.0,inf,True,True
PCI-9.1.6+1-02-reversed-2050,H2 pipeline,189.0207810926222,8818.0,inf,True,True
PCI-9.9.2-reversed-2050,H2 pipeline,515.2047636121555,2489.0,inf,True,True
PCI-11.2-02-reversed-2050,H2 pipeline,147.68781025897403,8281.0,inf,True,True
PCI-11.2-03-reversed-2050,H2 pipeline,265.6978815151909,8281.0,inf,True,True
PCI-9.1.3-01-reversed-2050,H2 pipeline,0.055055766757716874,13429.0,inf,True,True
PCI-9.1.3-02-reversed-2050,H2 pipeline,188.59470753826898,13429.0,inf,True,True
PCI-9.1.3-03-reversed-2050,H2 pipeline,0.006409353863150099,13429.0,inf,True,True
PCI-9.1.3-04-reversed-2050,H2 pipeline,593.601514283609,13429.0,inf,True,True
PCI-9.1.3-05-reversed-2050,H2 pipeline,981.4128814101156,13429.0,inf,True,True
PCI-9.1.2-reversed-2050,H2 pipeline,0.006229367454265228,3357.0,inf,True,True
PCI-9.1.3-06-reversed-2050,H2 pipeline,0.0030390958026307573,13429.0,inf,True,True
PCI-9.1.4-reversed-2050,H2 pipeline,1901.4837530655188,8952.0,inf,True,True
PCI-11.2-04-reversed-2050,H2 pipeline,339.7400975118629,8281.0,inf,True,True
PCI-11.1-01-reversed-2050,H2 pipeline,0.006486786994169306,18601.0,inf,True,True
PCI-11.2-05-reversed-2050,H2 pipeline,0.04681984202300169,8281.0,inf,True,True
PCI-11.3-02-reversed-2050,H2 pipeline,0.00313725035876927,20546.0,inf,True,True
PCI-11.1-02-reversed-2050,H2 pipeline,54.80386175868544,18601.0,inf,True,True
PCI-9.3-01-reversed-2050,H2 pipeline,193.83585259026654,5073.0,inf,True,True
PCI-9.1.5-01-reversed-2050,H2 pipeline,3.0482181484805424,8952.0,inf,True,True
PCI-9.1.5-02-reversed-2050,H2 pipeline,0.007314085849117961,8952.0,inf,True,True
PCI-9.3-02-reversed-2050,H2 pipeline,1750.9141829942162,5073.0,inf,True,True
PCI-9.1.5-03-reversed-2050,H2 pipeline,0.008339938145154428,8952.0,inf,True,True
PCI-10.3.1-02-reversed-2050,H2 pipeline,94.22573302714383,3424.0,inf,True,True
PCI-10.3.1-03-reversed-2050,H2 pipeline,1490.2990112298005,3424.0,inf,True,True
PCI-10.1.1-01-reversed-2050,H2 pipeline,165.2985073019138,18601.0,inf,True,True
PCI-10.1.1-02-reversed-2050,H2 pipeline,1457.739974466026,18601.0,inf,True,True
PCI-10.1.1-03-reversed-2050,H2 pipeline,278.88930335354945,18601.0,inf,True,True
PCI-11.2-06-reversed-2050,H2 pipeline,265.69609111590916,8281.0,inf,True,True
PCI-11.2-07-reversed-2050,H2 pipeline,48.54793955964007,8281.0,inf,True,True
PCI-9.6-02-reversed-2050,H2 pipeline,2059.485502017404,4003.0,inf,True,True
PCI-9.6-03-reversed-2050,H2 pipeline,1376.168300594634,4003.0,inf,True,True
PCI-9.6+1-02-reversed-2050,H2 pipeline,7.456693705084651,13761.0,inf,True,True
PCI-9.25-02-reversed-2050,H2 pipeline,0.0023938432858579307,15219.0,inf,True,True
PCI-11.3-03-reversed-2050,H2 pipeline,0.01037260816669767,20546.0,inf,True,True
PCI-11.3-04-reversed-2050,H2 pipeline,0.010336971965440278,20546.0,inf,True,True
PCI-11.3-05-reversed-2050,H2 pipeline,0.007275947568738836,20546.0,inf,True,True
PCI-11.2-08-reversed-2050,H2 pipeline,1.4303129127855914,8281.0,inf,True,True
PCI-11.2-10-reversed-2050,H2 pipeline,0.3545157258317643,8281.0,inf,True,True
PCI-11.2-11-reversed-2050,H2 pipeline,0.024250011015933808,8281.0,inf,True,True
GBD offshore 0 co2 stored pipeline-2040,CO2 pipeline,4525.0800504136505,4525.0800504136505,inf,False,True
GBE offshore 0 co2 stored pipeline-2040,CO2 pipeline,636.774005257196,636.774005257196,inf,False,True
GBE offshore 1 co2 stored pipeline-2040,CO2 pipeline,702.0934700556327,702.0934700556327,inf,False,True
GBF offshore 0 co2 stored pipeline-2040,CO2 pipeline,1430.0704970029653,1430.0704970029653,inf,False,True
GBH offshore 0 co2 stored pipeline-2040,CO2 pipeline,11996.171873648811,11996.171873648811,inf,False,True
GBL offshore 0 co2 stored pipeline-2040,CO2 pipeline,94.04174700582925,94.04174700582925,inf,False,True
GBM offshore 0 co2 stored pipeline-2040,CO2 pipeline,12864.684957683508,12864.684957683508,inf,False,True
GR5 offshore 0 co2 stored pipeline-2040,CO2 pipeline,12.936133184615723,12.936133184615723,inf,False,True
NL3 offshore 0 co2 stored pipeline-2040,CO2 pipeline,30.301875161548264,30.301875161548264,inf,False,True
NO0A offshore 0 co2 stored pipeline-2040,CO2 pipeline,410.1417709176017,410.1417709176017,inf,False,True
H2 pipeline AL0 -> GR5-2040,H2 pipeline,56.412419898040085,56.412419898040085,inf,False,True
H2 pipeline AL0 -> ME0-2040,H2 pipeline,51.838896476496615,51.838896476496615,inf,False,True
H2 pipeline AT -> CZ0-2040,H2 pipeline,43.07490268571231,43.07490268571231,inf,False,True
H2 pipeline AT -> DE1-2040,H2 pipeline,625.1289634081062,625.1289634081062,inf,False,True
H2 pipeline AT -> SI0-2040,H2 pipeline,239.86102663917808,239.86102663917808,inf,False,True
H2 pipeline BA -> HR-2040,H2 pipeline,262.5395977938924,262.5395977938924,inf,False,True
H2 pipeline BA -> ME0-2040,H2 pipeline,202.7641710214114,202.7641710214114,inf,False,True
H2 pipeline BE1+1 -> FRE-2040,H2 pipeline,1853.7722878593515,1853.7722878593515,inf,False,True
H2 pipeline BE1+1 -> GBJ-2040,H2 pipeline,11211.801340035743,11211.801340035743,inf,False,True
H2 pipeline BE3 -> FRF-2040,H2 pipeline,871.7508675293741,871.7508675293741,inf,False,True
H2 pipeline BE3 -> LU0-2040,H2 pipeline,565.0410420538689,565.0410420538689,inf,False,True
H2 pipeline CH0 -> DE1-2040,H2 pipeline,332.6901398004903,332.6901398004903,inf,False,True
H2 pipeline CH0 -> FRF-2040,H2 pipeline,4299.277341355428,4299.277341355428,inf,False,True
H2 pipeline CH0 -> ITC-2040,H2 pipeline,4600.455413675579,4600.455413675579,inf,False,True
H2 pipeline CZ0 -> PL2-2040,H2 pipeline,79.00036320174794,79.00036320174794,inf,False,True
H2 pipeline DE4 -> DEE-2040,H2 pipeline,182.14626815987984,182.14626815987984,inf,False,True
H2 pipeline DE7 -> DEA-2040,H2 pipeline,489.20069453143793,489.20069453143793,inf,False,True
H2 pipeline DE8 -> DK0-2040,H2 pipeline,2048.106062554632,2048.106062554632,inf,False,True
H2 pipeline DE9 -> DED-2040,H2 pipeline,2419.249873010008,2419.249873010008,inf,False,True
H2 pipeline DE9 -> DEE-2040,H2 pipeline,224.61430150059059,224.61430150059059,inf,False,True
H2 pipeline DEA -> NL2-2040,H2 pipeline,7506.426870059587,7506.426870059587,inf,False,True
H2 pipeline DEB -> LU0-2040,H2 pipeline,604.7659389811062,604.7659389811062,inf,False,True
H2 pipeline DED -> PL5-2040,H2 pipeline,173.860354657815,173.860354657815,inf,False,True
H2 pipeline DK0 -> GBF-2040,H2 pipeline,1471.3819352713274,1471.3819352713274,inf,False,True
H2 pipeline DK0 -> NL1-2040,H2 pipeline,324.5182195685624,324.5182195685624,inf,False,True
H2 pipeline DK0 -> NO09-2040,H2 pipeline,572.5240529225847,572.5240529225847,inf,False,True
H2 pipeline DK0 -> SE2-2040,H2 pipeline,2566.403717643443,2566.403717643443,inf,False,True
H2 pipeline EE0 -> FI1C-2040,H2 pipeline,98.62506730400173,98.62506730400173,inf,False,True
H2 pipeline ES1 -> PT1-2040,H2 pipeline,1562.9443609101143,1562.9443609101143,inf,False,True
H2 pipeline ES2 -> FRI-2040,H2 pipeline,1368.855443137267,1368.855443137267,inf,False,True
H2 pipeline ES2 -> FRJ-2040,H2 pipeline,179.26362730121082,179.26362730121082,inf,False,True
H2 pipeline ES5 -> FRJ-2040,H2 pipeline,66.57793834805317,66.57793834805317,inf,False,True
H2 pipeline ES6 -> PT1-2040,H2 pipeline,524.5369237781904,524.5369237781904,inf,False,True
H2 pipeline FI19 -> FI1B-2040,H2 pipeline,349.0512528499538,349.0512528499538,inf,False,True
H2 pipeline FI19 -> SE1-2040,H2 pipeline,279.618250860279,279.618250860279,inf,False,True
H2 pipeline FI19 -> SE3-2040,H2 pipeline,1320.46841541453,1320.46841541453,inf,False,True
H2 pipeline FI1D -> NO07-2040,H2 pipeline,10.296082596526226,10.296082596526226,inf,False,True
H2 pipeline FR1 -> FRC-2040,H2 pipeline,2035.1442536307347,2035.1442536307347,inf,False,True
H2 pipeline FR1 -> FRD-2040,H2 pipeline,1140.8867452578563,1140.8867452578563,inf,False,True
H2 pipeline FRB -> FRG-2040,H2 pipeline,1277.5665827716398,1277.5665827716398,inf,False,True
H2 pipeline FRB -> FRK-2040,H2 pipeline,1277.4904519605768,1277.4904519605768,inf,False,True
H2 pipeline FRD -> FRE-2040,H2 pipeline,808.9830007948718,808.9830007948718,inf,False,True
H2 pipeline FRD -> FRG-2040,H2 pipeline,1802.3627552066587,1802.3627552066587,inf,False,True
H2 pipeline FRD -> GBJ-2040,H2 pipeline,2043.8962273443058,2043.8962273443058,inf,False,True
H2 pipeline FRE -> GBJ-2040,H2 pipeline,2748.783526794687,2748.783526794687,inf,False,True
H2 pipeline FRF -> LU0-2040,H2 pipeline,41.086057961488834,41.086057961488834,inf,False,True
H2 pipeline FRG -> FRH-2040,H2 pipeline,5268.474892955898,5268.474892955898,inf,False,True
H2 pipeline FRG -> FRI-2040,H2 pipeline,4240.135342760554,4240.135342760554,inf,False,True
H2 pipeline FRH -> IE0-2040,H2 pipeline,1838.6223540267245,1838.6223540267245,inf,False,True
H2 pipeline FRI -> FRJ-2040,H2 pipeline,131.16285713827367,131.16285713827367,inf,False,True
H2 pipeline FRJ -> FRL-2040,H2 pipeline,15.528926819364775,15.528926819364775,inf,False,True
H2 pipeline FRL -> ITC-2040,H2 pipeline,2632.5016098409037,2632.5016098409037,inf,False,True
H2 pipeline FRM -> ITI-2040,H2 pipeline,84.47403824665135,84.47403824665135,inf,False,True
H2 pipeline GBC -> GBD-2040,H2 pipeline,691.7399218870744,691.7399218870744,inf,False,True
H2 pipeline GBC -> GBE-2040,H2 pipeline,2613.879672479081,2613.879672479081,inf,False,True
H2 pipeline GBC -> GBM-2040,H2 pipeline,1494.8435059913907,1494.8435059913907,inf,False,True
H2 pipeline GBC -> NO0A-2040,H2 pipeline,749.251538098413,749.251538098413,inf,False,True
H2 pipeline GBD -> GBM-2040,H2 pipeline,1203.4039966554012,1203.4039966554012,inf,False,True
H2 pipeline GBE -> GBF-2040,H2 pipeline,4374.78751306436,4374.78751306436,inf,False,True
H2 pipeline GBF -> GBH-2040,H2 pipeline,1944.2283677906366,1944.2283677906366,inf,False,True
H2 pipeline GBF -> GBJ-2040,H2 pipeline,4621.193270537701,4621.193270537701,inf,False,True
H2 pipeline GBH -> GBJ-2040,H2 pipeline,2276.3893572699635,2276.3893572699635,inf,False,True
H2 pipeline GBJ -> GBK-2040,H2 pipeline,6787.122240645015,6787.122240645015,inf,False,True
H2 pipeline GBJ -> NL3-2040,H2 pipeline,122.79834948099382,122.79834948099382,inf,False,True
H2 pipeline GBK -> GBL-2040,H2 pipeline,2191.290624773422,2191.290624773422,inf,False,True
H2 pipeline GBL -> IE0-2040,H2 pipeline,1250.7607345783856,1250.7607345783856,inf,False,True
H2 pipeline GBM -> GBN-2040,H2 pipeline,1578.0920471115153,1578.0920471115153,inf,False,True
H2 pipeline GBN -> IE0-2040,H2 pipeline,2094.424222523221,2094.424222523221,inf,False,True
H2 pipeline GR5 -> ITF-2040,H2 pipeline,141.32377321999616,141.32377321999616,inf,False,True
H2 pipeline GR5 -> MK0-2040,H2 pipeline,828.3082539235097,828.3082539235097,inf,False,True
H2 pipeline HR -> SI0-2040,H2 pipeline,344.1492870368031,344.1492870368031,inf,False,True
H2 pipeline HU -> RO-2040,H2 pipeline,107.33675752349667,107.33675752349667,inf,False,True
H2 pipeline HU -> RS-2040,H2 pipeline,1109.7704670511848,1109.7704670511848,inf,False,True
H2 pipeline HU -> SK0-2040,H2 pipeline,1285.6561867822775,1285.6561867822775,inf,False,True
H2 pipeline ITC -> ITH-2040,H2 pipeline,355.45216986390676,355.45216986390676,inf,False,True
H2 pipeline ITC -> ITI-2040,H2 pipeline,4638.295985723415,4638.295985723415,inf,False,True
H2 pipeline ITF -> ME0-2040,H2 pipeline,1164.4578253844218,1164.4578253844218,inf,False,True
H2 pipeline ITG2 -> ITI-2040,H2 pipeline,1085.3987164077514,1085.3987164077514,inf,False,True
H2 pipeline ITH -> SI0-2040,H2 pipeline,158.24390228897943,158.24390228897943,inf,False,True
H2 pipeline LT0 -> PL6-2040,H2 pipeline,395.02200223109287,395.02200223109287,inf,False,True
H2 pipeline LT0 -> SE2-2040,H2 pipeline,1305.618482718255,1305.618482718255,inf,False,True
H2 pipeline ME0 -> RS-2040,H2 pipeline,758.8765418803342,758.8765418803342,inf,False,True
H2 pipeline ME0 -> XK-2040,H2 pipeline,23.02192124162591,23.02192124162591,inf,False,True
H2 pipeline MK0 -> RS-2040,H2 pipeline,749.4613215246762,749.4613215246762,inf,False,True
H2 pipeline MK0 -> XK-2040,H2 pipeline,34.52804500270559,34.52804500270559,inf,False,True
H2 pipeline NL1 -> NO09-2040,H2 pipeline,95.6868964893718,95.6868964893718,inf,False,True
H2 pipeline NL2 -> NL3-2040,H2 pipeline,5405.771442497716,5405.771442497716,inf,False,True
H2 pipeline NO02 -> NO08-2040,H2 pipeline,177.53231348130532,177.53231348130532,inf,False,True
H2 pipeline NO06 -> NO07-2040,H2 pipeline,125.53934422072338,125.53934422072338,inf,False,True
H2 pipeline NO06 -> NO0A-2040,H2 pipeline,659.8609915522644,659.8609915522644,inf,False,True
H2 pipeline NO06 -> SE3-2040,H2 pipeline,1272.1246577452519,1272.1246577452519,inf,False,True
H2 pipeline NO08 -> NO09-2040,H2 pipeline,180.66725222303162,180.66725222303162,inf,False,True
H2 pipeline NO08 -> NO0A-2040,H2 pipeline,88.39608388001434,88.39608388001434,inf,False,True
H2 pipeline NO08 -> SE2-2040,H2 pipeline,88.44384378981299,88.44384378981299,inf,False,True
H2 pipeline NO08 -> SE3-2040,H2 pipeline,181.38132186848452,181.38132186848452,inf,False,True
H2 pipeline PL2 -> PL5-2040,H2 pipeline,223.7160298027492,223.7160298027492,inf,False,True
H2 pipeline PL2 -> PL8-2040,H2 pipeline,79.0254400323253,79.0254400323253,inf,False,True
H2 pipeline PL4 -> PL5-2040,H2 pipeline,51.0967187063611,51.0967187063611,inf,False,True
H2 pipeline PL6 -> PL8-2040,H2 pipeline,46.29363054191793,46.29363054191793,inf,False,True
H2 pipeline PL6 -> SE2-2040,H2 pipeline,279.2946930247983,279.2946930247983,inf,False,True
H2 pipeline PL8 -> SK0-2040,H2 pipeline,351.61826136707236,351.61826136707236,inf,False,True
H2 pipeline RS -> XK-2040,H2 pipeline,23.00261339575669,23.00261339575669,inf,False,True
H2 pipeline SE1 -> SE2-2040,H2 pipeline,1283.8204020481935,1283.8204020481935,inf,False,True
PCI-10.1.3-2040,H2 pipeline,485.0764949025466,485.0764949025466,inf,False,True
PCI-10.1.2-2040,H2 pipeline,605.1720036408851,605.1720036408851,inf,False,True
PCI-9.5-01-2040,H2 pipeline,913.7047860144099,913.7047860144099,inf,False,True
PCI-9.5-02-2040,H2 pipeline,2578.849226292694,2578.849226292694,inf,False,True
PCI-9.4-01-2040,H2 pipeline,526.5533922103973,526.5533922103973,inf,False,True
PCI-9.5-03-2040,H2 pipeline,792.8677018100544,792.8677018100544,inf,False,True
PCI-10.2.1-2040,H2 pipeline,2241.980840877493,2241.980840877493,inf,False,True
PCI-10.4-02-2040,H2 pipeline,1100.9019337950324,1100.9019337950324,inf,False,True
PCI-9.4-03-2040,H2 pipeline,331.54896546080334,331.54896546080334,inf,False,True
PCI-9.2.1-2040,H2 pipeline,625.2715457795999,625.2715457795999,inf,False,True
PCI-9.1.6-01-2040,H2 pipeline,489.2948119023323,489.2948119023323,inf,False,True
PCI-10.2.2-01-2040,H2 pipeline,3295.4088511366162,3295.4088511366162,inf,False,True
PCI-11.2-01-2040,H2 pipeline,52.61530097849793,52.61530097849793,inf,False,True
PCI-9.9.1-2040,H2 pipeline,1257.6847814360624,1257.6847814360624,inf,False,True
PCI-9.6+1-01-2040,H2 pipeline,1912.928949451071,1912.928949451071,inf,False,True
PCI-9.7.3-2040,H2 pipeline,935.6773203529168,935.6773203529168,inf,False,True
PCI-9.1.6-02-2040,H2 pipeline,181.56100581684194,181.56100581684194,inf,False,True
PCI-9.1.6+1-02-2040,H2 pipeline,414.51901298148044,414.51901298148044,inf,False,True
PCI-9.9.2-2040,H2 pipeline,2469.935276149577,2469.935276149577,inf,False,True
PCI-11.2-02-2040,H2 pipeline,184.52617561757526,184.52617561757526,inf,False,True
PCI-11.2-03-2040,H2 pipeline,302.5713994335403,302.5713994335403,inf,False,True
PCI-9.1.3-01-2040,H2 pipeline,31.670611652379254,31.670611652379254,inf,False,True
PCI-9.1.3-03-2040,H2 pipeline,832.3395856726354,832.3395856726354,inf,False,True
PCI-9.1.3-04-2040,H2 pipeline,19.261162616576932,19.261162616576932,inf,False,True
PCI-9.1.3-05-2040,H2 pipeline,644.5635568509852,644.5635568509852,inf,False,True
PCI-9.1.2-2040,H2 pipeline,79.72770790801825,79.72770790801825,inf,False,True
PCI-11.2-04-2040,H2 pipeline,1595.7907344639204,1595.7907344639204,inf,False,True
PCI-11.3-02-2040,H2 pipeline,899.3430714989428,899.3430714989428,inf,False,True
PCI-11.1-02-2040,H2 pipeline,115.28088816892213,115.28088816892213,inf,False,True
PCI-9.3-01-2040,H2 pipeline,901.776392763038,901.776392763038,inf,False,True
PCI-9.1.5-02-2040,H2 pipeline,2035.532815764354,2035.532815764354,inf,False,True
PCI-9.3-02-2040,H2 pipeline,4016.877931103105,4016.877931103105,inf,False,True
PCI-9.1.5-03-2040,H2 pipeline,3308.922538233428,3308.922538233428,inf,False,True
PCI-10.3.1-02-2040,H2 pipeline,332.11737219173193,332.11737219173193,inf,False,True
PCI-10.3.1-03-2040,H2 pipeline,1629.2179544693815,1629.2179544693815,inf,False,True
PCI-10.1.1-01-2040,H2 pipeline,1695.5333774252395,1695.5333774252395,inf,False,True
PCI-10.1.1-02-2040,H2 pipeline,2757.0708005032616,2757.0708005032616,inf,False,True
PCI-10.1.1-03-2040,H2 pipeline,705.3210314823715,705.3210314823715,inf,False,True
PCI-11.2-06-2040,H2 pipeline,1061.8424810000918,1061.8424810000918,inf,False,True
PCI-11.2-07-2040,H2 pipeline,226.6920927037379,226.6920927037379,inf,False,True
PCI-9.6-02-2040,H2 pipeline,3389.4761952204867,3389.4761952204867,inf,False,True
PCI-9.6-03-2040,H2 pipeline,496.85128994238124,496.85128994238124,inf,False,True
PCI-9.6+1-02-2040,H2 pipeline,2706.1080125457793,2706.1080125457793,inf,False,True
PCI-11.3-05-2040,H2 pipeline,904.4281143138471,904.4281143138471,inf,False,True
CO2 pipeline AL0 -> GR5-2040,CO2 pipeline,27.760521076592735,27.760521076592735,inf,False,True
CO2 pipeline AL0 -> ME0-2040,CO2 pipeline,12.987784289878219,12.987784289878219,inf,False,True
CO2 pipeline AT -> CZ0-2040,CO2 pipeline,224.96343542617157,224.96343542617157,inf,False,True
CO2 pipeline AT -> DE1-2040,CO2 pipeline,2684.5697633405644,2684.5697633405644,inf,False,True
CO2 pipeline AT -> HU-2040,CO2 pipeline,561.130905306661,561.130905306661,inf,False,True
CO2 pipeline AT -> SI0-2040,CO2 pipeline,679.1767320905817,679.1767320905817,inf,False,True
CO2 pipeline BA -> HR-2040,CO2 pipeline,135.53388556258457,135.53388556258457,inf,False,True
CO2 pipeline BE1+1 -> FRE-2040,CO2 pipeline,189.8351404019081,189.8351404019081,inf,False,True
CO2 pipeline BE3 -> LU0-2040,CO2 pipeline,362.4594183021135,362.4594183021135,inf,False,True
CO2 pipeline BG -> GR5-2040,CO2 pipeline,358.79343554357945,358.79343554357945,inf,False,True
CO2 pipeline CH0 -> FRF-2040,CO2 pipeline,1088.2697762877526,1088.2697762877526,inf,False,True
CO2 pipeline CH0 -> ITC-2040,CO2 pipeline,709.3015252332742,709.3015252332742,inf,False,True
CO2 pipeline CZ0 -> DED-2040,CO2 pipeline,3212.70138765991,3212.70138765991,inf,False,True
CO2 pipeline CZ0 -> SK0-2040,CO2 pipeline,1945.5958006498345,1945.5958006498345,inf,False,True
CO2 pipeline DE1 -> DE2-2040,CO2 pipeline,1206.7329866486975,1206.7329866486975,inf,False,True
CO2 pipeline DE1 -> FRF-2040,CO2 pipeline,4880.506011849175,4880.506011849175,inf,False,True
CO2 pipeline DE4 -> DE8-2040,CO2 pipeline,1784.5885071135717,1784.5885071135717,inf,False,True
CO2 pipeline DE4 -> DED-2040,CO2 pipeline,174.46340804040966,174.46340804040966,inf,False,True
CO2 pipeline DE4 -> DEE-2040,CO2 pipeline,47.547273490742484,47.547273490742484,inf,False,True
CO2 pipeline DE4 -> PL4-2040,CO2 pipeline,2195.0107597887836,2195.0107597887836,inf,False,True
CO2 pipeline DE7 -> DEA-2040,CO2 pipeline,407.2502299240138,407.2502299240138,inf,False,True
CO2 pipeline DE7 -> DEG-2040,CO2 pipeline,101.43489962931471,101.43489962931471,inf,False,True
CO2 pipeline DE8 -> DEF-2040,CO2 pipeline,1783.2686961128009,1783.2686961128009,inf,False,True
CO2 pipeline DE9 -> DED-2040,CO2 pipeline,4311.7831939059415,4311.7831939059415,inf,False,True
CO2 pipeline DEA -> NL2-2040,CO2 pipeline,2015.303246769888,2015.303246769888,inf,False,True
CO2 pipeline DEA -> NL4-2040,CO2 pipeline,1091.4842571116365,1091.4842571116365,inf,False,True
CO2 pipeline DEB -> LU0-2040,CO2 pipeline,266.0142340608608,266.0142340608608,inf,False,True
CO2 pipeline DEC -> FRF-2040,CO2 pipeline,278.3880906486974,278.3880906486974,inf,False,True
CO2 pipeline DED -> PL5-2040,CO2 pipeline,988.3881449308096,988.3881449308096,inf,False,True
CO2 pipeline DK0 -> SE2-2040,CO2 pipeline,990.4856327252139,990.4856327252139,inf,False,True
CO2 pipeline ES1 -> ES2-2040,CO2 pipeline,217.10670412925447,217.10670412925447,inf,False,True
CO2 pipeline ES2 -> ES4-2040,CO2 pipeline,1702.3900972970373,1702.3900972970373,inf,False,True
CO2 pipeline ES4 -> ES6-2040,CO2 pipeline,222.79045917576153,222.79045917576153,inf,False,True
CO2 pipeline ES4 -> PT1-2040,CO2 pipeline,804.6419043920102,804.6419043920102,inf,False,True
CO2 pipeline ES5 -> FRJ-2040,CO2 pipeline,1043.7248763152986,1043.7248763152986,inf,False,True
CO2 pipeline FI19 -> FI1B-2040,CO2 pipeline,64.30461790242697,64.30461790242697,inf,False,True
CO2 pipeline FI19 -> FI1C-2040,CO2 pipeline,573.4562030712774,573.4562030712774,inf,False,True
CO2 pipeline FI19 -> SE3-2040,CO2 pipeline,1193.798476818223,1193.798476818223,inf,False,True
CO2 pipeline FI1D -> SE3-2040,CO2 pipeline,940.52451404185,940.52451404185,inf,False,True
CO2 pipeline FR1 -> FRB-2040,CO2 pipeline,86.0340650115618,86.0340650115618,inf,False,True
CO2 pipeline FR1 -> FRC-2040,CO2 pipeline,774.0379462641873,774.0379462641873,inf,False,True
CO2 pipeline FR1 -> FRE-2040,CO2 pipeline,1209.2586404702172,1209.2586404702172,inf,False,True
CO2 pipeline FR1 -> FRF-2040,CO2 pipeline,48.79705340254701,48.79705340254701,inf,False,True
CO2 pipeline FRB -> FRI-2040,CO2 pipeline,25.81055587196505,25.81055587196505,inf,False,True
CO2 pipeline FRC -> FRF-2040,CO2 pipeline,25.82514479337693,25.82514479337693,inf,False,True
CO2 pipeline FRC -> FRK-2040,CO2 pipeline,650.9721102688108,650.9721102688108,inf,False,True
CO2 pipeline FRD -> FRE-2040,CO2 pipeline,47.240591547029815,47.240591547029815,inf,False,True
CO2 pipeline FRD -> FRG-2040,CO2 pipeline,1472.3955330302495,1472.3955330302495,inf,False,True
CO2 pipeline FRD -> GBJ-2040,CO2 pipeline,1884.31586946242,1884.31586946242,inf,False,True
CO2 pipeline FRE -> FRF-2040,CO2 pipeline,6860.311209188339,6860.311209188339,inf,False,True
CO2 pipeline FRE -> GBJ-2040,CO2 pipeline,8273.038383728981,8273.038383728981,inf,False,True
CO2 pipeline FRG -> FRH-2040,CO2 pipeline,750.0305440979226,750.0305440979226,inf,False,True
CO2 pipeline FRG -> FRI-2040,CO2 pipeline,2491.4080993621806,2491.4080993621806,inf,False,True
CO2 pipeline FRL -> ITC-2040,CO2 pipeline,134.66591355381823,134.66591355381823,inf,False,True
CO2 pipeline FRM -> ITG2-2040,CO2 pipeline,39.98670211349674,39.98670211349674,inf,False,True
CO2 pipeline FRM -> ITI-2040,CO2 pipeline,43.42089856855409,43.42089856855409,inf,False,True
CO2 pipeline GBC -> GBD-2040,CO2 pipeline,38.35560336503431,38.35560336503431,inf,False,True
CO2 pipeline GBC -> GBM-2040,CO2 pipeline,13.02057141925435,13.02057141925435,inf,False,True
CO2 pipeline GBD -> GBM-2040,CO2 pipeline,30.014318790585857,30.014318790585857,inf,False,True
CO2 pipeline GBF -> GBG-2040,CO2 pipeline,691.7300771291814,691.7300771291814,inf,False,True
CO2 pipeline GBG -> GBK-2040,CO2 pipeline,306.14477572375705,306.14477572375705,inf,False,True
CO2 pipeline GBH -> GBJ-2040,CO2 pipeline,11123.385276376393,11123.385276376393,inf,False,True
CO2 pipeline GBJ -> GBK-2040,CO2 pipeline,134.28117257662072,134.28117257662072,inf,False,True
CO2 pipeline GBL -> IE0-2040,CO2 pipeline,65.64185344691472,65.64185344691472,inf,False,True
CO2 pipeline GBN -> IE0-2040,CO2 pipeline,13.01728625265409,13.01728625265409,inf,False,True
CO2 pipeline GR5 -> ITF-2040,CO2 pipeline,142.77290519352334,142.77290519352334,inf,False,True
CO2 pipeline GR5 -> MK0-2040,CO2 pipeline,130.83597391121012,130.83597391121012,inf,False,True
CO2 pipeline HR -> RS-2040,CO2 pipeline,36.9446213580251,36.9446213580251,inf,False,True
CO2 pipeline HR -> SI0-2040,CO2 pipeline,431.59269782597534,431.59269782597534,inf,False,True
CO2 pipeline HU -> RO-2040,CO2 pipeline,1151.939343198599,1151.939343198599,inf,False,True
CO2 pipeline HU -> SK0-2040,CO2 pipeline,1236.414248330648,1236.414248330648,inf,False,True
CO2 pipeline ITC -> ITH-2040,CO2 pipeline,229.31809834109916,229.31809834109916,inf,False,True
CO2 pipeline ITF -> ITG1-2040,CO2 pipeline,493.27974198167806,493.27974198167806,inf,False,True
CO2 pipeline ITF -> ITI-2040,CO2 pipeline,324.21979606030465,324.21979606030465,inf,False,True
CO2 pipeline ITH -> ITI-2040,CO2 pipeline,613.5427353222015,613.5427353222015,inf,False,True
CO2 pipeline ITH -> SI0-2040,CO2 pipeline,30.25424726801014,30.25424726801014,inf,False,True
CO2 pipeline LT0 -> LV0-2040,CO2 pipeline,26.24604685608445,26.24604685608445,inf,False,True
CO2 pipeline LT0 -> PL6-2040,CO2 pipeline,26.830459572301645,26.830459572301645,inf,False,True
CO2 pipeline MK0 -> RS-2040,CO2 pipeline,132.8385175515446,132.8385175515446,inf,False,True
CO2 pipeline NL1 -> NL2-2040,CO2 pipeline,48.9575410292525,48.9575410292525,inf,False,True
CO2 pipeline NL2 -> NL3-2040,CO2 pipeline,2301.2301878422795,2301.2301878422795,inf,False,True
CO2 pipeline NO06 -> NO07-2040,CO2 pipeline,284.96058115136873,284.96058115136873,inf,False,True
CO2 pipeline NO06 -> NO0A-2040,CO2 pipeline,3423.670440618334,3423.670440618334,inf,False,True
CO2 pipeline NO06 -> SE3-2040,CO2 pipeline,3047.8029159039406,3047.8029159039406,inf,False,True
CO2 pipeline NO08 -> NO0A-2040,CO2 pipeline,475.276262252477,475.276262252477,inf,False,True
CO2 pipeline NO08 -> SE2-2040,CO2 pipeline,411.153361201687,411.153361201687,inf,False,True
CO2 pipeline NO09 -> NO0A-2040,CO2 pipeline,135.11010910503717,135.11010910503717,inf,False,True
CO2 pipeline PL2 -> PL5-2040,CO2 pipeline,546.2789914701291,546.2789914701291,inf,False,True
CO2 pipeline PL4 -> PL6-2040,CO2 pipeline,441.58217470846665,441.58217470846665,inf,False,True
CO2 pipeline PL4 -> PL7-2040,CO2 pipeline,1044.5981581069468,1044.5981581069468,inf,False,True
CO2 pipeline PL4 -> PL9-2040,CO2 pipeline,276.41533201060975,276.41533201060975,inf,False,True
CO2 pipeline PL7 -> PL8-2040,CO2 pipeline,296.7152110496834,296.7152110496834,inf,False,True
CO2 pipeline SE1 -> SE2-2040,CO2 pipeline,525.0882729106497,525.0882729106497,inf,False,True
PCI-13.8-01-2040,CO2 pipeline,1028.7026583405452,1028.7026583405452,inf,False,True
PCI-13.1-01-2040,CO2 pipeline,412.4163634339072,412.4163634339072,inf,False,True
PCI-13.4-01-2040,CO2 pipeline,91.62235385563882,91.62235385563882,inf,False,True
PCI-13.8-03-2040,CO2 pipeline,913.2413953074004,913.2413953074004,inf,False,True
PCI-13.4-03-2040,CO2 pipeline,1518.1241695213228,1518.1241695213228,inf,False,True
PCI-13.12-01-2040,CO2 pipeline,2574.0143136383235,2574.0143136383235,inf,False,True
PCI-13.12-02-2040,CO2 pipeline,1169.8932326544914,1169.8932326544914,inf,False,True
PCI-13.5-01-2040,CO2 pipeline,82.85049400771035,82.85049400771035,inf,False,True
PCI-13.11-2040,CO2 pipeline,23.575145667129227,23.575145667129227,inf,False,True
PCI-13.5-02-2040,CO2 pipeline,1547.9827804758213,1547.9827804758213,inf,False,True
PCI-13.1-02-2040,CO2 pipeline,961.7937529245784,961.7937529245784,inf,False,True
PCI-13.1+1-01-2040,CO2 pipeline,3550.6387663859196,3550.6387663859196,inf,False,True
PCI-13.13-2040,CO2 pipeline,3915.5532446946986,3915.5532446946986,inf,False,True
PCI-13.1+1-02-2040,CO2 pipeline,1655.328407847455,1655.328407847455,inf,False,True
H2 pipeline AL0 -> GR5-reversed-2040,H2 pipeline,56.412419898040085,56.412419898040085,inf,False,True
H2 pipeline AL0 -> ME0-reversed-2040,H2 pipeline,51.838896476496615,51.838896476496615,inf,False,True
H2 pipeline AT -> CZ0-reversed-2040,H2 pipeline,43.07490268571231,43.07490268571231,inf,False,True
H2 pipeline AT -> DE1-reversed-2040,H2 pipeline,625.1289634081062,625.1289634081062,inf,False,True
H2 pipeline AT -> SI0-reversed-2040,H2 pipeline,239.86102663917808,239.86102663917808,inf,False,True
H2 pipeline BA -> HR-reversed-2040,H2 pipeline,262.5395977938924,262.5395977938924,inf,False,True
H2 pipeline BA -> ME0-reversed-2040,H2 pipeline,202.7641710214114,202.7641710214114,inf,False,True
H2 pipeline BE1+1 -> FRE-reversed-2040,H2 pipeline,1853.7722878593515,1853.7722878593515,inf,False,True
H2 pipeline BE1+1 -> GBJ-reversed-2040,H2 pipeline,11211.801340035743,11211.801340035743,inf,False,True
H2 pipeline BE3 -> FRF-reversed-2040,H2 pipeline,871.7508675293741,871.7508675293741,inf,False,True
H2 pipeline BE3 -> LU0-reversed-2040,H2 pipeline,565.0410420538689,565.0410420538689,inf,False,True
H2 pipeline CH0 -> DE1-reversed-2040,H2 pipeline,332.6901398004903,332.6901398004903,inf,False,True
H2 pipeline CH0 -> FRF-reversed-2040,H2 pipeline,4299.277341355428,4299.277341355428,inf,False,True
H2 pipeline CH0 -> ITC-reversed-2040,H2 pipeline,4600.455413675579,4600.455413675579,inf,False,True
H2 pipeline CZ0 -> PL2-reversed-2040,H2 pipeline,79.00036320174794,79.00036320174794,inf,False,True
H2 pipeline DE4 -> DEE-reversed-2040,H2 pipeline,182.14626815987984,182.14626815987984,inf,False,True
H2 pipeline DE7 -> DEA-reversed-2040,H2 pipeline,489.20069453143793,489.20069453143793,inf,False,True
H2 pipeline DE8 -> DK0-reversed-2040,H2 pipeline,2048.106062554632,2048.106062554632,inf,False,True
H2 pipeline DE9 -> DED-reversed-2040,H2 pipeline,2419.249873010008,2419.249873010008,inf,False,True
H2 pipeline DE9 -> DEE-reversed-2040,H2 pipeline,224.61430150059059,224.61430150059059,inf,False,True
H2 pipeline DEA -> NL2-reversed-2040,H2 pipeline,7506.426870059587,7506.426870059587,inf,False,True
H2 pipeline DEB -> LU0-reversed-2040,H2 pipeline,604.7659389811062,604.7659389811062,inf,False,True
H2 pipeline DED -> PL5-reversed-2040,H2 pipeline,173.860354657815,173.860354657815,inf,False,True
H2 pipeline DK0 -> GBF-reversed-2040,H2 pipeline,1471.3819352713274,1471.3819352713274,inf,False,True
H2 pipeline DK0 -> NL1-reversed-2040,H2 pipeline,324.5182195685624,324.5182195685624,inf,False,True
H2 pipeline DK0 -> NO09-reversed-2040,H2 pipeline,572.5240529225847,572.5240529225847,inf,False,True
H2 pipeline DK0 -> SE2-reversed-2040,H2 pipeline,2566.403717643443,2566.403717643443,inf,False,True
H2 pipeline EE0 -> FI1C-reversed-2040,H2 pipeline,98.62506730400173,98.62506730400173,inf,False,True
H2 pipeline ES1 -> PT1-reversed-2040,H2 pipeline,1562.9443609101143,1562.9443609101143,inf,False,True
H2 pipeline ES2 -> FRI-reversed-2040,H2 pipeline,1368.855443137267,1368.855443137267,inf,False,True
H2 pipeline ES2 -> FRJ-reversed-2040,H2 pipeline,179.26362730121082,179.26362730121082,inf,False,True
H2 pipeline ES5 -> FRJ-reversed-2040,H2 pipeline,66.57793834805317,66.57793834805317,inf,False,True
H2 pipeline ES6 -> PT1-reversed-2040,H2 pipeline,524.5369237781904,524.5369237781904,inf,False,True
H2 pipeline FI19 -> FI1B-reversed-2040,H2 pipeline,349.0512528499538,349.0512528499538,inf,False,True
H2 pipeline FI19 -> SE1-reversed-2040,H2 pipeline,279.618250860279,279.618250860279,inf,False,True
H2 pipeline FI19 -> SE3-reversed-2040,H2 pipeline,1320.46841541453,1320.46841541453,inf,False,True
H2 pipeline FI1D -> NO07-reversed-2040,H2 pipeline,10.296082596526226,10.296082596526226,inf,False,True
H2 pipeline FR1 -> FRC-reversed-2040,H2 pipeline,2035.1442536307347,2035.1442536307347,inf,False,True
H2 pipeline FR1 -> FRD-reversed-2040,H2 pipeline,1140.8867452578563,1140.8867452578563,inf,False,True
H2 pipeline FRB -> FRG-reversed-2040,H2 pipeline,1277.5665827716398,1277.5665827716398,inf,False,True
H2 pipeline FRB -> FRK-reversed-2040,H2 pipeline,1277.4904519605768,1277.4904519605768,inf,False,True
H2 pipeline FRD -> FRE-reversed-2040,H2 pipeline,808.9830007948718,808.9830007948718,inf,False,True
H2 pipeline FRD -> FRG-reversed-2040,H2 pipeline,1802.3627552066587,1802.3627552066587,inf,False,True
H2 pipeline FRD -> GBJ-reversed-2040,H2 pipeline,2043.8962273443058,2043.8962273443058,inf,False,True
H2 pipeline FRE -> GBJ-reversed-2040,H2 pipeline,2748.783526794687,2748.783526794687,inf,False,True
H2 pipeline FRF -> LU0-reversed-2040,H2 pipeline,41.086057961488834,41.086057961488834,inf,False,True
H2 pipeline FRG -> FRH-reversed-2040,H2 pipeline,5268.474892955898,5268.474892955898,inf,False,True
H2 pipeline FRG -> FRI-reversed-2040,H2 pipeline,4240.135342760554,4240.135342760554,inf,False,True
H2 pipeline FRH -> IE0-reversed-2040,H2 pipeline,1838.6223540267245,1838.6223540267245,inf,False,True
H2 pipeline FRI -> FRJ-reversed-2040,H2 pipeline,131.16285713827367,131.16285713827367,inf,False,True
H2 pipeline FRJ -> FRL-reversed-2040,H2 pipeline,15.528926819364775,15.528926819364775,inf,False,True
H2 pipeline FRL -> ITC-reversed-2040,H2 pipeline,2632.5016098409037,2632.5016098409037,inf,False,True
H2 pipeline FRM -> ITI-reversed-2040,H2 pipeline,84.47403824665135,84.47403824665135,inf,False,True
H2 pipeline GBC -> GBD-reversed-2040,H2 pipeline,691.7399218870744,691.7399218870744,inf,False,True
H2 pipeline GBC -> GBE-reversed-2040,H2 pipeline,2613.879672479081,2613.879672479081,inf,False,True
H2 pipeline GBC -> GBM-reversed-2040,H2 pipeline,1494.8435059913907,1494.8435059913907,inf,False,True
H2 pipeline GBC -> NO0A-reversed-2040,H2 pipeline,749.251538098413,749.251538098413,inf,False,True
H2 pipeline GBD -> GBM-reversed-2040,H2 pipeline,1203.4039966554012,1203.4039966554012,inf,False,True
H2 pipeline GBE -> GBF-reversed-2040,H2 pipeline,4374.78751306436,4374.78751306436,inf,False,True
H2 pipeline GBF -> GBH-reversed-2040,H2 pipeline,1944.2283677906366,1944.2283677906366,inf,False,True
H2 pipeline GBF -> GBJ-reversed-2040,H2 pipeline,4621.193270537701,4621.193270537701,inf,False,True
H2 pipeline GBH -> GBJ-reversed-2040,H2 pipeline,2276.3893572699635,2276.3893572699635,inf,False,True
H2 pipeline GBJ -> GBK-reversed-2040,H2 pipeline,6787.122240645015,6787.122240645015,inf,False,True
H2 pipeline GBJ -> NL3-reversed-2040,H2 pipeline,122.79834948099382,122.79834948099382,inf,False,True
H2 pipeline GBK -> GBL-reversed-2040,H2 pipeline,2191.290624773422,2191.290624773422,inf,False,True
H2 pipeline GBL -> IE0-reversed-2040,H2 pipeline,1250.7607345783856,1250.7607345783856,inf,False,True
H2 pipeline GBM -> GBN-reversed-2040,H2 pipeline,1578.0920471115153,1578.0920471115153,inf,False,True
H2 pipeline GBN -> IE0-reversed-2040,H2 pipeline,2094.424222523221,2094.424222523221,inf,False,True
H2 pipeline GR5 -> ITF-reversed-2040,H2 pipeline,141.32377321999616,141.32377321999616,inf,False,True
H2 pipeline GR5 -> MK0-reversed-2040,H2 pipeline,828.3082539235097,828.3082539235097,inf,False,True
H2 pipeline HR -> SI0-reversed-2040,H2 pipeline,344.1492870368031,344.1492870368031,inf,False,True
H2 pipeline HU -> RO-reversed-2040,H2 pipeline,107.33675752349667,107.33675752349667,inf,False,True
H2 pipeline HU -> RS-reversed-2040,H2 pipeline,1109.7704670511848,1109.7704670511848,inf,False,True
H2 pipeline HU -> SK0-reversed-2040,H2 pipeline,1285.6561867822775,1285.6561867822775,inf,False,True
H2 pipeline ITC -> ITH-reversed-2040,H2 pipeline,355.45216986390676,355.45216986390676,inf,False,True
H2 pipeline ITC -> ITI-reversed-2040,H2 pipeline,4638.295985723415,4638.295985723415,inf,False,True
H2 pipeline ITF -> ME0-reversed-2040,H2 pipeline,1164.4578253844218,1164.4578253844218,inf,False,True
H2 pipeline ITG2 -> ITI-reversed-2040,H2 pipeline,1085.3987164077514,1085.3987164077514,inf,False,True
H2 pipeline ITH -> SI0-reversed-2040,H2 pipeline,158.24390228897943,158.24390228897943,inf,False,True
H2 pipeline LT0 -> PL6-reversed-2040,H2 pipeline,395.02200223109287,395.02200223109287,inf,False,True
H2 pipeline LT0 -> SE2-reversed-2040,H2 pipeline,1305.618482718255,1305.618482718255,inf,False,True
H2 pipeline ME0 -> RS-reversed-2040,H2 pipeline,758.8765418803342,758.8765418803342,inf,False,True
H2 pipeline ME0 -> XK-reversed-2040,H2 pipeline,23.02192124162591,23.02192124162591,inf,False,True
H2 pipeline MK0 -> RS-reversed-2040,H2 pipeline,749.4613215246762,749.4613215246762,inf,False,True
H2 pipeline MK0 -> XK-reversed-2040,H2 pipeline,34.52804500270559,34.52804500270559,inf,False,True
H2 pipeline NL1 -> NO09-reversed-2040,H2 pipeline,95.6868964893718,95.6868964893718,inf,False,True
H2 pipeline NL2 -> NL3-reversed-2040,H2 pipeline,5405.771442497716,5405.771442497716,inf,False,True
H2 pipeline NO02 -> NO08-reversed-2040,H2 pipeline,177.53231348130532,177.53231348130532,inf,False,True
H2 pipeline NO06 -> NO07-reversed-2040,H2 pipeline,125.53934422072338,125.53934422072338,inf,False,True
H2 pipeline NO06 -> NO0A-reversed-2040,H2 pipeline,659.8609915522644,659.8609915522644,inf,False,True
H2 pipeline NO06 -> SE3-reversed-2040,H2 pipeline,1272.1246577452519,1272.1246577452519,inf,False,True
H2 pipeline NO08 -> NO09-reversed-2040,H2 pipeline,180.66725222303162,180.66725222303162,inf,False,True
H2 pipeline NO08 -> NO0A-reversed-2040,H2 pipeline,88.39608388001434,88.39608388001434,inf,False,True
H2 pipeline NO08 -> SE2-reversed-2040,H2 pipeline,88.44384378981299,88.44384378981299,inf,False,True
H2 pipeline NO08 -> SE3-reversed-2040,H2 pipeline,181.38132186848452,181.38132186848452,inf,False,True
H2 pipeline PL2 -> PL5-reversed-2040,H2 pipeline,223.7160298027492,223.7160298027492,inf,False,True
H2 pipeline PL2 -> PL8-reversed-2040,H2 pipeline,79.0254400323253,79.0254400323253,inf,False,True
H2 pipeline PL4 -> PL5-reversed-2040,H2 pipeline,51.0967187063611,51.0967187063611,inf,False,True
H2 pipeline PL6 -> PL8-reversed-2040,H2 pipeline,46.29363054191793,46.29363054191793,inf,False,True
H2 pipeline PL6 -> SE2-reversed-2040,H2 pipeline,279.2946930247983,279.2946930247983,inf,False,True
H2 pipeline PL8 -> SK0-reversed-2040,H2 pipeline,351.61826136707236,351.61826136707236,inf,False,True
H2 pipeline RS -> XK-reversed-2040,H2 pipeline,23.00261339575669,23.00261339575669,inf,False,True
H2 pipeline SE1 -> SE2-reversed-2040,H2 pipeline,1283.8204020481935,1283.8204020481935,inf,False,True
PCI-10.1.3-reversed-2040,H2 pipeline,485.0764949025466,485.0764949025466,inf,False,True
PCI-10.1.2-reversed-2040,H2 pipeline,605.1720036408851,605.1720036408851,inf,False,True
PCI-9.5-01-reversed-2040,H2 pipeline,913.7047860144099,913.7047860144099,inf,False,True
PCI-9.5-02-reversed-2040,H2 pipeline,2578.849226292694,2578.849226292694,inf,False,True
PCI-9.4-01-reversed-2040,H2 pipeline,526.5533922103973,526.5533922103973,inf,False,True
PCI-9.5-03-reversed-2040,H2 pipeline,792.8677018100544,792.8677018100544,inf,False,True
PCI-10.2.1-reversed-2040,H2 pipeline,2241.980840877493,2241.980840877493,inf,False,True
PCI-10.4-02-reversed-2040,H2 pipeline,1100.9019337950324,1100.9019337950324,inf,False,True
PCI-9.4-03-reversed-2040,H2 pipeline,331.54896546080334,331.54896546080334,inf,False,True
PCI-9.2.1-reversed-2040,H2 pipeline,625.2715457795999,625.2715457795999,inf,False,True
PCI-9.1.6-01-reversed-2040,H2 pipeline,489.2948119023323,489.2948119023323,inf,False,True
PCI-10.2.2-01-reversed-2040,H2 pipeline,3295.4088511366162,3295.4088511366162,inf,False,True
PCI-11.2-01-reversed-2040,H2 pipeline,52.61530097849793,52.61530097849793,inf,False,True
PCI-9.9.1-reversed-2040,H2 pipeline,1257.6847814360624,1257.6847814360624,inf,False,True
PCI-9.6+1-01-reversed-2040,H2 pipeline,1912.928949451071,1912.928949451071,inf,False,True
PCI-9.7.3-reversed-2040,H2 pipeline,935.6773203529168,935.6773203529168,inf,False,True
PCI-9.1.6-02-reversed-2040,H2 pipeline,181.56100581684194,181.56100581684194,inf,False,True
PCI-9.1.6+1-02-reversed-2040,H2 pipeline,414.51901298148044,414.51901298148044,inf,False,True
PCI-9.9.2-reversed-2040,H2 pipeline,2469.935276149577,2469.935276149577,inf,False,True
PCI-11.2-02-reversed-2040,H2 pipeline,184.52617561757526,184.52617561757526,inf,False,True
PCI-11.2-03-reversed-2040,H2 pipeline,302.5713994335403,302.5713994335403,inf,False,True
PCI-9.1.3-01-reversed-2040,H2 pipeline,31.670611652379254,31.670611652379254,inf,False,True
PCI-9.1.3-03-reversed-2040,H2 pipeline,832.3395856726354,832.3395856726354,inf,False,True
PCI-9.1.3-04-reversed-2040,H2 pipeline,19.261162616576932,19.261162616576932,inf,False,True
PCI-9.1.3-05-reversed-2040,H2 pipeline,644.5635568509852,644.5635568509852,inf,False,True
PCI-9.1.2-reversed-2040,H2 pipeline,79.72770790801825,79.72770790801825,inf,False,True
PCI-11.2-04-reversed-2040,H2 pipeline,1595.7907344639204,1595.7907344639204,inf,False,True
PCI-11.3-02-reversed-2040,H2 pipeline,899.3430714989428,899.3430714989428,inf,False,True
PCI-11.1-02-reversed-2040,H2 pipeline,115.28088816892213,115.28088816892213,inf,False,True
PCI-9.3-01-reversed-2040,H2 pipeline,901.776392763038,901.776392763038,inf,False,True
PCI-9.1.5-02-reversed-2040,H2 pipeline,2035.532815764354,2035.532815764354,inf,False,True
PCI-9.3-02-reversed-2040,H2 pipeline,4016.877931103105,4016.877931103105,inf,False,True
PCI-9.1.5-03-reversed-2040,H2 pipeline,3308.922538233428,3308.922538233428,inf,False,True
PCI-10.3.1-02-reversed-2040,H2 pipeline,332.11737219173193,332.11737219173193,inf,False,True
PCI-10.3.1-03-reversed-2040,H2 pipeline,1629.2179544693815,1629.2179544693815,inf,False,True
PCI-10.1.1-01-reversed-2040,H2 pipeline,1695.5333774252395,1695.5333774252395,inf,False,True
PCI-10.1.1-02-reversed-2040,H2 pipeline,2757.0708005032616,2757.0708005032616,inf,False,True
PCI-10.1.1-03-reversed-2040,H2 pipeline,705.3210314823715,705.3210314823715,inf,False,True
PCI-11.2-06-reversed-2040,H2 pipeline,1061.8424810000918,1061.8424810000918,inf,False,True
PCI-11.2-07-reversed-2040,H2 pipeline,226.6920927037379,226.6920927037379,inf,False,True
PCI-9.6-02-reversed-2040,H2 pipeline,3389.4761952204867,3389.4761952204867,inf,False,True
PCI-9.6-03-reversed-2040,H2 pipeline,496.85128994238124,496.85128994238124,inf,False,True
PCI-9.6+1-02-reversed-2040,H2 pipeline,2706.1080125457793,2706.1080125457793,inf,False,True
PCI-11.3-05-reversed-2040,H2 pipeline,904.4281143138471,904.4281143138471,inf,False,True
BG offshore 0 co2 stored pipeline-2030,CO2 pipeline,18.26497329058204,18.26497329058204,inf,False,True
GBD offshore 0 co2 stored pipeline-2030,CO2 pipeline,195.6088527884854,195.6088527884854,inf,False,True
GBF offshore 0 co2 stored pipeline-2030,CO2 pipeline,154.109861000033,154.109861000033,inf,False,True
GBH offshore 0 co2 stored pipeline-2030,CO2 pipeline,112.6918143962664,112.6918143962664,inf,False,True
GR5 offshore 0 co2 stored pipeline-2030,CO2 pipeline,148.40196635309968,148.40196635309968,inf,False,True
NL3 offshore 0 co2 stored pipeline-2030,CO2 pipeline,44.75006323183382,44.75006323183382,inf,False,True
NL3 offshore 1 co2 stored pipeline-2030,CO2 pipeline,16.360896719847926,16.360896719847926,inf,False,True
H2 pipeline AT -> CZ0-2030,H2 pipeline,738.826126313278,738.826126313278,inf,False,True
H2 pipeline AT -> SI0-2030,H2 pipeline,332.2110668597933,332.2110668597933,inf,False,True
H2 pipeline BE1+1 -> GBJ-2030,H2 pipeline,2404.811791690468,2404.811791690468,inf,False,True
H2 pipeline BG -> RS-2030,H2 pipeline,183.76055794839345,183.76055794839345,inf,False,True
H2 pipeline CH0 -> FRF-2030,H2 pipeline,21.869113599895,21.869113599895,inf,False,True
H2 pipeline CH0 -> ITC-2030,H2 pipeline,17.985114287452273,17.985114287452273,inf,False,True
H2 pipeline DE8 -> DK0-2030,H2 pipeline,2164.8362378958127,2164.8362378958127,inf,False,True
H2 pipeline DEA -> DEF-2030,H2 pipeline,89.03086256810957,89.03086256810957,inf,False,True
H2 pipeline DEA -> NL2-2030,H2 pipeline,1104.241744126993,1104.241744126993,inf,False,True
H2 pipeline DK0 -> NL1-2030,H2 pipeline,503.66187261835006,503.66187261835006,inf,False,True
H2 pipeline DK0 -> SE2-2030,H2 pipeline,2425.0353528306364,2425.0353528306364,inf,False,True
H2 pipeline ES1 -> PT1-2030,H2 pipeline,108.45144561627237,108.45144561627237,inf,False,True
H2 pipeline ES6 -> PT1-2030,H2 pipeline,110.71580843495563,110.71580843495563,inf,False,True
H2 pipeline FRB -> FRG-2030,H2 pipeline,415.818884783568,415.818884783568,inf,False,True
H2 pipeline FRB -> FRK-2030,H2 pipeline,415.7666003646313,415.7666003646313,inf,False,True
H2 pipeline FRD -> FRH-2030,H2 pipeline,470.99076734528734,470.99076734528734,inf,False,True
H2 pipeline FRE -> GBJ-2030,H2 pipeline,2804.9156701630177,2804.9156701630177,inf,False,True
H2 pipeline FRG -> FRH-2030,H2 pipeline,415.89721684136964,415.89721684136964,inf,False,True
H2 pipeline FRK -> ITC-2030,H2 pipeline,225.57495797423178,225.57495797423178,inf,False,True
H2 pipeline FRL -> ITC-2030,H2 pipeline,151.7850066519091,151.7850066519091,inf,False,True
H2 pipeline GBC -> GBD-2030,H2 pipeline,204.53809408792165,204.53809408792165,inf,False,True
H2 pipeline GBD -> GBE-2030,H2 pipeline,20.17770673214346,20.17770673214346,inf,False,True
H2 pipeline GBD -> GBG-2030,H2 pipeline,71.09851261349169,71.09851261349169,inf,False,True
H2 pipeline GBD -> GBM-2030,H2 pipeline,336.80891685757246,336.80891685757246,inf,False,True
H2 pipeline GBE -> GBF-2030,H2 pipeline,17.266127652363927,17.266127652363927,inf,False,True
H2 pipeline GBF -> GBJ-2030,H2 pipeline,15.11834904635804,15.11834904635804,inf,False,True
H2 pipeline GBG -> GBK-2030,H2 pipeline,70.474213226878,70.474213226878,inf,False,True
H2 pipeline GBJ -> GBK-2030,H2 pipeline,5545.93392817214,5545.93392817214,inf,False,True
H2 pipeline GBJ -> NL3-2030,H2 pipeline,353.0606189854038,353.0606189854038,inf,False,True
H2 pipeline GR5 -> MK0-2030,H2 pipeline,87.87116294730404,87.87116294730404,inf,False,True
H2 pipeline HR -> SI0-2030,H2 pipeline,332.20046817928693,332.20046817928693,inf,False,True
H2 pipeline HU -> RO-2030,H2 pipeline,404.1442532908022,404.1442532908022,inf,False,True
H2 pipeline HU -> RS-2030,H2 pipeline,291.0474732192677,291.0474732192677,inf,False,True
H2 pipeline HU -> SK0-2030,H2 pipeline,1006.8336729373586,1006.8336729373586,inf,False,True
H2 pipeline ITC -> ITH-2030,H2 pipeline,374.3968746377744,374.3968746377744,inf,False,True
H2 pipeline LT0 -> SE2-2030,H2 pipeline,710.3823711431673,710.3823711431673,inf,False,True
H2 pipeline MK0 -> RS-2030,H2 pipeline,93.3508972790466,93.3508972790466,inf,False,True
H2 pipeline NL2 -> NL3-2030,H2 pipeline,1348.1253169578663,1348.1253169578663,inf,False,True
H2 pipeline PL2 -> PL5-2030,H2 pipeline,41.07386937995035,41.07386937995035,inf,False,True
H2 pipeline PL4 -> PL5-2030,H2 pipeline,38.745273211250655,38.745273211250655,inf,False,True
H2 pipeline PL6 -> PL8-2030,H2 pipeline,1145.9179241963577,1145.9179241963577,inf,False,True
H2 pipeline PL6 -> SE2-2030,H2 pipeline,1719.0836683447926,1719.0836683447926,inf,False,True
PCI-10.1.3-2030,H2 pipeline,11.222453347248178,11.222453347248178,inf,False,True
PCI-9.5-01-2030,H2 pipeline,267.25706365809356,267.25706365809356,inf,False,True
PCI-9.5-02-2030,H2 pipeline,27.17710312604703,27.17710312604703,inf,False,True
PCI-10.2.1-2030,H2 pipeline,2137.233765551231,2137.233765551231,inf,False,True
PCI-10.4-02-2030,H2 pipeline,1377.8390638727822,1377.8390638727822,inf,False,True
PCI-10.2.2-01-2030,H2 pipeline,2165.9408223305463,2165.9408223305463,inf,False,True
PCI-10.2.2-02-2030,H2 pipeline,2122.421697223462,2122.421697223462,inf,False,True
PCI-11.2-01-2030,H2 pipeline,37.78588496829114,37.78588496829114,inf,False,True
PCI-9.9.1-2030,H2 pipeline,37.944621143713306,37.944621143713306,inf,False,True
PCI-9.4+1-2030,H2 pipeline,588.1031717215799,588.1031717215799,inf,False,True
PCI-9.7.3-2030,H2 pipeline,26.966725814869488,26.966725814869488,inf,False,True
PCI-9.1.6-02-2030,H2 pipeline,34.289508846902066,34.289508846902066,inf,False,True
PCI-9.1.6+1-02-2030,H2 pipeline,17.154786601557095,17.154786601557095,inf,False,True
PCI-9.9.2-2030,H2 pipeline,622.1864825071018,622.1864825071018,inf,False,True
PCI-11.2-02-2030,H2 pipeline,19.24254925706964,19.24254925706964,inf,False,True
PCI-9.1.3-02-2030,H2 pipeline,242.59637496567527,242.59637496567527,inf,False,True
PCI-9.1.5-03-2030,H2 pipeline,198.6793481203077,198.6793481203077,inf,False,True
PCI-10.1.1-01-2030,H2 pipeline,19.404296625371156,19.404296625371156,inf,False,True
PCI-10.1.1-02-2030,H2 pipeline,15.994765339691954,15.994765339691954,inf,False,True
PCI-9.6-02-2030,H2 pipeline,2752.8562284881596,2752.8562284881596,inf,False,True
PCI-9.6-03-2030,H2 pipeline,374.9316331867545,374.9316331867545,inf,False,True
CO2 pipeline AL0 -> GR5-2030,CO2 pipeline,10.090603860867258,10.090603860867258,inf,False,True
CO2 pipeline BE3 -> DEA-2030,CO2 pipeline,131.4418786804062,131.4418786804062,inf,False,True
CO2 pipeline DE4 -> DE8-2030,CO2 pipeline,323.65072861669313,323.65072861669313,inf,False,True
CO2 pipeline DE4 -> PL4-2030,CO2 pipeline,57.029490060144155,57.029490060144155,inf,False,True
CO2 pipeline DE7 -> DE9-2030,CO2 pipeline,51.59431932918383,51.59431932918383,inf,False,True
CO2 pipeline DE8 -> DEF-2030,CO2 pipeline,360.7906334679936,360.7906334679936,inf,False,True
CO2 pipeline DE9 -> DEA-2030,CO2 pipeline,2183.6877697079844,2183.6877697079844,inf,False,True
CO2 pipeline DE9 -> DED-2030,CO2 pipeline,61.260317732293835,61.260317732293835,inf,False,True
CO2 pipeline DEB -> DEC-2030,CO2 pipeline,74.52332056682054,74.52332056682054,inf,False,True
CO2 pipeline DEE -> DEG-2030,CO2 pipeline,82.67275220122664,82.67275220122664,inf,False,True
CO2 pipeline DK0 -> SE2-2030,CO2 pipeline,140.6448922909035,140.6448922909035,inf,False,True
CO2 pipeline EE0 -> FI1C-2030,CO2 pipeline,27.220043716470244,27.220043716470244,inf,False,True
CO2 pipeline FI19 -> FI1B-2030,CO2 pipeline,44.7768014758713,44.7768014758713,inf,False,True
CO2 pipeline FI19 -> FI1C-2030,CO2 pipeline,77.22402632946819,77.22402632946819,inf,False,True
CO2 pipeline FR1 -> FRD-2030,CO2 pipeline,82.27705584552939,82.27705584552939,inf,False,True
CO2 pipeline FRB -> FRC-2030,CO2 pipeline,45.42010730195732,45.42010730195732,inf,False,True
CO2 pipeline FRB -> FRG-2030,CO2 pipeline,102.57991195568073,102.57991195568073,inf,False,True
CO2 pipeline FRD -> FRH-2030,CO2 pipeline,349.501158725732,349.501158725732,inf,False,True
CO2 pipeline FRG -> FRH-2030,CO2 pipeline,345.0242671862386,345.0242671862386,inf,False,True
CO2 pipeline FRG -> FRI-2030,CO2 pipeline,60.91595992378147,60.91595992378147,inf,False,True
CO2 pipeline GBC -> GBD-2030,CO2 pipeline,38.29554021454708,38.29554021454708,inf,False,True
CO2 pipeline GBC -> GBE-2030,CO2 pipeline,119.36237592832993,119.36237592832993,inf,False,True
CO2 pipeline GBD -> GBM-2030,CO2 pipeline,77.87296571116734,77.87296571116734,inf,False,True
CO2 pipeline GBF -> GBJ-2030,CO2 pipeline,29.24778648079347,29.24778648079347,inf,False,True
CO2 pipeline GBG -> GBL-2030,CO2 pipeline,109.89347031419373,109.89347031419373,inf,False,True
CO2 pipeline GBK -> GBL-2030,CO2 pipeline,83.90162182872609,83.90162182872609,inf,False,True
CO2 pipeline GBN -> IE0-2030,CO2 pipeline,18.486535870550693,18.486535870550693,inf,False,True
CO2 pipeline GR4+1 -> GR5-2030,CO2 pipeline,339.90714091702387,339.90714091702387,inf,False,True
CO2 pipeline GR5 -> MK0-2030,CO2 pipeline,75.04172104632052,75.04172104632052,inf,False,True
CO2 pipeline MK0 -> XK-2030,CO2 pipeline,23.08163103095542,23.08163103095542,inf,False,True
CO2 pipeline NL2 -> NL4-2030,CO2 pipeline,39.68939401255217,39.68939401255217,inf,False,True
CO2 pipeline NO02 -> NO08-2030,CO2 pipeline,46.15392348381302,46.15392348381302,inf,False,True
CO2 pipeline NO06 -> SE3-2030,CO2 pipeline,73.06198448441025,73.06198448441025,inf,False,True
CO2 pipeline NO08 -> NO0A-2030,CO2 pipeline,175.95060316934234,175.95060316934234,inf,False,True
CO2 pipeline NO09 -> NO0A-2030,CO2 pipeline,186.62568951366902,186.62568951366902,inf,False,True
PCI-13.8-01-2030,CO2 pipeline,244.91695692020832,244.91695692020832,inf,False,True
PCI-13.1-01-2030,CO2 pipeline,423.94194238569185,423.94194238569185,inf,False,True
PCI-13.4-01-2030,CO2 pipeline,140.46762931108134,140.46762931108134,inf,False,True
PCI-13.4-02-2030,CO2 pipeline,3111.796728454865,3111.796728454865,inf,False,True
PCI-13.8-03-2030,CO2 pipeline,285.3880916955921,285.3880916955921,inf,False,True
PCI-13.7-2030,CO2 pipeline,242.56467583411347,242.56467583411347,inf,False,True
PCI-13.4-03-2030,CO2 pipeline,3684.356831664652,3684.356831664652,inf,False,True
PCI-13.12-02-2030,CO2 pipeline,127.3451592491448,127.3451592491448,inf,False,True
PCI-13.11-2030,CO2 pipeline,15.983715959841625,15.983715959841625,inf,False,True
PCI-13.5-02-2030,CO2 pipeline,228.3111006260262,228.3111006260262,inf,False,True
PCI-13.1-02-2030,CO2 pipeline,197.75542064753338,197.75542064753338,inf,False,True
PCI-13.1+1-01-2030,CO2 pipeline,1141.5786191029633,1141.5786191029633,inf,False,True
PCI-13.1+1-02-2030,CO2 pipeline,856.1650779007741,856.1650779007741,inf,False,True
H2 pipeline AT -> CZ0-reversed-2030,H2 pipeline,738.826126313278,738.826126313278,inf,False,True
H2 pipeline AT -> SI0-reversed-2030,H2 pipeline,332.2110668597933,332.2110668597933,inf,False,True
H2 pipeline BE1+1 -> GBJ-reversed-2030,H2 pipeline,2404.811791690468,2404.811791690468,inf,False,True
H2 pipeline BG -> RS-reversed-2030,H2 pipeline,183.76055794839345,183.76055794839345,inf,False,True
H2 pipeline CH0 -> FRF-reversed-2030,H2 pipeline,21.869113599895,21.869113599895,inf,False,True
H2 pipeline CH0 -> ITC-reversed-2030,H2 pipeline,17.985114287452273,17.985114287452273,inf,False,True
H2 pipeline DE8 -> DK0-reversed-2030,H2 pipeline,2164.8362378958127,2164.8362378958127,inf,False,True
H2 pipeline DEA -> DEF-reversed-2030,H2 pipeline,89.03086256810957,89.03086256810957,inf,False,True
H2 pipeline DEA -> NL2-reversed-2030,H2 pipeline,1104.241744126993,1104.241744126993,inf,False,True
H2 pipeline DK0 -> NL1-reversed-2030,H2 pipeline,503.66187261835006,503.66187261835006,inf,False,True
H2 pipeline DK0 -> SE2-reversed-2030,H2 pipeline,2425.0353528306364,2425.0353528306364,inf,False,True
H2 pipeline ES1 -> PT1-reversed-2030,H2 pipeline,108.45144561627237,108.45144561627237,inf,False,True
H2 pipeline ES6 -> PT1-reversed-2030,H2 pipeline,110.71580843495563,110.71580843495563,inf,False,True
H2 pipeline FRB -> FRG-reversed-2030,H2 pipeline,415.818884783568,415.818884783568,inf,False,True
H2 pipeline FRB -> FRK-reversed-2030,H2 pipeline,415.7666003646313,415.7666003646313,inf,False,True
H2 pipeline FRD -> FRH-reversed-2030,H2 pipeline,470.99076734528734,470.99076734528734,inf,False,True
H2 pipeline FRE -> GBJ-reversed-2030,H2 pipeline,2804.9156701630177,2804.9156701630177,inf,False,True
H2 pipeline FRG -> FRH-reversed-2030,H2 pipeline,415.89721684136964,415.89721684136964,inf,False,True
H2 pipeline FRK -> ITC-reversed-2030,H2 pipeline,225.57495797423178,225.57495797423178,inf,False,True
H2 pipeline FRL -> ITC-reversed-2030,H2 pipeline,151.7850066519091,151.7850066519091,inf,False,True
H2 pipeline GBC -> GBD-reversed-2030,H2 pipeline,204.53809408792165,204.53809408792165,inf,False,True
H2 pipeline GBD -> GBE-reversed-2030,H2 pipeline,20.17770673214346,20.17770673214346,inf,False,True
H2 pipeline GBD -> GBG-reversed-2030,H2 pipeline,71.09851261349169,71.09851261349169,inf,False,True
H2 pipeline GBD -> GBM-reversed-2030,H2 pipeline,336.80891685757246,336.80891685757246,inf,False,True
H2 pipeline GBE -> GBF-reversed-2030,H2 pipeline,17.266127652363927,17.266127652363927,inf,False,True
H2 pipeline GBF -> GBJ-reversed-2030,H2 pipeline,15.11834904635804,15.11834904635804,inf,False,True
H2 pipeline GBG -> GBK-reversed-2030,H2 pipeline,70.474213226878,70.474213226878,inf,False,True
H2 pipeline GBJ -> GBK-reversed-2030,H2 pipeline,5545.93392817214,5545.93392817214,inf,False,True
H2 pipeline GBJ -> NL3-reversed-2030,H2 pipeline,353.0606189854038,353.0606189854038,inf,False,True
H2 pipeline GR5 -> MK0-reversed-2030,H2 pipeline,87.87116294730404,87.87116294730404,inf,False,True
H2 pipeline HR -> SI0-reversed-2030,H2 pipeline,332.20046817928693,332.20046817928693,inf,False,True
H2 pipeline HU -> RO-reversed-2030,H2 pipeline,404.1442532908022,404.1442532908022,inf,False,True
H2 pipeline HU -> RS-reversed-2030,H2 pipeline,291.0474732192677,291.0474732192677,inf,False,True
H2 pipeline HU -> SK0-reversed-2030,H2 pipeline,1006.8336729373586,1006.8336729373586,inf,False,True
H2 pipeline ITC -> ITH-reversed-2030,H2 pipeline,374.3968746377744,374.3968746377744,inf,False,True
H2 pipeline LT0 -> SE2-reversed-2030,H2 pipeline,710.3823711431673,710.3823711431673,inf,False,True
H2 pipeline MK0 -> RS-reversed-2030,H2 pipeline,93.3508972790466,93.3508972790466,inf,False,True
H2 pipeline NL2 -> NL3-reversed-2030,H2 pipeline,1348.1253169578663,1348.1253169578663,inf,False,True
H2 pipeline PL2 -> PL5-reversed-2030,H2 pipeline,41.07386937995035,41.07386937995035,inf,False,True
H2 pipeline PL4 -> PL5-reversed-2030,H2 pipeline,38.745273211250655,38.745273211250655,inf,False,True
H2 pipeline PL6 -> PL8-reversed-2030,H2 pipeline,1145.9179241963577,1145.9179241963577,inf,False,True
H2 pipeline PL6 -> SE2-reversed-2030,H2 pipeline,1719.0836683447926,1719.0836683447926,inf,False,True
PCI-10.1.3-reversed-2030,H2 pipeline,11.222453347248178,11.222453347248178,inf,False,True
PCI-9.5-01-reversed-2030,H2 pipeline,267.25706365809356,267.25706365809356,inf,False,True
PCI-9.5-02-reversed-2030,H2 pipeline,27.17710312604703,27.17710312604703,inf,False,True
PCI-10.2.1-reversed-2030,H2 pipeline,2137.233765551231,2137.233765551231,inf,False,True
PCI-10.4-02-reversed-2030,H2 pipeline,1377.8390638727822,1377.8390638727822,inf,False,True
PCI-10.2.2-01-reversed-2030,H2 pipeline,2165.9408223305463,2165.9408223305463,inf,False,True
PCI-10.2.2-02-reversed-2030,H2 pipeline,2122.421697223462,2122.421697223462,inf,False,True
PCI-11.2-01-reversed-2030,H2 pipeline,37.78588496829114,37.78588496829114,inf,False,True
PCI-9.9.1-reversed-2030,H2 pipeline,37.944621143713306,37.944621143713306,inf,False,True
PCI-9.4+1-reversed-2030,H2 pipeline,588.1031717215799,588.1031717215799,inf,False,True
PCI-9.7.3-reversed-2030,H2 pipeline,26.966725814869488,26.966725814869488,inf,False,True
PCI-9.1.6-02-reversed-2030,H2 pipeline,34.289508846902066,34.289508846902066,inf,False,True
PCI-9.1.6+1-02-reversed-2030,H2 pipeline,17.154786601557095,17.154786601557095,inf,False,True
PCI-9.9.2-reversed-2030,H2 pipeline,622.1864825071018,622.1864825071018,inf,False,True
PCI-11.2-02-reversed-2030,H2 pipeline,19.24254925706964,19.24254925706964,inf,False,True
PCI-9.1.3-02-reversed-2030,H2 pipeline,242.59637496567527,242.59637496567527,inf,False,True
PCI-9.1.5-03-reversed-2030,H2 pipeline,198.6793481203077,198.6793481203077,inf,False,True
PCI-10.1.1-01-reversed-2030,H2 pipeline,19.404296625371156,19.404296625371156,inf,False,True
PCI-10.1.1-02-reversed-2030,H2 pipeline,15.994765339691954,15.994765339691954,inf,False,True
PCI-9.6-02-reversed-2030,H2 pipeline,2752.8562284881596,2752.8562284881596,inf,False,True
PCI-9.6-03-reversed-2030,H2 pipeline,374.9316331867545,374.9316331867545,inf,False,True
